no_of_face,face_x,face_y,face_w,face_h,face_con,no_of_hand,pose,pose_x,pose_y,phone,phone_x,phone_y,phone_w,phone_h,phone_con,label
1,256.6436577,144.1636634,169.071331,169.0666008,88.81331682,0,down,-11.56969777,-1.612015379,0,0,0,0,0,0,1
1,252.9670143,137.8716588,163.1315422,163.1269741,86.70405746,0,down,-15,10,0,0,0,0,0,0,1
1,254.4167709,134.4279503,155.1473618,155.1458359,88.40879202,0,down,-12.70595318,0.082977691,0,0,0,0,0,0,1
2,256.3155174,246.1997628,141.2270546,141.2272167,89.27949071,2,right,32.5856814,36.5727997,1,117,137,276,421,0.866140246,1
1,293.0001259,285.8595634,197.0115089,196.9986534,80.87230921,2,forward,-4.013084616,-9.905691726,0,0,0,0,0,0,1
1,430.2416229,177.8934192,126.7193985,126.7188835,68.32924485,0,forward,6.472188586,4.480844583,0,0,0,0,0,0,0
1,307.5291252,210.028131,162.7275658,162.72686,88.88115883,0,left,3.737665054,-14.4323517,0,0,0,0,0,0,1
1,364.7952652,272.8007674,163.4613037,163.4574223,90.32462835,0,down,-15,10,0,0,0,0,0,0,1
1,376.3352585,274.3850875,164.5324326,164.5310211,91.50939584,0,down,-15,10,0,0,0,0,0,0,1
1,367.1687698,270.843184,150.267334,150.2670193,82.09765553,0,down,-15,10,0,0,0,0,0,0,1
1,327.514801,227.4041676,168.290863,168.2875729,91.01359248,0,left,13.90379033,-27.12875354,0,0,0,0,0,0,1
1,322.5762558,314.3186641,185.6764221,185.6692028,87.31675744,2,forward,-0.700951355,-9.837588981,0,0,0,0,0,0,1
1,322.6099777,315.6462693,193.6331177,193.6261368,80.22138476,2,forward,-2.126402533,-9.712233851,0,0,0,0,0,0,1
1,197.2052765,94.1130281,147.0975113,147.0976067,94.23794746,0,left,5.340034749,-18.59286323,0,0,0,0,0,0,1
1,181.299572,73.8530326,148.477993,148.4781361,95.2962935,0,left,6.655425593,-12.46533822,0,0,0,0,0,0,1
1,201.6297913,100.5631614,150.5878067,150.588026,91.09025598,0,down,-15,10,0,0,0,0,0,0,1
1,326.690712,350.449555,192.7589035,192.7468872,78.75605822,1,forward,-1.95228553,-9.530385314,0,0,0,0,0,0,1
0,0,0,0,0,0,0,forward,20.49363552,5.990960639,0,0,0,0,0,0,1
1,267.7589798,212.6397061,177.611084,177.6039791,90.2556181,0,forward,-7.314136672,-9.482076378,0,0,0,0,0,0,1
1,234.0969849,227.1965218,130.7591629,130.7595634,97.24322557,0,forward,19.61833564,13.21511495,1,211,345,353,479,0.848811209,1
0,0,0,0,0,0,0,forward,-1.172964532,-9.456637366,0,0,0,0,0,0,1
1,319.0962601,313.9785838,186.2440109,186.2371731,90.63378572,2,forward,-2.659787427,-9.413823296,0,0,0,0,0,0,1
1,251.5807533,195.3240108,108.7462425,108.7463093,83.08486938,1,forward,17.70262847,10.65835316,1,164,216,269,353,0.809066176,1
1,267.9320908,134.564991,214.0361023,214.0195942,73.80071282,1,down,-15,10,1,152,286,308,480,0.776727438,1
1,280.0128174,139.9908924,213.6531448,213.6325836,78.39295268,1,down,-10.97022448,-1.647082249,1,155,286,306,480,0.855212212,1
1,267.7397156,114.9438954,238.8236237,238.8015747,67.8104341,1,down,-12.32019182,-4.586645422,1,162,286,306,480,0.880103588,1
1,418.1622696,291.1026764,136.7992401,136.7997265,93.59384179,0,forward,11.79147604,14.52269313,0,0,0,0,0,0,1
0,0,0,0,0,0,0,forward,16.3483729,11.28469354,0,0,0,0,0,0,1
1,284.3384552,284.3156314,197.2534943,197.2411823,74.74665642,1,forward,-0.537813287,-9.36070509,0,0,0,0,0,0,1
1,254.6493912,214.3029094,167.1203232,167.1156979,86.89900041,0,forward,-6.456561553,-9.357398079,0,0,0,0,0,0,1
1,250.229702,211.3710308,115.3806114,115.3808784,88.02418709,1,forward,15.78382922,10.61357398,1,162,217,263,345,0.822731078,1
1,302.6999664,279.5983577,183.5758209,183.5680676,89.27946091,1,forward,-2.376159123,-9.340425165,0,0,0,0,0,0,1
1,268.6313057,155.2046418,158.2446098,158.2376575,73.00756574,0,down,-15,10,0,0,0,0,0,0,1
1,297.7126122,322.6682139,188.6251259,188.6130667,85.96873283,1,forward,-0.736999057,-9.189936622,0,0,0,0,0,0,1
1,365.0859451,267.6816845,150.2278519,150.2280235,96.51893973,0,forward,2.679743493,-7.07898019,0,0,0,0,0,0,0
1,184.5860481,176.082201,202.2384453,202.1914673,56.78470135,0,forward,14.6013296,13.77556959,1,0,250,106,479,0.832020044,1
1,258.2159042,209.7706604,115.5056763,115.5060196,74.3239522,1,forward,14.56774978,8.079802633,0,0,0,0,0,0,0
0,0,0,0,0,0,0,forward,14.51613441,13.84048747,0,0,0,0,0,0,1
1,344.342308,229.2509365,161.774025,161.7737961,91.95827842,0,forward,10.71470616,-9.522123391,0,0,0,0,0,0,0
1,181.3764763,253.024292,125.9025574,125.9022617,53.19463015,0,forward,14.26983819,13.65221808,1,0,256,140,468,0.807937622,1
1,343.6001587,269.0542316,131.1014938,131.101799,81.53139353,0,forward,9.872649832,5.528952647,0,0,0,0,0,0,0
1,343.4912872,262.0362568,133.2242203,133.2244492,96.7594862,0,forward,10.01896082,-1.234957631,0,0,0,0,0,0,0
0,0,0,0,0,0,0,forward,13.7154801,-3.645336857,0,0,0,0,0,0,1
1,338.4870148,270.9828186,123.442955,123.4430408,81.6203773,0,forward,10.41519482,4.089196399,0,0,0,0,0,0,0
1,238.6629295,269.8248196,117.927494,117.9276466,94.34410334,0,forward,13.63007493,14.07379248,1,239,404,338,480,0.802717865,1
1,333.0822754,228.8503647,166.544075,166.5437222,94.1108346,0,forward,10.59661534,-9.703654138,0,0,0,0,0,0,0
1,332.5597382,284.3692875,152.4587631,152.4586487,90.20035863,0,forward,4.176591413,-7.036195922,0,0,0,0,0,0,0
0,0,0,0,0,0,0,forward,13.27032313,13.31317141,1,0,252,110,476,0.836049378,1
1,332.4367523,273.2405949,124.3932724,124.3932152,81.65900111,0,forward,9.793408358,6.172612752,0,0,0,0,0,0,0
1,329.2383957,287.6562881,159.3953323,159.3952847,90.82351327,0,forward,0.790961379,-4.333324103,0,0,0,0,0,0,0
1,205.1424789,238.711853,147.4251175,147.4252224,81.37118816,0,forward,12.91022866,11.74466486,1,0,233,103,480,0.692493856,1
1,324.6817398,281.3737392,123.3072281,123.3069992,78.39234471,0,forward,7.656940801,10.60734347,0,0,0,0,0,0,0
1,323.9847183,273.8921356,146.1661148,146.166029,91.43375158,0,forward,22.82878243,6.556693965,0,0,0,0,0,0,1
1,155.2166367,185.0780702,364.3220901,364.296484,69.42127943,1,down,-15,10,0,0,0,0,0,0,1
1,251.9701576,204.2641354,117.1013832,117.1017551,85.34634709,1,forward,12.51063934,14.4510946,1,160,214,265,351,0.743574739,1
1,292.0257378,312.5031567,143.0737877,143.0739212,75.21107793,0,forward,-2.161615754,-9.177810425,0,0,0,0,0,0,1
1,236.1136818,270.7981968,127.0203972,127.0204067,96.47610784,0,forward,12.47738661,14.54167366,1,228,410,328,480,0.861559272,1
1,187.3611259,175.7660365,334.9291229,334.8787022,54.29729819,1,down,-15,10,0,0,0,0,0,0,1
1,163.5186577,139.0989185,335.2516174,335.2109241,68.63851547,1,down,-15,10,0,0,0,0,0,0,1
1,171.5332794,134.5431924,316.3515472,316.2999058,64.12614584,1,down,-15,10,0,0,0,0,0,0,1
1,176.4147377,178.0711484,331.5797424,331.5336227,67.20285416,1,down,-15,10,0,0,0,0,0,0,1
1,181.8730927,151.8221736,312.2441101,312.1952534,68.83267164,1,down,-15,10,0,0,0,0,0,0,1
1,205.099926,229.2937374,147.8092003,147.8092289,88.50951791,0,forward,12.40536546,11.17423509,1,0,241,150,476,0.67837429,1
1,205.9039307,161.7391992,254.4342041,254.4044209,55.94104528,1,down,-15,10,0,0,0,0,0,0,1
2,259.5446777,214.4078278,143.4070587,143.4058857,57.79474378,2,down,-15,10,0,0,0,0,0,0,1
1,260.5078697,241.5202689,176.2445641,176.237011,73.51412177,1,down,-10.65913986,-1.96133311,0,0,0,0,0,0,1
1,259.9161148,250.7801604,164.3437195,164.3427658,80.38823009,1,down,-15,10,0,0,0,0,0,0,1
0,0,0,0,0,0,1,down,-15,10,0,0,0,0,0,0,1
1,245.1273918,255.5940652,129.4483757,129.4482136,94.42943931,1,forward,12.35131681,0.273356305,0,0,0,0,0,0,0
1,303.4313965,219.0210342,131.0981369,131.09828,94.19787526,1,forward,12.28989199,-6.377677054,1,404,298,524,443,0.823889077,1
1,215.0533867,224.9157548,159.5070076,159.5067787,89.23007846,2,left,-1.835156193,-14.39331441,0,0,0,0,0,0,1
1,231.0437775,240.553453,158.9748001,158.9746284,88.58228922,2,right,3.46654195,16.29883955,0,0,0,0,0,0,1
1,318.8097382,279.8734188,128.0896759,128.0894852,66.95125699,0,forward,7.847823598,14.35077289,0,0,0,0,0,0,1
1,282.2234917,250.3390718,155.4628944,155.4607201,67.77986288,2,down,-15,10,0,0,0,0,0,0,1
1,279.3572044,232.5339102,146.1863899,146.1847687,67.62198806,2,down,-15,10,0,0,0,0,0,0,1
1,192.3815727,157.1916842,320.6093597,320.5778503,68.15600991,2,down,-15,10,0,0,0,0,0,0,1
1,185.2237511,162.9744339,324.3356323,324.2854786,58.88078809,2,down,-15,10,0,0,0,0,0,0,1
1,280.1866531,239.2569518,157.8289795,157.8267002,65.36955237,2,down,-15,10,0,0,0,0,0,0,1
1,274.5193291,262.1875763,174.5670891,174.5625687,87.28123903,2,down,-15,10,0,0,0,0,0,0,1
1,255.1047325,210.6959152,125.6150627,125.6154156,92.35388637,0,forward,12.1892916,14.06563087,1,118,298,244,479,0.917952776,1
1,316.2619781,278.9557171,157.6478958,157.6480293,91.77173972,0,forward,7.018687925,13.15907388,0,0,0,0,0,0,1
1,210.1402664,159.4880366,282.4269867,282.3929214,54.47550416,2,down,-15,10,0,0,0,0,0,0,1
1,189.7109222,144.8654532,311.1946487,311.1499786,71.15486264,2,down,-14.47009224,-2.491296317,0,0,0,0,0,0,1
2,186.8319511,138.6903834,321.6651917,321.6530514,59.15650725,2,down,-14.25643137,-1.698444898,0,0,0,0,0,0,1
1,219.678154,186.6606832,305.378952,305.3353214,52.6348114,2,down,-15,10,0,0,0,0,0,0,1
1,191.5208435,155.2208495,308.4077835,308.3629417,63.0456686,2,down,-15,10,0,0,0,0,0,0,1
1,281.3128281,270.1898861,176.0906601,176.0850334,82.06927776,2,left,-5.746798121,-10.3785657,0,0,0,0,0,0,1
1,338.6128616,328.1070065,162.7495956,162.7482319,72.66611457,2,down,-15,10,0,0,0,0,0,0,1
1,359.9925232,340.9332252,155.38517,155.3845596,78.23076248,2,down,-15,10,0,0,0,0,0,0,1
1,337.5178146,328.4551239,170.0548553,170.0494194,70.28627992,2,down,-15,10,0,0,0,0,0,0,1
1,303.1140518,296.0889888,166.0990524,166.0985184,79.50659394,2,left,-0.334646946,-15.83660518,0,0,0,0,0,0,1
1,315.2159691,337.0993149,155.0726891,155.0725222,86.14897132,0,forward,0.435977839,-2.399024749,0,0,0,0,0,0,0
1,185.5719376,168.5581279,143.3369064,143.3369637,89.18699622,2,right,6.120797837,18.72669044,0,0,0,0,0,0,1
1,303.3209801,307.7038193,125.7135963,125.7136059,87.22462058,1,forward,11.97566762,1.056632587,0,0,0,0,0,0,0
1,314.7139359,304.0927792,131.2174606,131.2173843,74.92681742,0,forward,3.068930333,-9.59642869,0,0,0,0,0,0,0
1,245.4751778,284.4878543,188.1789207,188.1721687,65.93332291,2,down,-15,10,0,0,0,0,0,0,1
1,254.6940231,295.1191973,187.5182343,187.5105858,75.97158551,2,down,-15,10,0,0,0,0,0,0,1
1,238.4658623,271.7695391,164.4348717,164.4346333,77.98554301,1,down,-15,10,0,0,0,0,0,0,1
1,251.1568069,275.33082,176.8806458,176.880455,71.17130756,1,down,-15,10,0,0,0,0,0,0,1
1,247.1766853,270.588994,171.3249779,171.3245058,65.70802927,1,down,-15,10,0,0,0,0,0,0,1
1,314.4485092,279.3754292,160.5695343,160.5695915,92.34842062,0,forward,5.804167864,2.803790849,0,0,0,0,0,0,0
1,314.1122246,277.5123882,159.872036,159.8720169,87.59086728,0,forward,8.622726804,-9.877382882,0,0,0,0,0,0,0
1,268.2861328,274.5624018,171.071434,171.0712767,76.14126205,2,down,-15,10,0,0,0,0,0,0,1
1,274.919014,276.7145992,161.3376617,161.337347,66.35481715,2,down,-15,10,0,0,0,0,0,0,1
1,270.319767,274.9656892,164.1430855,164.1428375,81.64463043,2,down,-15,10,0,0,0,0,0,0,1
1,287.9247284,321.081903,181.9703674,181.9634628,81.04378581,2,down,-15,10,0,0,0,0,0,0,1
1,38.43805313,22.20424414,359.6504211,359.5902443,51.98383927,1,down,-15,10,0,0,0,0,0,0,1
1,178.5900497,217.9681825,354.4391632,354.4092751,65.59265852,2,down,-15,10,0,0,0,0,0,0,1
1,142.0466709,173.5704338,429.1994858,429.1963291,61.82053089,2,down,-15,10,0,0,0,0,0,0,1
1,146.614933,212.4959016,406.1422729,406.1588001,57.62739778,2,down,-15,10,0,0,0,0,0,0,1
1,146.614933,212.4959016,406.1422729,406.1588001,57.62739778,2,down,-15,10,0,0,0,0,0,0,1
1,233.9868736,266.1931157,234.3598366,234.3367195,54.12819386,1,down,-15,10,0,0,0,0,0,0,1
1,212.9707146,254.5780492,271.5676308,271.5376282,50.38234591,0,down,-15,10,0,0,0,0,0,0,1
1,180.697155,286.5659046,486.3272095,486.349926,52.44137049,0,down,-15,10,0,0,0,0,0,0,1
1,189.8995018,226.7255986,343.1542969,343.0970192,54.20492887,0,down,-15,10,0,0,0,0,0,0,1
1,180.6090736,222.5234675,378.6771393,378.6704063,64.48671818,0,down,-15,10,0,0,0,0,0,0,1
0,0,0,0,0,0,0,down,-15,10,0,0,0,0,0,0,1
1,197.5941849,231.480881,350.4349899,350.4031849,59.77237225,0,down,-15,10,0,0,0,0,0,0,1
1,179.9767303,223.2515692,367.8927612,367.8663254,62.81141639,0,down,-15,10,0,0,0,0,0,0,1
1,192.4207878,230.0753403,346.8271637,346.7696285,53.85735035,0,down,-15,10,0,0,0,0,0,0,1
0,0,0,0,0,0,0,down,-15,10,0,0,0,0,0,0,1
1,190.5361938,279.8253154,403.9602661,403.9610481,52.83843875,0,down,-15,10,0,0,0,0,0,0,1
1,196.6320992,226.6137565,348.884201,348.8269615,54.73904014,0,down,-15,10,0,0,0,0,0,0,1
1,161.7331886,208.2592582,387.0212555,387.0176411,62.98521757,0,down,-15,10,0,0,0,0,0,0,1
0,0,0,0,0,0,2,down,-15,10,0,0,0,0,0,0,1
1,142.2457314,120.1293088,331.9224548,331.8970585,58.93357992,0,down,-15,10,0,0,0,0,0,0,1
0,0,0,0,0,0,1,down,-15,10,0,0,0,0,0,0,1
0,0,0,0,0,0,1,down,-15,10,0,0,0,0,0,0,1
0,0,0,0,0,0,1,down,-15,10,0,0,0,0,0,0,1
1,130.5083084,182.190156,399.7416306,399.7307968,53.13239098,1,down,-15,10,0,0,0,0,0,0,1
1,170.392437,220.3607929,143.170433,143.1703949,53.59743834,1,down,-15,10,0,0,0,0,0,0,1
0,0,0,0,0,0,1,down,-15,10,0,0,0,0,0,0,1
1,93.30706596,143.6002016,454.4408798,454.4570732,57.91184902,1,down,-15,10,0,0,0,0,0,0,1
0,0,0,0,0,0,1,down,-15,10,0,0,0,0,0,0,1
1,144.1887856,155.4966426,367.6311493,367.6062584,59.50395465,1,down,-15,10,0,0,0,0,0,0,1
1,172.0971107,205.1306676,427.3864746,427.348423,60.28401256,1,down,-15,10,0,0,0,0,0,0,1
1,196.3588524,206.8134022,371.5617371,371.5607643,55.18431067,1,down,-15,10,0,0,0,0,0,0,1
1,164.2083549,176.3980221,401.4108276,401.3863277,60.2784574,1,down,-15,10,0,0,0,0,0,0,1
1,163.6260986,164.6464753,381.545372,381.5159798,66.5795505,1,down,-15,10,0,0,0,0,0,0,1
1,290.4345703,321.3038421,169.0092087,169.0047455,78.54213715,1,left,3.458248704,-15.35114466,0,0,0,0,0,0,1
1,309.9449158,327.2997451,178.8538361,178.8465214,81.47261739,1,left,1.545380477,-15.93906486,0,0,0,0,0,0,1
1,336.6421509,353.7795711,169.7234344,169.7176266,88.97032738,1,left,6.929989877,-20.44745071,0,0,0,0,0,0,1
1,300.0404358,298.9915562,154.443779,154.4436264,76.85203552,1,left,1.545703241,-14.58862154,0,0,0,0,0,0,1
1,342.0482254,361.8817377,174.0658951,174.0599585,81.76342249,1,down,-15,10,0,0,0,0,0,0,1
1,341.20121,357.5037694,164.194603,164.1896152,78.60870957,1,down,-15,10,0,0,0,0,0,0,1
1,327.8390121,353.3090221,178.1341553,178.1279325,73.08377624,0,down,-15,10,0,0,0,0,0,0,1
1,345.9194565,363.5865879,167.3021317,167.2968006,75.79835057,0,down,-15,10,0,0,0,0,0,0,1
1,326.7463684,287.2363496,150.03582,150.0347614,80.83534837,0,down,-15,10,0,0,0,0,0,0,1
1,332.0423508,285.2075982,137.4685287,137.4680328,84.10521746,0,down,-15,10,0,0,0,0,0,0,1
1,325.776062,286.0728955,141.1087418,141.1084843,75.27131438,0,down,-15,10,0,0,0,0,0,0,1
2,325.776062,286.0728955,141.1087418,141.1084843,75.27131438,0,down,-15,10,0,0,0,0,0,0,1
1,315.9264374,260.5188871,141.5242386,141.5229893,78.47013474,0,down,-15,10,0,0,0,0,0,0,1
1,302.9323006,278.4474159,173.5846901,173.5820389,70.55190802,0,down,-15,10,0,0,0,0,0,0,1
1,324.3048477,339.3966651,173.3512115,173.3428574,74.3501246,1,left,2.108056356,-21.18066869,0,0,0,0,0,0,1
2,324.3048477,339.3966651,173.3512115,173.3428574,74.3501246,1,left,2.108056356,-21.18066869,0,0,0,0,0,0,1
1,312.9054832,274.1395283,161.3749123,161.3749695,92.18702316,0,forward,9.220920901,3.857993257,0,0,0,0,0,0,0
1,312.5107956,278.6885834,160.0159454,160.0157833,90.30808806,0,forward,9.19300671,-5.547434472,0,0,0,0,0,0,0
0,0,0,0,0,0,0,forward,11.71479801,2.774101492,0,0,0,0,0,0,1
1,221.713028,241.2521911,161.9854355,161.9852543,91.2592113,1,right,5.193494037,16.81779182,0,0,0,0,0,0,1
1,218.1114006,240.9216464,170.5844688,170.5801105,93.29337478,1,right,6.170076805,16.71079353,0,0,0,0,0,0,1
1,219.9806213,232.0393037,156.0106277,156.0103655,92.31595993,1,right,3.986294717,16.81684146,0,0,0,0,0,0,1
1,230.2308655,222.0473957,158.4803009,158.4800434,79.17131782,1,down,-15,10,0,0,0,0,0,0,1
1,178.7870598,124.4606757,305.0621605,305.0270462,56.813097,1,down,-15,10,0,0,0,0,0,0,1
1,282.2129822,228.9943719,125.036087,125.0343704,72.91171551,0,down,-15,10,0,0,0,0,0,0,1
1,312.4947929,277.5345325,159.1735268,159.1735268,91.77854061,0,forward,7.228069957,3.044242302,0,0,0,0,0,0,0
1,273.5753632,254.5959735,154.5730591,154.5722294,85.6441319,0,down,-15,10,0,0,0,0,0,0,1
1,275.8853722,229.8513484,157.0044899,157.0020103,65.98465443,1,down,-15,10,0,0,0,0,0,0,1
1,312.2071838,281.7327404,159.4850159,159.4850349,91.55221581,0,forward,5.192607148,2.852159615,0,0,0,0,0,0,0
1,274.341507,227.0060754,124.0760803,124.0752697,60.07426977,1,down,-15,10,0,0,0,0,0,0,1
1,208.5053444,182.7213836,256.7816734,256.7551231,57.96801448,0,down,-15,10,0,0,0,0,0,0,1
1,267.7140617,229.9195981,135.0393105,135.0386238,79.15307283,0,down,-14.69691492,-6.000462969,0,0,0,0,0,0,1
1,261.8496704,225.4407215,146.4724731,146.4721584,87.55536675,0,down,-15,10,0,0,0,0,0,0,1
1,266.4278221,241.6712117,149.4089699,149.4083691,88.41374516,0,down,-15,10,0,0,0,0,0,0,1
1,265.6292343,253.0419421,179.1937256,179.1845226,76.66422725,0,down,-12.63820691,-4.207822899,0,0,0,0,0,0,1
1,269.4087601,252.3405767,158.9093781,158.9088821,68.1558907,0,down,-15,10,0,0,0,0,0,0,1
1,269.4087601,252.3405767,158.9093781,158.9088821,68.1558907,0,down,-15,10,0,0,0,0,0,0,1
1,270.3510475,247.1701169,152.4818611,152.47962,66.83220863,0,down,-15,10,0,0,0,0,0,0,1
1,264.8330688,260.0286674,195.6481171,195.6375217,69.29309368,0,down,-15,10,0,0,0,0,0,0,1
1,268.8888168,257.9338455,149.1845322,149.1844368,82.37794638,0,down,-15,10,0,0,0,0,0,0,1
1,247.3301506,282.9516745,144.8562813,144.8564816,69.9483633,0,down,-15,10,0,0,0,0,0,0,1
1,226.0759544,251.8211054,151.2382317,151.2382221,80.01400828,0,right,13.93741588,18.24829711,0,0,0,0,0,0,1
1,224.4888306,246.865871,150.4283524,150.4282093,88.47395182,0,right,13.13686792,17.42367585,0,0,0,0,0,0,1
1,220.8497429,258.8076425,162.5303841,162.5302505,66.65959954,0,right,13.06150253,18.94792618,0,0,0,0,0,0,1
1,217.1992111,241.4380371,148.9640427,148.9639521,81.87514544,0,right,9.63021555,16.82638761,0,0,0,0,0,0,1
1,209.4157028,234.2957306,155.9630585,155.9631443,85.02868414,0,right,10.9583715,19.00648332,0,0,0,0,0,0,1
1,305.5145264,217.5418568,126.3251114,126.325407,95.25706768,0,forward,11.55435923,-5.944326345,1,400,301,513,445,0.798437595,1
0,0,0,0,0,0,0,down,-15,10,1,500,124,640,463,0.861691117,1
0,0,0,0,0,0,1,down,-15,10,1,484,127,622,429,0.846732497,1
1,311.8123627,276.0033131,168.4371185,168.432827,90.57267904,0,forward,8.34018604,-9.01896463,0,0,0,0,0,0,0
1,224.4549751,235.1494145,125.1747322,125.1749754,93.56004596,2,forward,11.51205239,7.751178392,0,0,0,0,0,0,0
1,311.5774536,281.5543842,160.8730316,160.8729172,91.43069386,0,forward,7.054052041,3.302011498,0,0,0,0,0,0,0
1,311.3356209,275.7277966,160.2893257,160.2893829,93.28840375,0,forward,10.92342033,3.622709913,0,0,0,0,0,0,0
1,310.7754326,279.6481991,148.006382,148.0063248,91.66461229,0,forward,6.568565727,0.53818853,0,0,0,0,0,0,0
2,275.8406448,261.9907689,159.5284653,159.5282364,91.69840813,2,forward,11.43011826,-2.328401712,1,133,221,334,477,0.897330225,1
1,310.3007889,283.9379883,157.5656509,157.5654888,90.35394788,0,forward,7.100773567,3.505315772,0,0,0,0,0,0,0
1,220.7417488,227.9951858,131.367054,131.3672161,92.74962544,2,forward,11.38111174,12.08975635,0,0,0,0,0,0,0
1,323.0863953,274.9562073,157.7695084,157.769537,89.26727176,1,forward,11.36982809,-0.278013888,0,0,0,0,0,0,0
1,285.7687759,238.3064461,144.4288635,144.4291878,89.5860076,0,forward,11.36500131,14.44511076,1,52,243,170,424,0.650696337,1
1,217.8260231,111.5850472,129.0178871,129.0177727,94.96766925,0,forward,11.33712301,-4.953230799,1,0,97,156,409,0.738924503,1
1,310.2548599,275.1027584,177.3582458,177.3512077,90.99882841,0,forward,1.467602461,-3.560914996,0,0,0,0,0,0,0
2,252.511425,144.9009633,147.2786903,147.2785378,91.02263451,2,forward,11.31094206,-1.59118944,0,0,0,0,0,0,1
1,310.2490425,281.1821365,158.2221413,158.2220936,92.58202314,0,forward,5.422774075,11.1647365,0,0,0,0,0,0,0
1,243.8811111,134.9553227,148.8018799,148.8018036,91.74332619,1,forward,11.27385187,-0.138405555,0,0,0,0,0,0,0
0,0,0,0,0,0,0,down,-15,10,1,471,84,637,384,0.796549916,1
1,261.9633865,189.2855572,158.5214996,158.5214996,92.22706556,0,forward,11.25466711,-4.960455124,1,145,252,307,480,0.882015705,1
1,310.2180481,298.3476925,175.2316284,175.2311897,91.52620435,0,forward,6.428137337,-1.586876464,0,0,0,0,0,0,0
1,254.5114136,261.0566402,125.5687714,125.5687952,92.00797081,1,forward,11.21207899,-1.13931951,0,0,0,0,0,0,0
1,309.5611763,281.998558,161.1676979,161.1676311,90.95549583,0,forward,6.769917123,4.428723762,0,0,0,0,0,0,0
1,316.3270378,362.4654853,160.3088188,160.3088951,75.9398818,1,left,11.5308191,-11.26719133,0,0,0,0,0,0,1
1,325.8161545,369.445138,169.1202545,169.1139364,73.34759831,1,left,10.84367222,-12.38548373,0,0,0,0,0,0,1
1,326.6386414,367.4226273,182.7674484,182.7541208,71.43348455,1,left,11.39669166,-12.83969617,0,0,0,0,0,0,1
1,340.3809357,344.581883,166.3717651,166.3716316,89.15878534,0,left,5.31278566,-12.90518036,0,0,0,0,0,0,1
1,320.1191711,320.1289773,183.5028076,183.496685,85.19785404,0,left,3.523983964,-12.5612874,0,0,0,0,0,0,1
1,307.1159744,309.6612835,200.8901215,200.8756256,67.75084734,0,left,6.334787774,-14.51017626,0,0,0,0,0,0,1
1,327.0119095,265.0791669,197.9629135,197.9520607,66.62640572,0,down,-15,10,0,0,0,0,0,0,1
1,340.3691101,307.6175714,172.2816086,172.2771835,89.35303688,0,left,7.364076382,-13.59741236,0,0,0,0,0,0,1
1,341.2318802,312.3798728,167.6578903,167.6542282,91.32146239,1,left,10.9776186,-16.9750946,0,0,0,0,0,0,1
1,342.9682922,318.2149148,175.1922989,175.1865005,85.91908216,1,left,7.846497185,-17.54891134,0,0,0,0,0,0,1
1,340.9208679,324.0736842,176.4023209,176.3990307,93.78685951,1,left,9.337001619,-17.75769828,0,0,0,0,0,0,1
1,342.5793076,329.7046829,177.0357513,177.0313454,90.63454866,1,left,8.567539102,-16.03636342,0,0,0,0,0,0,1
1,349.0539551,337.7791572,181.1315918,181.1277008,92.47947931,1,left,8.270518087,-17.64960532,0,0,0,0,0,0,1
1,344.7200775,338.7308693,186.8756866,186.8708324,91.16219878,1,left,9.298788028,-17.68058361,0,0,0,0,0,0,1
1,350.8741379,344.4500041,181.4285278,181.4237309,91.45858288,1,left,9.737709229,-18.55851217,0,0,0,0,0,0,1
1,349.6764755,346.7029357,181.3705063,181.3650227,90.26763439,1,left,10.39750474,-20.16114731,0,0,0,0,0,0,1
1,347.9647827,341.9170594,182.5698853,182.5650787,92.19511747,1,left,11.49822461,-19.38380114,0,0,0,0,0,0,1
1,348.763504,347.5382995,186.5991592,186.5900517,87.21809983,1,left,10.27336248,-18.79179787,0,0,0,0,0,0,1
1,354.6197891,345.8253264,173.5181427,173.5145187,93.06881428,1,left,9.705157391,-18.56098258,0,0,0,0,0,0,1
1,351.500473,340.5845547,172.112236,172.1081543,90.1873827,1,left,11.94010124,-18.28995278,0,0,0,0,0,0,1
1,353.8616943,339.2041015,169.8817444,169.8782158,91.152215,1,left,9.565300294,-18.28520271,0,0,0,0,0,0,1
1,351.7352295,343.7036014,172.9789352,172.9753017,91.95035696,1,left,11.2833934,-17.87450273,0,0,0,0,0,0,1
1,356.7183685,350.87224,169.6941376,169.6939659,91.46704078,1,left,11.74327788,-18.90133408,0,0,0,0,0,0,1
1,356.4694977,348.2609439,160.2659225,160.2657223,87.57427931,0,left,11.25112918,-17.14612477,0,0,0,0,0,0,1
1,217.1040344,227.3606872,132.8819656,132.8821564,91.45196676,2,forward,11.16486464,13.67714225,0,0,0,0,0,0,1
1,261.5584564,215.1841855,140.8244324,140.8239269,61.65782213,1,down,-15,10,0,0,0,0,0,0,1
1,261.5584564,215.1841855,140.8244324,140.8239269,61.65782213,1,down,-15,10,0,0,0,0,0,0,1
1,203.5420799,127.7225613,267.9496193,267.9121685,65.56388736,1,down,-15,10,0,0,0,0,0,0,1
1,241.9026566,187.7294946,234.2775345,234.2523193,68.56874824,1,down,-15,10,0,0,0,0,0,0,1
1,191.4316368,135.7538056,310.7111931,310.6610298,72.35298753,1,down,-15,10,0,0,0,0,0,0,1
1,288.6412048,249.9748301,166.0128784,166.0067368,78.17277312,1,down,-11.84013383,-7.768196856,0,0,0,0,0,0,1
1,255.7469177,210.1249123,127.2938919,127.2942638,92.86763668,0,forward,11.15320175,13.04775976,1,121,296,243,479,0.9171018,1
1,309.1655731,280.1206684,161.9508743,161.950779,91.49405956,0,forward,8.013221643,2.836668564,0,0,0,0,0,0,0
2,303.0398369,251.2281347,146.4541435,146.452961,80.14256358,1,left,-10.46736663,-10.28541852,0,0,0,0,0,0,1
1,303.0398369,251.2281347,146.4541435,146.452961,80.14256358,1,left,-10.46736663,-10.28541852,0,0,0,0,0,0,1
1,282.7880859,232.8093981,184.2702866,184.2602062,65.14360905,0,left,-10.7079451,-10.17873907,0,0,0,0,0,0,1
1,274.0963364,225.0709844,204.2636871,204.2462254,69.12841201,1,down,-15,10,0,0,0,0,0,0,1
1,293.6457253,247.2039056,162.8265953,162.8256226,67.10323691,1,down,-15,10,0,0,0,0,0,0,1
1,303.4941864,250.7823491,145.6328583,145.6322193,77.3760438,1,down,-15,10,0,0,0,0,0,0,1
1,295.8559608,252.9993748,164.6598244,164.6536732,78.46891284,1,left,-8.332732293,-10.2615016,0,0,0,0,0,0,1
1,302.2749329,250.9889865,144.3911743,144.3903065,73.02343249,1,left,-8.044177696,-10.36500424,0,0,0,0,0,0,1
1,298.3644295,257.9164529,175.4703331,175.4632187,78.62033248,1,left,-9.315223147,-14.69400496,0,0,0,0,0,0,1
1,206.4519882,194.4772696,132.3886108,132.3888588,88.80753517,0,down,-15,10,0,0,0,0,0,0,1
1,198.0117798,181.9823909,129.8796844,129.8798561,90.78816175,0,right,10.47490774,26.16314838,0,0,0,0,0,0,1
1,203.4053993,195.304842,138.5814095,138.581686,89.01566267,0,down,-15,10,0,0,0,0,0,0,1
1,198.640976,183.1390596,128.2290268,128.2292747,91.95947051,0,down,-15,10,0,0,0,0,0,0,1
1,192.747879,180.3053474,140.9682083,140.9682655,85.62390208,0,right,8.808054026,28.04594008,0,0,0,0,0,0,1
1,225.7828331,226.3267064,144.5633888,144.5636272,92.53542423,0,right,8.192236709,22.75466862,0,0,0,0,0,0,1
1,220.5165291,205.8937764,138.8397408,138.8402081,92.35090017,0,right,13.18566725,27.84739815,0,0,0,0,0,0,1
1,308.550415,276.5210438,161.088295,161.0882378,92.05664992,0,forward,7.334623178,10.56396285,0,0,0,0,0,0,0
1,383.8442993,382.5433564,137.5093842,137.5092888,84.45581198,0,down,-15,10,0,0,0,0,0,0,1
1,383.009758,390.3256083,142.7869034,142.7865171,71.46846652,0,down,-15,10,0,0,0,0,0,0,1
1,364.8168564,365.3383851,140.6481552,140.6478882,71.40324712,0,down,-15,10,0,0,0,0,0,0,1
1,364.8168564,365.3383851,140.6481552,140.6478882,71.40324712,0,down,-15,10,0,0,0,0,0,0,1
1,362.3550797,361.3325429,141.8205643,141.8202496,80.24573922,0,down,-15,10,0,0,0,0,0,0,1
1,290.0572968,303.6959219,169.5354462,169.5294428,80.4503262,0,left,8.256653497,-16.08424143,0,0,0,0,0,0,1
1,308.250351,278.2147694,158.6701202,158.6700439,92.66372323,0,forward,7.730469426,8.281718304,0,0,0,0,0,0,0
1,307.8917694,276.6091061,163.2824707,163.2823563,92.14141369,0,forward,7.314666131,10.57730718,0,0,0,0,0,0,0
1,232.8853607,273.5721874,134.2791367,134.2790794,95.60623765,0,forward,11.07159543,14.19518406,1,252,436,360,480,0.619635761,1
1,307.8490448,262.477026,143.3403778,143.3399391,67.80946255,0,forward,8.717344183,-2.283821509,0,0,0,0,0,0,0
1,307.7592278,220.9525394,148.217411,148.2171822,91.89991951,0,forward,26.5453609,-5.096330168,0,0,0,0,0,0,1
1,207.6442337,245.2790165,142.5213623,142.5215721,70.86420059,1,forward,10.95339306,10.46056267,0,0,0,0,0,0,0
1,307.7584076,273.7919998,170.492897,170.4881573,90.9263134,0,forward,7.703535499,-3.429492611,0,0,0,0,0,0,0
1,307.3262024,274.3197727,163.0116653,163.0115318,92.61268377,0,forward,8.372262275,2.998132202,0,0,0,0,0,0,0
1,307.2536469,283.9196777,149.5254135,149.5253277,92.08192229,0,forward,7.066006005,8.045870951,0,0,0,0,0,0,0
1,340.8830261,279.5644855,153.9197922,153.9197159,81.44314289,2,forward,10.88870365,1.891125302,0,0,0,0,0,0,0
2,250.4957199,139.6838879,145.8140945,145.8139229,89.34311271,2,forward,10.88028417,-1.788258369,0,0,0,0,0,0,1
0,0,0,0,0,0,1,forward,10.85483832,-3.169168873,0,0,0,0,0,0,1
1,307.2381401,274.1309738,169.0459633,169.0415668,92.15016365,0,forward,6.01990669,10.07981647,0,0,0,0,0,0,0
2,262.0671463,169.9394393,163.0960464,163.0880356,65.91763496,2,down,-15,10,0,0,0,0,0,0,1
1,281.9775772,155.2822685,164.1047668,164.097662,66.49206281,1,down,-15,10,0,0,0,0,0,0,1
2,211.2229538,135.2345204,294.9713516,294.9506664,59.28889513,2,down,-15,10,0,0,0,0,0,0,1
1,279.303875,186.4186836,137.4779701,137.4773026,69.97380257,1,down,-15,10,0,0,0,0,0,0,1
1,262.5336456,182.7575469,152.6557159,152.6538277,56.33707643,1,down,-15,10,0,0,0,0,0,0,1
1,260.731411,179.9296499,142.2009468,142.1998501,78.83788347,1,down,-15,10,0,0,0,0,0,0,1
1,267.9479408,180.8486676,138.0771065,138.0747128,61.90621257,1,down,-15,10,0,0,0,0,0,0,1
1,267.7456665,196.6955876,146.4254761,146.425066,92.36264229,1,down,-15,10,0,0,0,0,0,0,1
1,274.076519,197.6442838,152.23032,152.2287083,72.2320199,2,down,-15,10,0,0,0,0,0,0,1
1,248.8255692,191.1614442,134.5220184,134.5220089,81.88089132,1,down,-15,10,0,0,0,0,0,0,1
1,219.3089104,216.7374015,146.2925148,146.2927151,92.76126623,1,right,11.60513281,19.62764848,0,0,0,0,0,0,1
1,231.2666702,234.8571968,150.2151108,150.2154922,93.11593771,1,right,14.95061453,20.70160519,0,0,0,0,0,0,1
1,236.191597,237.6079893,149.1510391,149.1514921,94.45822239,1,right,12.35359181,19.11023135,0,0,0,0,0,0,1
1,236.9001007,236.7807102,146.7111206,146.7115688,93.73227954,2,right,13.77698909,17.65001078,0,0,0,0,0,0,1
1,214.758625,217.5618195,148.4939766,148.4943008,91.62806273,0,right,14.04561949,19.47394619,0,0,0,0,0,0,1
1,306.9356918,225.9265423,122.8105927,122.8108692,96.16268873,0,forward,5.978622051,2.633191934,0,0,0,0,0,0,0
1,335.4013062,346.14743,163.3201218,163.3198071,86.97835803,0,down,-15,10,0,0,0,0,0,0,1
1,350.5791092,357.2477889,150.6225586,150.6222153,85.85090637,0,left,14.86782922,-22.08448148,0,0,0,0,0,0,1
1,343.9624023,352.5631308,158.4628296,158.4623909,87.47859001,2,left,13.51997945,-19.16391986,0,0,0,0,0,0,1
1,341.3838196,352.3543263,160.6515884,160.6511879,85.62933207,1,left,13.58070988,-20.00405834,0,0,0,0,0,0,1
1,323.5275269,328.7681771,144.3826675,144.3824387,84.92671251,1,left,15.26723767,-15.9021374,0,0,0,0,0,0,1
1,306.2839508,270.9517193,163.3672714,163.3669281,91.26523733,0,forward,8.782030169,8.92376178,0,0,0,0,0,0,0
1,305.7684326,277.0766544,160.872879,160.8727455,93.15103292,0,forward,6.528922952,10.94885531,0,0,0,0,0,0,0
1,257.8105927,224.3966961,128.1009674,128.1012154,94.34736371,1,forward,10.69831684,13.62662557,1,202,400,333,480,0.7897681,1
1,305.5161476,275.8287907,168.5088921,168.5045815,92.48253703,0,forward,6.104065836,11.90503064,0,0,0,0,0,0,0
1,146.9794655,189.6374858,431.2813568,431.2943745,63.0664289,0,down,-15,10,0,0,0,0,0,0,1
1,140.1467419,176.8080402,412.5712967,412.5724983,53.2972455,0,down,-15,10,0,0,0,0,0,0,1
1,141.0225868,170.6320429,382.3227692,382.2856522,53.1514585,0,down,-15,10,0,0,0,0,0,0,1
1,94.52141762,187.1481085,485.0019455,485.0051308,59.02225971,0,down,-15,10,0,0,0,0,0,0,1
1,102.798214,142.7161074,442.591629,442.5815964,68.81752014,0,down,-15,10,0,0,0,0,0,0,1
1,135.5737972,162.57846,358.9284515,358.855505,51.02451444,0,down,-15,10,0,0,0,0,0,0,1
1,137.9140854,167.3479033,384.5624924,384.5498085,59.38593149,0,down,-15,10,0,0,0,0,0,0,1
1,126.3969898,152.9832387,398.5951996,398.5782051,62.81291246,0,down,-15,10,0,0,0,0,0,0,1
1,128.3610535,145.767746,382.6308441,382.6122379,62.25417852,0,down,-15,10,0,0,0,0,0,0,1
1,169.6064758,179.1735506,340.9383392,340.9110832,63.04825544,0,down,-15,10,0,0,0,0,0,0,1
1,305.4712296,279.0338802,157.3155212,157.315464,92.22121835,0,forward,7.514608009,6.83605015,0,0,0,0,0,0,0
1,303.3340836,285.7629037,168.8797379,168.8783455,72.00515866,0,down,-15,10,0,0,0,0,0,0,1
1,278.358326,273.5099292,181.2624168,181.2610531,70.05906701,0,down,-15,10,0,0,0,0,0,0,1
1,305.2099037,233.0850506,148.4798241,148.4798813,94.33018565,0,forward,13.70188521,4.949162371,0,0,0,0,0,0,0
1,299.5263672,232.7977491,174.9178314,174.9122715,83.40799212,0,left,4.409078184,-22.88667385,0,0,0,0,0,0,1
1,312.7485847,257.1119523,172.0441628,172.0393181,87.87212372,0,left,3.106961589,-26.55460438,0,0,0,0,0,0,1
1,273.366375,220.2618623,175.9832573,175.9783173,86.19058132,0,left,-2.597898589,-12.90788182,0,0,0,0,0,0,1
1,266.5323257,200.9374165,192.3016739,192.3013401,58.77181292,1,left,-4.752623897,-11.93076727,0,0,0,0,0,0,1
1,255.8208847,206.9746614,169.2803955,169.2800331,76.32148862,1,down,-15,10,0,0,0,0,0,0,1
1,256.8920517,192.2577453,151.4336777,151.4327431,54.6521306,1,down,-15,10,0,0,0,0,0,0,1
1,248.5411644,177.3052621,143.8678932,143.8678551,66.38706923,1,down,-15,10,0,0,0,0,0,0,1
1,104.6304417,7.44541887,302.5197983,302.4817657,51.66704655,1,down,-15,10,0,0,0,0,0,0,1
1,259.2820168,235.4185749,143.8522911,143.8523197,85.10984778,2,down,-15,10,0,0,0,0,0,0,1
1,304.5586014,273.1200886,163.1029129,163.1028557,92.96320081,0,forward,7.160371733,14.4245621,0,0,0,0,0,0,1
1,304.1719627,267.1981716,165.9561729,165.9516335,91.32293463,0,forward,8.224269633,9.613673467,0,0,0,0,0,0,0
1,304.1596031,275.7257366,166.6174889,166.6135025,92.76170731,0,forward,5.126961922,14.68832543,0,0,0,0,0,0,1
1,304.104023,270.436678,170.7603264,170.7599258,92.23231077,0,forward,3.82271663,-2.087600107,0,0,0,0,0,0,0
2,300.436821,278.0559898,151.4650726,151.4646435,92.77608991,2,forward,10.46089849,-1.722033033,0,0,0,0,0,0,1
1,303.8788605,281.2896252,157.8871536,157.886982,93.24072599,0,forward,4.723676228,8.369059185,0,0,0,0,0,0,0
1,303.5002708,339.8462915,185.6261253,185.6185484,91.56499505,0,forward,1.43020561,-0.945043761,0,0,0,0,0,0,0
1,260.5487633,235.211637,170.3597832,170.3550911,90.21862745,0,left,-0.923788751,-11.58671428,0,0,0,0,0,0,1
1,303.2743073,285.6731701,148.4215164,148.421402,93.07354689,0,forward,7.172284399,14.92498265,0,0,0,0,0,0,1
1,278.1321144,285.0763607,149.3821907,149.3823624,80.11915088,0,forward,10.36752205,12.9768075,1,94,281,244,478,0.866600454,1
1,219.9794579,223.2094598,121.1053276,121.1054134,91.77930951,2,forward,10.34331637,14.01512511,0,0,0,0,0,0,1
1,302.9787636,234.8076153,156.5550423,156.5550041,94.17546391,0,forward,11.5976076,4.456778058,0,0,0,0,0,0,0
1,310.1026154,303.0770803,181.0811996,181.0730267,86.74122095,2,left,0.271093867,-10.12881284,0,0,0,0,0,0,1
1,376.2263107,346.000297,151.7394257,151.7388439,86.50268316,2,down,-15,10,0,0,0,0,0,0,1
1,385.643959,352.8100371,154.6022415,154.6012115,85.76008081,2,down,-15,10,0,0,0,0,0,0,1
1,379.9194336,349.3883062,159.3110657,159.3102264,81.91064,2,down,-15,10,0,0,0,0,0,0,1
1,375.042305,340.8925271,158.8571548,158.856554,83.59988332,2,down,-15,10,0,0,0,0,0,0,1
1,370.7011032,348.4336543,163.3297729,163.3291912,81.21827841,2,down,-15,10,0,0,0,0,0,0,1
1,393.3168793,350.5003333,142.5733185,142.573328,86.65521741,2,down,-15,10,0,0,0,0,0,0,1
1,384.6739197,348.6767221,152.9969406,152.9966354,83.2020402,1,down,-15,10,0,0,0,0,0,0,1
1,367.4169922,341.4771342,156.0995483,156.0985851,86.15764976,2,down,-15,10,0,0,0,0,0,0,1
1,214.4511986,176.1091781,144.7402382,144.7404957,91.57646894,2,right,7.018051631,27.32844981,0,0,0,0,0,0,1
1,173.8084412,143.1645108,152.4259949,152.4261189,93.03264022,2,down,-15,10,0,0,0,0,0,0,1
1,302.7431488,281.1710358,152.5009918,152.5007915,93.2479322,0,forward,6.555014987,6.339753317,0,0,0,0,0,0,0
0,0,0,0,0,0,0,forward,10.30933761,10.28537407,0,0,0,0,0,0,1
1,263.0991173,200.9006,160.2654457,160.2652073,95.82626224,0,forward,10.25011443,3.213090834,1,133,228,286,479,0.896922588,1
1,302.3615265,279.8950362,179.8117828,179.8067093,88.11620474,1,forward,-0.708018931,-9.122871821,0,0,0,0,0,0,1
1,319.0122795,180.2776146,159.2170525,159.216156,92.27983356,0,left,0.964359559,-10.18383282,0,0,0,0,0,0,1
1,345.6568909,200.1273823,152.526474,152.5251961,91.84659123,0,down,-15,10,0,0,0,0,0,0,1
1,355.9586716,204.3134976,140.6895447,140.6886864,94.3200469,0,down,-15,10,0,0,0,0,0,0,1
1,342.0345688,203.8079357,149.0868759,149.0863609,87.01151609,0,left,18.62536605,-24.36737958,0,0,0,0,0,0,1
1,337.1234131,202.6535607,143.2355118,143.2353687,83.9707315,0,left,15.55315491,-26.03823709,0,0,0,0,0,0,1
1,330.9129333,196.1866474,158.4698105,158.4690571,88.69016171,0,left,13.57136171,-24.5784315,0,0,0,0,0,0,1
1,338.2263565,192.8678226,143.5152817,143.5144615,91.06578827,0,left,20.03224189,-26.07328304,0,0,0,0,0,0,1
1,340.2401733,206.9763565,146.0800934,146.0788822,89.6430254,0,left,21.63994536,-23.66242284,0,0,0,0,0,0,1
1,334.0816879,196.7620849,148.7137604,148.7127399,88.42375875,0,left,14.84717804,-21.36435546,0,0,0,0,0,0,1
1,336.4374542,197.3589515,144.0802765,144.0793705,89.48685527,0,left,15.05544797,-21.80091331,0,0,0,0,0,0,1
1,308.9963913,183.5426235,160.3419495,160.3412533,90.96230268,0,left,8.813901185,-18.9233516,0,0,0,0,0,0,1
1,216.7188263,111.2148643,134.5804596,134.5804024,94.7117269,0,forward,10.20464901,-4.934726266,1,0,96,156,407,0.605867147,1
1,190.0948143,38.0360794,147.2663307,147.2662067,97.42815495,0,down,-15,10,0,0,0,0,0,0,1
1,188.2305336,36.5286255,137.6373482,137.6376629,96.46487832,0,down,-15,10,0,0,0,0,0,0,1
1,197.9389,59.5057011,131.2477303,131.2478828,95.20783424,0,down,-15,10,1,47,0,196,108,0.756766438,1
1,197.4807167,54.3429947,134.9818611,134.9820042,96.75364494,0,right,15.60024677,22.91116349,0,0,0,0,0,0,1
1,193.5266685,44.1213893,136.798954,136.7988968,97.44589925,0,right,13.05490589,22.82696306,0,0,0,0,0,0,1
1,193.645916,45.7857609,139.6235466,139.6234417,96.99093103,0,right,10.17026748,26.42669782,1,55,0,199,109,0.646069765,1
1,192.2992706,42.411108,144.3505478,144.3504524,96.67640924,0,right,12.67364102,25.62857792,0,0,0,0,0,0,1
1,197.3364067,44.8100662,136.643734,136.6436577,97.08065391,0,right,9.118213868,23.64527145,0,0,0,0,0,0,1
1,197.8837776,43.2837677,137.9911232,137.9911137,97.3672688,0,right,12.42445591,25.69145272,0,0,0,0,0,0,1
1,200.4652405,52.7001572,136.1965942,136.1967373,98.04296494,0,right,13.73523056,26.45278344,0,0,0,0,0,0,1
1,200.5286026,50.359087,142.7861023,142.7861595,96.49790525,0,right,9.788363784,24.53535365,0,0,0,0,0,0,1
1,221.3632774,231.0384202,128.3519554,128.35217,92.0048058,2,forward,10.18235463,14.61109342,0,0,0,0,0,0,1
1,302.4504852,309.3205023,160.6174469,160.6172991,87.36097813,0,forward,4.324957386,-2.835306449,0,0,0,0,0,0,0
2,310.6656075,279.4597722,152.7314186,152.7311325,92.44900346,2,forward,10.13396391,-4.814696513,1,86,222,302,479,0.726471901,1
1,302.1123505,318.5321331,142.8593063,142.8592873,81.94319606,0,forward,6.645148961,-6.563751133,0,0,0,0,0,0,0
1,302.0228004,244.6078205,132.9563332,132.9564857,95.10523677,0,forward,7.488234287,4.913601657,0,0,0,0,0,0,0
1,301.2704277,209.9582005,139.1667747,139.1666794,85.87400913,0,forward,28.97987342,-8.883444872,0,0,0,0,0,0,1
1,279.5491982,224.8362064,118.9557457,118.9556694,64.88604546,0,forward,10.08240743,4.20556605,1,151,255,349,477,0.842420042,1
1,261.3119316,248.5319924,187.30093,187.2956657,93.11240315,2,forward,-1.116298318,-9.119287049,0,0,0,0,0,0,1
1,264.5035362,300.5285787,176.014576,176.0102606,83.83153677,2,forward,10.03768791,-3.539330582,0,0,0,0,0,0,0
1,262.9345322,231.0278034,144.1072464,144.1069794,75.30860901,0,forward,10.03066135,1.132919183,1,130,232,254,385,0.646252513,1
1,301.1421585,277.7512932,179.6647263,179.6601963,91.43787026,0,forward,5.171529862,-2.578996216,0,0,0,0,0,0,0
1,283.801136,310.3881454,125.6391335,125.6391048,90.30686021,2,forward,9.955127211,11.16355882,0,0,0,0,0,0,0
1,275.9504509,215.1630044,160.9280205,160.927906,92.43869185,0,forward,9.899888583,2.962278853,1,138,247,301,478,0.889571309,1
1,301.0606003,285.0127029,148.1866455,148.1865978,91.44006968,0,forward,4.062704775,12.20079932,0,0,0,0,0,0,0
1,301.0035896,325.3252172,199.6418571,199.6274614,86.79490685,0,forward,0.843558135,-2.653955455,0,0,0,0,0,0,0
1,300.220356,213.4128571,140.8029747,140.8029556,87.18078732,0,forward,29.49678823,-7.045039763,0,0,0,0,0,0,1
1,286.5805244,301.3161564,137.1170998,137.1169853,86.22546196,1,forward,9.82406549,8.403797399,0,0,0,0,0,0,0
1,261.3659477,223.9651966,128.4811211,128.4813309,96.32844925,0,forward,9.821824715,12.70512466,1,92,299,226,480,0.879960299,1
1,210.1347351,105.4796958,140.057106,140.0568581,93.50658059,0,forward,9.819015029,-4.643954333,1,0,98,156,390,0.773437381,1
1,260.8018875,276.8290162,216.4115143,216.3912964,78.70371342,1,forward,9.817082898,1.356718912,0,0,0,0,0,0,0
1,299.5789719,313.5628796,126.5842056,126.5840721,81.90104365,0,forward,3.887328043,-7.784942607,0,0,0,0,0,0,0
2,246.4039421,138.9747405,149.8860741,149.885931,92.015028,2,forward,9.799907365,-0.810131682,0,0,0,0,0,0,1
1,299.0781212,309.9395657,135.9405327,135.9405899,81.09529614,0,forward,7.848894453,-7.469013146,0,0,0,0,0,0,0
1,298.740139,236.8450356,155.2611351,155.2611351,91.92213416,0,forward,8.735766075,11.93518515,0,0,0,0,0,0,0
1,269.036293,320.0410795,166.1109924,166.1105347,66.43004417,0,forward,9.720806443,0.996896855,1,475,82,638,371,0.92026937,1
1,298.7139702,244.9055386,180.8130074,180.8016586,86.09391451,0,forward,13.46942224,-8.217765695,0,0,0,0,0,0,0
1,298.6449242,272.5776005,178.0581474,178.0538464,91.43815637,0,forward,3.138868773,-2.83504565,0,0,0,0,0,0,0
1,248.0958366,300.0347757,163.1923103,163.1917477,53.45008373,1,forward,9.680194456,0.145416636,1,442,138,583,422,0.778360665,1
1,328.4758759,323.0176735,189.1863632,189.1746712,88.10455203,2,forward,-5.270127822,-9.073186597,0,0,0,0,0,0,1
2,302.5851822,275.181253,145.5539703,145.5535698,92.98112392,2,forward,9.664005423,-1.391211955,1,134,170,309,479,0.754965186,1
1,271.7572784,285.438509,144.9069977,144.907093,79.96864915,0,forward,9.658262283,9.859135104,1,100,282,249,478,0.862462282,1
1,222.0131302,111.3662362,134.1379547,134.1379738,94.82889771,0,forward,9.640029869,-5.249706138,1,0,98,154,403,0.618939161,1
1,298.6018944,309.6017075,109.2774391,109.2772579,81.08938932,0,forward,3.94398493,5.932690656,0,0,0,0,0,0,0
1,235.8497429,236.8863702,140.6042671,140.6045723,92.55827069,2,forward,9.615105433,14.88509565,0,0,0,0,0,0,1
1,298.0857468,324.8178935,185.5038452,185.4944515,88.90239596,0,forward,2.955738848,0.425761328,0,0,0,0,0,0,0
1,297.9906273,303.9923096,127.3027992,127.3025608,89.8897469,0,forward,5.16236014,-6.087939355,0,0,0,0,0,0,0
1,323.8195038,281.6635036,155.6001663,155.600338,84.06461477,1,forward,9.574248871,2.188152582,0,0,0,0,0,0,0
1,297.5177765,236.2339497,180.764389,180.7579422,89.74767923,0,forward,11.06980048,-5.254623197,0,0,0,0,0,0,0
1,297.4314117,283.383522,156.5240479,156.523962,93.26547384,0,forward,3.002871153,11.41292626,0,0,0,0,0,0,0
1,297.3336029,326.7193913,196.3861465,196.3731766,83.89905691,0,forward,1.373183691,-2.902634286,0,0,0,0,0,0,0
1,272.9774666,216.8201923,122.5660515,122.5661087,95.50595284,0,forward,9.530101695,3.934294165,1,107,303,237,480,0.892374396,1
1,228.1147194,122.5096059,141.8288231,141.8285465,96.23713493,0,forward,9.526400859,-2.509713761,1,5,110,169,402,0.748049974,1
1,297.2863197,301.9095826,160.5834007,160.5832386,88.20859194,0,forward,1.758260001,-2.325277008,0,0,0,0,0,0,0
1,316.4590263,278.2992268,157.8193092,157.8194618,85.25143266,1,forward,9.493839202,1.459577392,0,0,0,0,0,0,0
1,282.7865601,102.1434594,191.6213608,191.6088581,76.94626451,0,down,-15,10,0,0,0,0,0,0,1
2,282.0401192,78.288393,145.7761192,145.7754135,68.62538457,2,down,-15,10,0,0,0,0,0,0,1
1,267.8915405,65.3976917,151.2127686,151.205349,85.26143432,0,down,-15,10,0,0,0,0,0,0,1
1,272.3727798,85.6204795,147.2324371,147.2313023,86.85232401,0,down,-13.11500572,-1.76264694,0,0,0,0,0,0,1
1,270.577507,99.1802311,142.2402954,142.2395897,89.30867314,0,down,-13.64598647,-1.565819926,0,0,0,0,0,0,1
2,272.2513771,94.1831398,137.5655937,137.5640202,85.42851806,2,down,-13.32650437,-1.894246624,1,53,0,201,110,0.671126425,1
1,274.1312218,89.2971516,138.9011955,138.8998604,81.51415586,0,down,-14.91438641,-1.48007224,1,39,0,199,107,0.699001491,1
1,268.8945961,87.3794842,156.4102364,156.4027119,84.34514403,0,down,-15,10,0,0,0,0,0,0,1
1,265.4030228,93.5690976,170.4416275,170.434742,80.70878983,0,down,-15.69009695,0.256951533,0,0,0,0,0,0,1
1,268.9400291,89.5369243,150.4109001,150.4100418,86.67942882,0,down,-15,10,0,0,0,0,0,0,1
2,263.3920288,73.1808662,168.2244873,168.2124996,62.54316568,2,down,-17.8301506,1.869743863,0,0,0,0,0,0,1
2,271.6122246,82.6493263,133.3747292,133.3735943,77.54216194,2,down,-15,10,0,0,0,0,0,0,1
1,273.4783554,86.5877819,139.821434,139.8204803,78.33925486,0,down,-16.72564905,-0.978827954,0,0,0,0,0,0,1
1,265.1860428,84.5108414,167.8999329,167.8930664,83.04840922,0,down,-16.92014588,-0.223317693,0,0,0,0,0,0,1
1,267.3086357,90.6091976,130.9618187,130.961237,89.0748024,0,down,-13.27588942,-0.974677315,0,0,0,0,0,0,1
1,286.1495781,183.1129766,150.1255989,150.1254559,92.69940257,1,forward,9.444602112,-3.183685114,0,0,0,0,0,0,0
1,297.1670532,282.0102596,148.2230759,148.2231903,94.09036636,0,forward,5.418386029,11.38060902,0,0,0,0,0,0,0
1,128.5881233,160.1492905,328.6766815,328.6416721,70.01066804,1,down,-15,10,0,0,0,0,0,0,1
0,0,0,0,0,0,2,down,-15,10,0,0,0,0,0,0,1
0,0,0,0,0,0,2,down,-15,10,0,0,0,0,0,0,1
0,0,0,0,0,0,2,down,-15,10,0,0,0,0,0,0,1
0,0,0,0,0,0,2,down,-15,10,0,0,0,0,0,0,1
0,0,0,0,0,0,2,down,-15,10,0,0,0,0,0,0,1
0,0,0,0,0,0,1,forward,9.433494294,-4.751690189,0,0,0,0,0,0,1
1,273.9645004,280.607953,194.207077,194.1947222,72.43022323,2,down,-15,10,0,0,0,0,0,0,1
1,264.2801285,243.7779451,150.7706451,150.769186,68.40091944,2,down,-15,10,0,0,0,0,0,0,1
1,297.0858192,264.3340588,156.1576271,156.1573219,93.74764562,0,forward,10.66960471,2.755797355,0,0,0,0,0,0,0
1,296.944313,313.8614559,142.2759628,142.2760963,81.80846572,0,forward,10.31578721,-9.843511071,0,0,0,0,0,0,0
1,296.6853333,259.4732952,157.8243637,157.8242111,91.43456221,0,forward,12.78840394,0.72568881,0,0,0,0,0,0,0
1,217.6300049,110.6837297,137.3661804,137.3661232,93.19684505,0,forward,9.320748619,-3.85217301,1,0,99,157,404,0.734291911,1
1,296.2963104,320.5220902,169.7252655,169.7215033,91.23923182,0,forward,5.918132384,7.317412497,0,0,0,0,0,0,0
1,252.5157166,125.7044793,149.2541122,149.2543602,93.68488193,0,forward,9.295852027,-3.132685538,1,100,117,239,382,0.679511368,1
1,324.9340057,280.9337711,154.8044205,154.8046303,87.45782375,1,forward,9.294490908,1.13098841,0,0,0,0,0,0,0
1,296.2684059,258.5158825,162.0192146,162.0189285,93.22770238,0,forward,11.9371608,1.58009774,0,0,0,0,0,0,0
1,266.8727684,279.1091204,141.1831856,141.1829996,82.00321794,1,down,-15,10,0,0,0,0,0,0,1
1,246.1035156,252.3203254,172.1958542,172.189064,62.76614666,1,down,-10.73650268,-4.392461738,0,0,0,0,0,0,1
1,266.738739,268.5178017,133.5811234,133.5809326,83.74274373,1,down,-11.49650436,-5.844115935,0,0,0,0,0,0,1
1,265.8939171,274.1313672,147.1511269,147.1509075,84.88007784,1,down,-10.6315711,-3.273059996,0,0,0,0,0,0,1
1,264.2291069,278.0909061,133.0677223,133.0677223,80.87980747,1,down,-10.80127164,-2.608168676,0,0,0,0,0,0,1
1,301.5579796,274.7938156,162.411747,162.4083996,92.9612577,1,forward,9.271972835,5.426414774,0,0,0,0,0,0,0
1,296.2628937,274.4487095,179.7027588,179.6986198,93.28322411,0,forward,3.836072303,-2.336634365,0,0,0,0,0,0,0
1,296.1904144,261.2241268,159.115181,159.1148758,93.93897653,0,forward,12.27400377,2.226790768,0,0,0,0,0,0,0
1,250.5477333,121.7695141,151.3240623,151.3241386,92.91087389,0,forward,9.220168429,-2.432982136,1,67,114,229,388,0.634498358,1
1,296.0978127,280.4326916,161.3603783,161.360321,93.42187643,0,forward,3.065992248,11.68516185,0,0,0,0,0,0,0
1,295.8656502,315.9602737,134.0797615,134.0795803,81.15135431,0,forward,-2.431334858,7.893674138,0,0,0,0,0,0,0
1,279.7589302,322.8660846,163.6605644,163.65592,83.2573235,1,left,5.198960888,-14.31062293,0,0,0,0,0,0,1
1,286.146183,321.3576937,158.8718605,158.868556,81.50634766,1,left,1.031735459,-13.9712964,0,0,0,0,0,0,1
1,295.5696869,319.9887467,137.3180389,137.318058,78.40800881,1,left,0.870357743,-16.53509432,0,0,0,0,0,0,1
1,294.5804977,319.2225027,139.1546249,139.1546917,84.81416702,1,left,2.850132275,-18.07888993,0,0,0,0,0,0,1
1,277.3523903,314.0783227,151.1005592,151.1005926,87.22333908,1,left,1.658504883,-10.57241222,0,0,0,0,0,0,1
1,295.6154823,308.8013077,139.4799614,139.4797039,82.84659386,0,forward,4.466958585,11.20757749,0,0,0,0,0,0,0
1,295.3363991,284.4255066,155.3349113,155.3349209,91.51824117,0,forward,4.01445071,11.70080863,0,0,0,0,0,0,0
1,280.6848907,235.6982231,155.9589767,155.9593105,90.8228159,0,forward,9.15890215,10.77771025,1,137,268,233,420,0.857008636,1
1,251.1750603,125.7363129,154.8921776,154.8923779,91.54776931,0,forward,9.154803014,-3.49183864,1,94,117,233,384,0.613297939,1
1,237.2306252,252.1002913,152.0170784,152.0168924,80.43287992,1,down,-15,10,0,0,0,0,0,0,1
1,256.3712502,235.6899953,131.5075874,131.5075493,65.48541188,1,down,-11.21070896,-3.533424867,0,0,0,0,0,0,1
1,256.7292023,252.5762058,134.7918701,134.7916317,58.71560574,2,down,-15,10,0,0,0,0,0,0,1
1,267.4979591,265.1203632,119.8130226,119.8132324,70.92311382,2,down,-15,10,0,0,0,0,0,0,1
1,270.9993362,276.7608285,123.3803558,123.3803988,80.34487963,2,down,-11.56251488,-0.898847781,0,0,0,0,0,0,1
1,266.5502357,215.0848961,124.8857307,124.8857975,96.10422254,0,forward,9.112456336,1.394268365,1,122,296,244,480,0.907708645,1
1,223.0847168,113.3816171,133.8088989,133.8088703,97.14186192,0,forward,9.102321401,-4.864918174,1,0,96,153,402,0.644270122,1
1,294.6887779,283.9384747,156.2888145,156.2888718,92.53765941,0,forward,3.924313739,11.34179474,0,0,0,0,0,0,0
1,248.2789612,127.8440571,157.3444366,157.3446751,93.47746372,0,forward,9.081659788,-3.548012109,1,97,117,235,384,0.758606493,1
1,287.0887184,297.9215097,192.3794365,192.3682737,86.33208275,2,forward,-3.347385164,-8.93939833,0,0,0,0,0,0,1
0,0,0,0,0,0,1,forward,9.039900527,-2.689562914,0,0,0,0,0,0,1
1,268.3311272,220.1358604,119.4522667,119.4526577,95.50831318,0,forward,9.034755255,12.54513741,1,110,303,240,480,0.902894199,1
1,294.4491386,328.9203644,133.9027596,133.9028835,84.43002105,0,forward,-0.299045775,7.558472591,0,0,0,0,0,0,0
1,293.8861847,308.7552738,136.571579,136.571331,87.83866167,0,forward,4.906637711,10.10285337,0,0,0,0,0,0,0
2,283.318119,284.7719049,166.5505028,166.5503454,91.72697663,2,forward,9.01239748,-2.037691114,1,113,256,326,478,0.896777391,1
1,293.7799263,221.697607,140.897274,140.8971405,88.4993732,0,forward,25.87528164,-6.851524382,0,0,0,0,0,0,1
1,293.5372543,330.0068378,144.2591858,144.2591858,79.19498086,0,forward,-1.544846597,7.926632969,0,0,0,0,0,0,0
1,239.0656471,275.3748035,141.0551643,141.0552979,79.29235697,1,forward,8.872758535,10.27344036,0,0,0,0,0,0,0
1,293.523159,324.1614532,142.2123909,142.2123241,83.53630304,0,forward,2.089682451,8.274078742,0,0,0,0,0,0,0
1,265.6164742,263.9944458,124.1901588,124.1902828,92.42065549,1,forward,8.838778369,-2.3312213,1,111,145,282,425,0.800810635,1
1,283.5928726,195.727961,184.957695,184.9511719,92.6905632,0,down,-15,10,0,0,0,0,0,0,1
1,293.5219955,308.761282,118.0664444,118.0662918,88.17374706,0,forward,7.107301213,6.164167048,0,0,0,0,0,0,0
1,293.362484,315.8537579,148.7659645,148.7659836,83.34388733,0,forward,4.53034716,9.934040177,0,0,0,0,0,0,0
1,329.8897552,284.2258072,158.5794067,158.5793209,91.99935794,1,forward,8.779549498,-7.94557247,0,0,0,0,0,0,0
1,237.8063583,253.9838481,157.7130127,157.7130032,92.9281652,1,forward,8.763988719,14.31746735,0,0,0,0,0,0,1
1,284.0913582,309.9380493,136.2114525,136.2114429,87.71842122,2,forward,8.737769802,11.77353517,0,0,0,0,0,0,0
1,293.3576965,324.1936398,144.991684,144.9916077,84.07795429,0,forward,0.70388032,9.166022682,0,0,0,0,0,0,0
1,293.3414078,315.9213352,141.0577011,141.0577011,82.24736452,0,forward,4.933246691,-6.83684494,0,0,0,0,0,0,0
1,293.2892799,327.8319454,140.4193306,140.4193497,75.93511939,0,forward,0.468902988,6.358515082,0,0,0,0,0,0,0
1,281.5163994,275.0501371,150.1104164,150.1104641,83.98355246,2,left,7.04752221,-14.80214639,0,0,0,0,0,0,1
1,319.3975067,319.7197652,152.5531769,152.5532341,82.71709085,2,down,-15,10,0,0,0,0,0,0,1
1,327.0443726,316.3965893,140.735817,140.7356644,79.69428301,2,left,13.25765507,-25.70544073,0,0,0,0,0,0,1
1,329.989624,320.089941,135.2298355,135.229826,82.0445478,2,left,7.949965389,-21.19035458,0,0,0,0,0,0,1
1,320.9343719,309.3871903,140.3896713,140.3895664,84.7145617,2,left,7.566996745,-24.52090884,0,0,0,0,0,0,1
1,316.3709831,312.0072722,148.5827446,148.5826492,86.58854365,2,left,9.045494265,-27.15137697,0,0,0,0,0,0,1
1,323.5678482,310.7715583,141.312561,141.3123894,83.371526,2,down,-15,10,0,0,0,0,0,0,1
1,326.507988,316.2250352,140.2220154,140.2218533,81.38925433,2,down,-15,10,0,0,0,0,0,0,1
1,312.489872,303.4685517,139.3827629,139.382658,86.24714613,2,left,5.293520339,-21.44945353,0,0,0,0,0,0,1
1,293.2847404,314.9944782,142.6680183,142.6678848,85.78993082,0,forward,0.889488792,10.3019065,0,0,0,0,0,0,0
1,248.9827156,123.4341621,154.893589,154.8937225,90.94925523,0,forward,8.674900299,-3.200056748,1,81,114,229,387,0.667789519,1
1,212.5189018,179.0151429,122.6130867,122.6132011,93.93550754,2,down,-15,10,0,0,0,0,0,0,1
1,209.9155426,167.7646995,112.7843857,112.7843928,94.53576803,2,right,5.703304031,28.5790456,0,0,0,0,0,0,1
1,206.2093735,171.3935781,115.7772064,115.777266,93.93522143,2,right,4.510076398,27.89635463,0,0,0,0,0,0,1
1,207.7594948,177.2017598,120.2441978,120.24436,95.74436545,2,right,5.191118563,27.71174464,0,0,0,0,0,0,1
1,205.9494591,177.7509022,122.2217369,122.2219563,93.41050386,2,right,6.285208587,27.78837408,0,0,0,0,0,0,1
1,212.5839615,186.3693237,127.7336502,127.7337742,91.71493053,2,right,4.020026793,25.67113903,0,0,0,0,0,0,1
1,292.9320526,323.7839985,140.8805466,140.8804321,85.1197958,0,forward,-1.848800008,7.872178718,0,0,0,0,0,0,0
1,292.8511047,323.382082,143.069725,143.0697441,84.52356458,0,forward,0.432937023,9.048554896,0,0,0,0,0,0,0
1,243.3178139,124.9326682,170.8408928,170.837059,92.97281504,0,forward,8.615454479,0.928695533,1,44,0,197,108,0.686472535,1
1,261.6464043,137.4869347,150.6415367,150.6413269,91.80704355,0,forward,8.580152682,-2.846750149,1,108,117,245,385,0.80861491,1
1,254.7577095,257.2243762,181.0495186,181.0437584,75.38325191,2,forward,8.553194372,0.03296626,0,0,0,0,0,0,0
1,292.843895,283.1175327,156.7273331,156.7272377,90.80284834,0,forward,3.019034903,13.80167257,0,0,0,0,0,0,1
1,301.4453506,251.7427659,138.1880569,138.1880951,77.07707286,2,left,-8.526748029,-12.3257156,0,0,0,0,0,0,1
1,313.5898781,266.139462,131.4003181,131.4003181,91.00771546,2,left,-6.81289653,-18.53177813,0,0,0,0,0,0,1
1,312.2943497,287.8078843,143.2796097,143.2792282,91.03854299,2,left,0.249140761,-18.06891031,0,0,0,0,0,0,1
1,305.9327698,304.7009206,151.8153381,151.815176,88.04306984,2,left,6.68956921,-18.42467846,0,0,0,0,0,0,1
1,294.6707726,294.4998909,143.4975243,143.4973526,89.98327255,2,left,7.385399101,-14.95851685,0,0,0,0,0,0,1
1,290.1473045,290.0014209,142.6871681,142.6869392,89.30658102,2,left,6.880437428,-14.40834989,0,0,0,0,0,0,1
1,292.81847,283.7137699,158.04842,158.0483437,91.80083871,0,forward,3.697711806,13.90570461,0,0,0,0,0,0,1
1,319.3133545,315.8637834,197.8427505,197.83041,81.0639441,2,forward,-5.101136208,-8.904557464,0,0,0,0,0,0,1
1,233.4253502,225.6929278,128.7887383,128.7890339,93.47000718,2,right,11.15003793,19.03908367,0,0,0,0,0,0,1
1,223.7747765,222.3848701,133.3220482,133.3224106,94.04238462,2,right,10.99058666,20.26946756,0,0,0,0,0,0,1
1,223.8915062,222.2807002,132.1701241,132.1704769,94.48804259,2,right,9.089389257,19.88845392,0,0,0,0,0,0,1
1,224.3128395,220.6926799,132.5308037,132.5310802,95.24515867,2,right,9.874401491,19.32705286,0,0,0,0,0,0,1
1,225.9545326,220.910027,134.1152382,134.1154861,92.27545857,2,right,8.468615236,20.21279383,0,0,0,0,0,0,1
1,292.6089859,324.7109985,145.3887939,145.3886318,84.57231522,0,forward,1.147625692,8.977242466,0,0,0,0,0,0,0
1,280.473423,319.5965457,150.5037117,150.5037403,75.69106221,0,forward,8.523297982,0.5286016,1,475,82,638,374,0.921708643,1
1,275.5033684,210.3649497,164.4968605,164.4967461,92.87219048,0,forward,8.516033282,3.667241797,1,165,212,305,474,0.902084529,1
1,262.5465012,303.7150693,187.1990204,187.1930981,79.05255556,2,forward,8.514716224,-2.552062883,0,0,0,0,0,0,0
2,281.9271278,236.7801356,164.5417213,164.5383739,92.38186479,2,forward,8.514596898,-2.541683154,0,0,0,0,0,0,1
1,292.5172043,314.0745163,145.5052185,145.5051327,84.60247517,0,forward,3.91383711,8.687211455,0,0,0,0,0,0,0
1,301.1590958,306.9879913,126.4697266,126.4698315,82.27862716,1,forward,8.483364222,-5.374599553,0,0,0,0,0,0,0
1,292.4864006,323.7878895,138.6189461,138.6187935,83.98914337,0,forward,0.498481594,8.835040145,0,0,0,0,0,0,0
1,168.1003571,177.4892331,303.6963272,303.6543274,51.65012479,0,down,-15,10,0,0,0,0,0,0,1
1,160.9693527,188.6775124,335.2851868,335.2265739,56.33429289,0,down,-15,10,0,0,0,0,0,0,1
1,96.57868385,102.5875688,384.9108887,384.8930168,58.52005482,0,down,-15,10,0,0,0,0,0,0,1
1,121.8694878,128.1522656,353.9994049,353.9905643,69.01006699,0,down,-15,10,0,0,0,0,0,0,1
1,118.8538361,152.339871,389.7577286,389.7465706,60.64100862,0,down,-15,10,0,0,0,0,0,0,1
1,139.8121738,165.0135767,348.1643295,348.1423759,64.02905583,0,down,-15,10,0,0,0,0,0,0,1
1,123.8802433,171.1789537,379.7326279,379.7186852,62.41754293,0,down,-15,10,0,0,0,0,0,0,1
1,117.9899883,158.0038512,369.5121384,369.4979954,61.08855009,0,down,-15,10,0,0,0,0,0,0,1
1,105.5068207,147.4571562,381.829834,381.826458,57.66562819,0,down,-15,10,0,0,0,0,0,0,1
1,120.5439758,154.7014105,344.9614334,344.9277878,56.8087697,0,down,-15,10,0,0,0,0,0,0,1
1,134.6141148,151.3774562,342.2068405,342.1769714,59.32129025,0,down,-15,10,0,0,0,0,0,0,1
1,141.673727,157.9968071,331.3719177,331.3337517,62.97726035,0,down,-15,10,0,0,0,0,0,0,1
1,129.3647575,156.5560162,343.4164429,343.3734226,62.25907207,0,down,-15,10,0,0,0,0,0,0,1
1,144.4015694,155.7915736,337.3175049,337.2906303,62.07876205,0,down,-15,10,0,0,0,0,0,0,1
1,121.3625717,142.3062897,352.2075272,352.1830273,64.5246923,0,down,-15,10,0,0,0,0,0,0,1
1,72.80813217,137.3793459,443.7886047,443.7947845,60.62594056,0,down,-15,10,0,0,0,0,0,0,1
1,119.2009544,134.8005032,363.4153748,363.3943176,56.0788691,0,down,-15,10,0,0,0,0,0,0,1
1,128.2814217,165.2257038,370.449295,370.4363251,61.14355922,0,down,-15,10,0,0,0,0,0,0,1
1,107.9473591,138.4960711,381.8791199,381.8662262,64.73103762,0,down,-15,10,0,0,0,0,0,0,1
1,89.28348541,156.6452122,437.1228027,437.1241379,62.03653216,0,down,-15,10,0,0,0,0,0,0,1
1,253.3185768,246.7125678,135.2279091,135.2281666,89.17484283,2,forward,8.435233567,-2.309352519,0,0,0,0,0,0,0
1,206.9257164,279.1094685,129.8129463,129.8129654,72.42860198,0,forward,8.410585356,11.24829089,1,171,361,281,479,0.651975393,1
1,237.7081871,274.0079212,120.4747581,120.474844,96.85508013,0,forward,8.382906826,14.53348137,1,230,422,336,479,0.816448212,1
1,292.3436928,283.032074,143.070507,143.0706882,83.37340951,0,forward,9.73025683,10.03202681,0,0,0,0,0,0,0
1,292.1576118,323.956604,148.4590721,148.4590244,84.79105234,0,forward,2.062710665,8.565676962,0,0,0,0,0,0,0
1,279.6880341,309.8154319,147.516861,147.5168324,80.66439033,1,forward,8.352991313,0.143440303,1,468,104,635,411,0.826741815,1
0,0,0,0,0,0,1,down,-15,10,0,0,0,0,0,0,1
1,292.0465088,329.3323517,138.7565994,138.7566662,77.70133615,0,forward,-1.378548536,8.350569564,0,0,0,0,0,0,0
1,259.7423935,209.1424489,124.5235062,124.5225048,81.03331923,1,down,-10.10997934,-2.513203614,0,0,0,0,0,0,1
1,251.0906982,128.4160995,151.8109894,151.811285,91.88682437,0,forward,8.339279548,-2.473314774,1,79,109,225,374,0.646876276,1
1,324.2976761,312.2170353,182.710495,182.7044678,89.70886469,2,forward,-3.771626947,-8.721759802,0,0,0,0,0,0,1
2,243.3562279,209.634924,128.0192375,128.0192184,75.66581368,2,down,-15,10,0,0,0,0,0,0,1
1,250.1437187,201.8843913,119.4734383,119.4731212,54.38774228,0,down,-15,10,0,0,0,0,0,0,1
1,250.822525,202.2352814,134.822731,134.8225021,75.06307364,0,down,-15,10,0,0,0,0,0,0,1
2,242.3682022,206.5631366,134.9264526,134.9260139,80.15362024,2,down,-15,10,0,0,0,0,0,0,1
1,237.3861122,195.3483224,135.9071159,135.906086,67.33058095,0,down,-15,10,0,0,0,0,0,0,1
1,254.6333694,197.9749083,125.4502869,125.4496193,75.54511428,0,down,-15,10,0,0,0,0,0,0,1
1,245.4246712,197.3008561,128.9816856,128.9813232,72.46616483,0,down,-15,10,0,0,0,0,0,0,1
1,242.4006844,179.4604469,108.0935097,108.0926013,62.03782558,0,down,-15,10,0,0,0,0,0,0,1
1,251.6238976,202.9762579,120.2581215,120.2578068,71.04126811,0,down,-15,10,0,0,0,0,0,0,1
1,291.9357491,260.6268597,161.0418892,161.0416031,94.05241013,0,forward,10.58745847,3.97776504,0,0,0,0,0,0,0
1,256.2275505,219.6152115,123.2907295,123.2909489,84.76247191,2,down,-15,10,0,0,0,0,0,0,1
1,291.9333649,325.132196,207.1193314,207.1049595,77.40723491,0,forward,1.196933214,-1.894918277,0,0,0,0,0,0,0
1,280.1274109,269.6843553,200.2071381,200.1977921,77.15242505,2,forward,-6.780604218,-8.676088061,0,0,0,0,0,0,1
1,295.2134514,309.4078159,116.2923622,116.2923431,89.73046541,1,forward,8.272095788,7.685234949,0,0,0,0,0,0,0
1,283.5874939,216.8733788,133.0513,133.0512714,96.62141204,0,forward,8.271974173,11.74965326,1,97,367,241,480,0.822916448,1
1,277.9282379,218.7173653,132.5496674,132.5496483,96.29124403,1,forward,8.265046072,8.966593613,0,0,0,0,0,0,0
1,317.3858261,278.2828617,161.7965698,161.7967415,90.75798392,0,forward,8.264562839,0.925334643,1,186,121,333,393,0.862773061,1
1,236.5685463,244.6976638,136.8114662,136.8113708,94.43515539,1,forward,8.246361549,6.743702691,0,0,0,0,0,0,0
1,286.471386,321.8053127,148.0513191,148.0514288,69.22207475,0,forward,8.233570709,-0.877751608,1,491,78,640,370,0.911029398,1
1,262.837944,264.7864651,145.6652451,145.6653214,92.21947193,2,forward,8.224446272,3.441051954,0,0,0,0,0,0,0
1,280.109024,240.9853077,129.3313217,129.3311405,84.50953364,2,left,1.32093138,-16.87333281,0,0,0,0,0,0,1
1,272.7673531,262.1170164,153.308239,153.3078003,78.89060974,2,left,-4.473550758,-17.08700289,0,0,0,0,0,0,1
1,278.1899834,248.8016987,136.5811729,136.5809441,90.83334804,2,left,-0.498211463,-23.01376434,0,0,0,0,0,0,1
1,275.8506203,272.1832466,153.363018,153.3626175,82.81111717,2,left,-0.592825654,-20.3822299,0,0,0,0,0,0,1
1,291.7248154,326.2508869,141.5446472,141.5447044,79.4834137,0,forward,-0.955735187,7.225300908,0,0,0,0,0,0,0
1,265.7256889,212.3316479,130.7508659,130.751009,95.75660229,0,forward,8.223676395,1.252960841,1,121,299,242,479,0.918076336,1
1,283.6581421,287.0320964,200.2119446,200.1992798,81.23182058,1,forward,-0.774815819,-8.56982395,0,0,0,0,0,0,1
1,291.6083336,329.6311283,138.3538628,138.3539772,78.88879776,0,forward,-0.490366402,7.466031981,0,0,0,0,0,0,0
1,291.544075,324.3542862,145.4506302,145.4505444,82.88014531,0,forward,2.395828733,9.261195827,0,0,0,0,0,0,0
1,259.5519638,252.1508193,145.844574,145.8443069,89.9653852,2,left,2.728923021,-12.73993333,0,0,0,0,0,0,1
1,277.4777985,262.5000072,138.9148331,138.9147091,87.9054606,2,left,3.187705068,-17.15343732,0,0,0,0,0,0,1
1,316.2920952,284.3971539,155.1280022,155.1280975,87.76956797,1,forward,8.160560195,3.67968187,0,0,0,0,0,0,0
1,310.4545403,226.4144611,118.920269,118.920536,95.01626492,0,forward,8.158702013,5.115546374,1,260,353,375,480,0.850053132,1
1,291.5128517,324.8730755,142.5848198,142.5847435,81.51391745,0,forward,1.248010951,8.121985336,0,0,0,0,0,0,0
1,194.3452835,182.954185,128.848381,128.8486576,91.31757021,2,right,5.921155056,19.54600648,0,0,0,0,0,0,1
1,196.3051414,175.3790402,120.4179192,120.4181385,87.15782166,2,right,1.380050195,24.11944163,0,0,0,0,0,0,1
1,194.1503334,164.4532299,116.1151886,116.1155319,88.14170957,2,right,1.342978146,24.34890592,0,0,0,0,0,0,1
1,200.4085541,164.6331501,111.9910049,111.9913387,92.95428395,2,right,-1.644055226,27.80552741,0,0,0,0,0,0,1
1,217.7584839,189.3705201,124.4868088,124.4868851,89.42316175,2,right,-0.911575554,16.24064404,0,0,0,0,0,0,1
2,296.5167999,256.6035914,157.7122116,157.7120876,93.68886948,2,forward,8.144405826,-3.663024201,0,0,0,0,0,0,1
1,291.4990425,226.4228725,117.6017189,117.6018333,88.6205554,0,forward,7.298824097,2.047624027,0,0,0,0,0,0,0
1,266.267395,224.1735077,140.1258469,140.1257801,96.16175294,0,forward,8.130634901,3.858842213,1,213,350,375,479,0.800678432,1
1,202.1264648,205.8932089,132.0006561,132.000618,94.47974563,2,right,7.863528851,15.34439832,0,0,0,0,0,0,1
1,205.877018,211.5359998,128.1097984,128.1098557,94.02520061,2,right,11.771415,16.74537343,0,0,0,0,0,0,1
1,204.5188332,212.8748012,128.0605507,128.0607176,91.17763042,2,right,11.27651978,15.90536438,0,0,0,0,0,0,1
1,206.9242287,217.1655679,133.5029411,133.5030556,92.14104414,2,right,12.39128072,16.95831762,0,0,0,0,0,0,1
1,205.2947617,215.5434752,129.6892166,129.689312,91.07186198,2,right,12.41216672,16.82706405,0,0,0,0,0,0,1
1,203.5902214,214.127934,128.9476585,128.9477921,92.86765456,2,right,10.69971046,17.63748108,0,0,0,0,0,0,1
1,214.2170906,223.8888073,123.1334496,123.1334496,90.34715891,2,right,13.83097278,17.24210789,0,0,0,0,0,0,1
1,211.0074806,224.9823117,128.3465385,128.3466911,92.32337475,2,right,13.79446747,15.02059923,0,0,0,0,0,0,1
1,291.2428474,323.1670475,139.8270988,139.8270607,84.14616585,0,forward,-0.608252246,8.176641836,0,0,0,0,0,0,0
1,291.2108231,312.7379322,135.6410217,135.6409264,85.04294753,0,forward,4.314703056,11.5224606,0,0,0,0,0,0,0
1,306.93964,281.897049,161.2511635,161.2510014,92.44436622,1,forward,8.093516089,6.19820428,0,0,0,0,0,0,0
1,291.1024475,256.8817806,165.681839,165.6777191,92.15970635,0,forward,11.10305248,3.494875828,0,0,0,0,0,0,0
1,210.8288002,106.2064767,143.1149483,143.1148338,93.19931269,0,forward,8.059337008,-3.357802697,1,1,96,157,404,0.616066158,1
1,290.9363747,305.0885868,136.1412621,136.1411476,84.67760682,0,forward,4.715305459,10.30211516,0,0,0,0,0,0,0
1,283.3060837,309.8406315,139.3691254,139.3691826,87.46353984,1,forward,8.043714149,10.80604494,0,0,0,0,0,0,0
1,304.049263,284.0536594,143.2932663,143.2931328,76.772964,1,down,-15,10,0,0,0,0,0,0,1
1,277.5193596,274.5618129,143.9966011,143.9966011,88.14285994,1,left,2.315807456,-22.13827874,0,0,0,0,0,0,1
1,266.384201,265.8847594,144.7029495,144.7029591,87.15254664,1,left,4.723353922,-14.70884694,0,0,0,0,0,0,1
1,266.1415291,255.1328063,138.9385033,138.9382553,90.25873542,1,left,3.137283532,-17.10646215,0,0,0,0,0,0,1
1,271.0474014,260.8101964,138.5506058,138.5506153,88.5417819,2,left,1.294334395,-19.91626823,0,0,0,0,0,0,1
1,275.1617622,267.1958375,136.5585518,136.5585423,88.10073137,1,left,0.639996004,-16.28836395,0,0,0,0,0,0,1
1,278.2354355,260.2014923,134.7242737,134.7242832,90.68641663,1,left,2.555803098,-14.86039692,0,0,0,0,0,0,1
1,262.3054504,260.0689244,142.1792603,142.1792507,89.19773102,1,left,3.116343446,-15.53985346,0,0,0,0,0,0,1
1,262.7062416,265.5066609,152.2608757,152.2608662,88.29163909,1,left,3.799616672,-16.08128717,0,0,0,0,0,0,1
1,279.6538925,278.3947062,143.6872482,143.6872673,83.26739669,1,left,5.757221379,-23.99020627,0,0,0,0,0,0,1
1,306.6652489,270.175469,150.2189827,150.2190113,93.64463687,0,forward,8.027208378,-2.669907595,1,140,114,314,454,0.678417385,1
1,290.8856583,316.1369705,137.4655533,137.4653721,84.9126935,0,forward,1.626210132,9.50732037,0,0,0,0,0,0,0
1,290.7890511,326.4001465,156.0041618,156.0039711,76.60660744,0,forward,-0.36542342,8.895381665,0,0,0,0,0,0,0
1,290.7680321,322.0248699,141.5876198,141.5875626,84.53406096,0,forward,-0.430655235,7.554189317,0,0,0,0,0,0,0
1,290.746479,314.5185471,126.6013145,126.6013241,89.42266703,0,forward,3.393266241,6.894842925,0,0,0,0,0,0,0
1,290.7140923,323.4651661,151.5838051,151.5838051,83.11790228,0,forward,2.104061823,8.255544578,0,0,0,0,0,0,0
1,263.2400513,254.0238881,194.5480347,194.5418644,87.49593496,2,forward,-4.720757678,-8.545126275,0,0,0,0,0,0,1
1,290.544281,328.2841587,135.6344223,135.6345177,83.53304267,0,forward,-0.562917865,6.978682885,0,0,0,0,0,0,0
1,290.4283714,324.3898773,143.7132454,143.7132168,83.10779333,0,forward,0.015869941,8.349357496,0,0,0,0,0,0,0
1,242.142601,288.7876391,164.6139145,164.6134615,72.01895118,1,forward,7.842643489,-1.05208361,0,0,0,0,0,0,0
1,241.3631248,273.2593918,121.7781258,121.7780972,95.84950805,0,forward,7.812589781,11.79772946,1,232,417,333,480,0.824160039,1
1,290.3946114,332.2085094,139.8829079,139.8828506,78.97983193,0,forward,-2.372464125,7.432145714,0,0,0,0,0,0,0
1,307.4988937,279.2879105,164.8845673,164.8845577,90.01592398,0,forward,7.794378193,2.884422582,1,165,134,329,406,0.929057419,1
1,290.2767754,309.4410324,136.9734001,136.9732189,83.67059231,0,forward,2.129384679,6.3985609,0,0,0,0,0,0,0
1,290.2561188,220.0264835,137.8244781,137.8246307,95.19375563,0,forward,1.664334909,2.662481262,0,0,0,0,0,0,0
1,290.249939,323.8576984,144.1387939,144.1387367,82.76523352,0,forward,0.859428924,8.276318558,0,0,0,0,0,0,0
1,290.2036476,321.5007019,139.6806526,139.6805477,85.46110392,0,forward,-1.966772858,10.15266258,0,0,0,0,0,0,0
1,290.16819,325.4150391,144.6134949,144.6135235,76.7268002,0,forward,-1.082627201,8.627493382,0,0,0,0,0,0,0
1,302.6842308,279.8653626,181.7545891,181.7458248,90.18418193,0,forward,-1.410398255,-8.530854142,0,0,0,0,0,0,1
1,254.7711563,201.7609429,125.0233459,125.0224686,74.05228019,0,down,-15,10,0,0,0,0,0,0,1
1,289.785347,325.9775162,141.2542343,141.2542248,77.29920149,0,forward,-1.875678335,9.133489338,0,0,0,0,0,0,0
1,252.272644,200.635221,126.2919235,126.2918472,87.25344539,0,down,-15,10,0,0,0,0,0,0,1
1,260.5609322,209.6708942,125.8423042,125.8417225,80.35615683,0,down,-10.08528347,-3.273529746,0,0,0,0,0,0,1
1,251.619339,215.7176423,141.3672256,141.3662624,81.32045865,0,down,-15,10,0,0,0,0,0,0,1
1,238.0281639,251.3177228,137.941227,137.941103,94.16742921,2,forward,7.716492492,1.995471524,0,0,0,0,0,0,0
1,319.3025208,280.2173138,153.6716461,153.6717796,87.55114675,0,forward,7.711126722,-7.959085441,1,104,285,253,478,0.848104417,1
1,306.1123848,279.5790195,165.3198051,165.3196907,91.55622125,0,forward,7.705335053,3.715189044,1,165,138,328,411,0.931619048,1
1,289.7129631,248.3159566,160.653019,160.6529045,92.6255703,0,forward,1.902257553,3.257741423,0,0,0,0,0,0,0
1,289.6350861,294.6498871,128.9697647,128.9698505,85.63483953,0,forward,7.675347874,10.84321561,0,0,0,0,0,0,0
1,256.7485237,206.1838412,125.3705788,125.3701115,87.09174395,0,down,-15,10,0,0,0,0,0,0,1
1,258.2505035,212.3558259,125.7833099,125.7824993,81.44850731,0,down,-11.28908373,-2.065119638,0,0,0,0,0,0,1
1,249.0937424,216.4981652,143.2883835,143.2875538,82.43286014,0,down,-10.47889574,-1.530200832,0,0,0,0,0,0,1
1,289.6053314,314.7522068,138.4797668,138.4796333,85.63684225,0,forward,4.226646,8.093003044,0,0,0,0,0,0,0
1,289.5876694,324.2056561,146.892128,146.8919563,78.94500494,0,forward,3.170745055,8.639550036,0,0,0,0,0,0,0
1,289.0617371,317.1217632,142.0135117,142.0133972,84.45277214,0,forward,2.115191041,10.1435794,0,0,0,0,0,0,0
1,289.0512848,324.0877247,141.4431763,141.4433098,84.11095738,0,forward,-0.41103108,9.165607121,0,0,0,0,0,0,0
1,310.440731,314.0444684,201.1821175,201.1690235,86.84683442,2,forward,-3.448367891,-8.505072475,0,0,0,0,0,0,1
1,250.2853012,206.6715598,139.0423203,139.041481,80.05797863,0,down,-10.83668348,-3.426904199,0,0,0,0,0,0,1
1,252.3675728,207.3997236,136.2439156,136.2433147,82.49674439,0,down,-11.93140095,-1.572944899,0,0,0,0,0,0,1
1,288.8873672,323.6785984,142.6311874,142.6312637,83.96161199,0,forward,-1.362813158,7.704724604,0,0,0,0,0,0,0
1,256.9450188,215.1036811,130.7272911,130.7272625,79.79301214,0,down,-10.0465573,-3.478918751,0,0,0,0,0,0,1
1,288.8550186,314.9395466,139.0454102,139.0452576,82.37063289,0,forward,1.895321528,8.907748844,0,0,0,0,0,0,0
1,288.8033295,322.8916454,151.1004257,151.100235,80.68562746,0,forward,3.465271501,7.773541036,0,0,0,0,0,0,0
1,227.5921059,233.3306814,143.0658531,143.0655956,91.72137976,2,forward,7.583540599,1.083875903,0,0,0,0,0,0,0
1,290.2771759,312.8946304,130.1060486,130.1061344,91.72061682,1,forward,7.581944129,7.485576263,1,267,404,376,480,0.76843971,1
1,288.6807823,325.2253819,142.1710777,142.1710968,82.63772726,0,forward,0.399332051,8.012119987,0,0,0,0,0,0,0
1,309.3157005,277.0859241,167.6032066,167.6031303,90.51603675,0,forward,7.52124665,4.300804887,1,168,123,330,384,0.868734658,1
1,252.972393,214.7877574,126.3151741,126.3153934,83.08092356,0,down,-15,10,0,0,0,0,0,0,1
1,236.3119125,200.158081,137.7176666,137.7171993,83.6286962,0,down,-10.6124923,-2.793629678,0,0,0,0,0,0,1
1,243.2354164,205.8027649,140.3240013,140.3239346,89.78043199,0,down,-15,10,0,0,0,0,0,0,1
1,288.6403656,306.4494324,137.5350952,137.5349522,87.60410547,0,forward,4.222627078,6.955698793,0,0,0,0,0,0,0
1,274.9071312,311.5073776,113.5335732,113.5338306,91.40094519,1,forward,7.513303775,11.0387965,0,0,0,0,0,0,0
1,288.6369705,327.392807,142.8917694,142.8918743,80.79386353,0,forward,0.235685866,8.040031751,0,0,0,0,0,0,0
1,308.1130409,284.9487019,159.3257713,159.3257332,90.64677954,0,forward,7.495829043,4.846955133,1,167,138,331,413,0.928656101,1
1,252.3778152,204.0843129,136.5411758,136.5405178,67.45732427,0,down,-12.25957787,-2.800929493,0,0,0,0,0,0,1
1,253.0870438,200.3326059,131.6565704,131.6551781,83.02593231,0,down,-11.06252372,-0.762260389,0,0,0,0,0,0,1
1,247.9834557,200.2490831,128.4213829,128.4213066,86.55260801,0,down,-10.26352012,-3.066036817,0,0,0,0,0,0,1
1,288.4750938,315.694685,142.9364204,142.9362488,85.34398675,0,forward,2.638972459,9.18897852,0,0,0,0,0,0,0
1,288.4282494,324.8754787,141.0456276,141.0456848,83.47635865,0,forward,-0.149852012,8.283690288,0,0,0,0,0,0,0
1,288.1220436,325.5929089,140.2523613,140.2523804,84.18459296,0,forward,1.720128752,8.945897887,0,0,0,0,0,0,0
1,255.6544685,282.9126143,195.2221107,195.212574,91.31866097,2,forward,7.474841912,-3.830923967,0,0,0,0,0,0,0
1,288.109951,222.7163887,132.295208,132.2952461,60.89096069,0,forward,-1.023622907,3.19713161,0,0,0,0,0,0,0
1,288.0391502,326.9431973,134.0659142,134.0659332,89.27094936,0,forward,-3.403303939,6.659088864,0,0,0,0,0,0,0
1,288.0278206,314.4219589,135.7993889,135.7992268,88.06191683,0,forward,2.854287507,11.26852624,0,0,0,0,0,0,0
1,245.6002426,196.9869351,134.8173141,134.815979,75.51486492,0,down,-15,10,0,0,0,0,0,0,1
1,250.1479721,206.0297036,137.219429,137.2187233,81.81198835,0,down,-11.01471426,-2.074849952,0,0,0,0,0,0,1
1,300.8828545,279.4240952,163.7292671,163.7258434,91.52241945,1,forward,7.403550847,6.56175949,0,0,0,0,0,0,0
1,278.0917168,219.8247242,130.5615044,130.5615807,96.38648033,0,forward,7.397532594,11.34892069,1,95,375,236,480,0.837384045,1
1,295.5316353,307.9218888,139.5996666,139.5994091,79.30954099,1,down,-15,10,0,0,0,0,0,0,1
1,295.9625435,308.6160612,141.9706154,141.9704103,82.1695447,1,left,14.04514032,-18.91048579,0,0,0,0,0,0,1
1,287.1898842,294.378326,134.1211128,134.1208076,87.80004978,1,left,10.73537133,-19.83067667,0,0,0,0,0,0,1
1,292.9377937,299.0591168,134.8094368,134.8094845,85.19758582,1,left,13.57687171,-21.99616172,0,0,0,0,0,0,1
1,286.2696457,292.9535318,135.0542831,135.0540447,89.40581679,2,left,10.5679962,-19.39624807,0,0,0,0,0,0,1
1,273.937397,316.8076837,155.2705193,155.270505,75.0851512,1,forward,7.392397677,-1.032245067,0,0,0,0,0,0,0
1,245.1950836,254.2678237,209.1606903,209.1491318,80.36972284,1,forward,7.39038873,-1.588502361,0,0,0,0,0,0,0
1,287.9768944,318.4941101,139.9068642,139.9067402,89.19639587,0,forward,3.961515605,10.18110596,0,0,0,0,0,0,0
1,287.9337502,325.1512241,141.9240761,141.9241905,81.70998693,0,forward,-0.074558992,7.634212644,0,0,0,0,0,0,0
1,287.6381874,320.0017262,139.776516,139.7763062,88.23411465,0,forward,1.115635067,9.660228903,0,0,0,0,0,0,0
1,266.914711,305.3939247,162.3591995,162.3589611,85.54839492,1,forward,7.352356202,-0.870264828,0,0,0,0,0,0,0
1,287.553997,236.344099,146.1847878,146.1849403,90.93805552,0,forward,10.09901273,14.66503562,0,0,0,0,0,0,1
1,214.674511,219.9825025,126.001606,126.0017967,91.67656302,2,right,12.30346055,16.24745217,0,0,0,0,0,0,1
1,210.3085899,218.3044767,127.9640388,127.964201,92.77627468,2,right,12.27805166,16.90470799,0,0,0,0,0,0,1
1,287.5222015,324.9664021,140.3437424,140.3438759,83.6527884,0,forward,-0.065353267,8.295001936,0,0,0,0,0,0,0
1,287.4343872,324.9444294,140.2308655,140.2309227,82.97524452,0,forward,0.355227199,8.797188881,0,0,0,0,0,0,0
1,275.1490784,191.6416335,192.0329666,192.0227909,86.63368225,1,forward,7.330803394,-1.847987454,1,160,286,307,479,0.836729527,1
1,287.4182129,343.0171108,121.7664337,121.7666245,79.09152508,0,forward,-3.960164874,2.175731689,0,0,0,0,0,0,0
1,287.3697472,280.9021831,193.4132576,193.4030056,93.15907955,0,forward,0.329579058,-5.939545095,0,0,0,0,0,0,0
1,269.875679,216.1261654,129.3003464,129.3003845,95.61340809,0,forward,7.312594761,1.56454154,1,121,298,243,480,0.916754484,1
1,311.6291237,224.4375801,120.9565544,120.9568691,94.60923076,0,forward,7.304590756,5.320470304,1,282,313,389,460,0.880027413,1
1,286.9799995,320.0940228,152.4128914,152.4129868,82.0089221,0,forward,7.069702105,4.357097556,0,0,0,0,0,0,0
1,218.6484146,290.2277756,109.8300552,109.8302937,87.12306023,0,forward,7.299828165,10.77641669,1,177,353,284,467,0.706931889,1
1,286.9608498,323.0709743,141.9967842,141.9969177,87.5485599,0,forward,1.674601894,8.899544732,0,0,0,0,0,0,0
1,286.9075966,327.0161533,141.7347145,141.7346764,84.14978981,0,forward,-0.011204894,8.478177746,0,0,0,0,0,0,0
1,263.7361336,315.7120228,116.4599419,116.4599991,87.08290458,1,forward,7.270861111,10.6293428,0,0,0,0,0,0,0
1,286.8434334,319.9818707,138.6650658,138.6649132,85.16456485,0,forward,-0.398323588,8.329228094,0,0,0,0,0,0,0
1,286.8111801,322.7996922,142.706337,142.7063942,82.22549558,0,forward,-2.121539613,8.558276055,0,0,0,0,0,0,0
1,286.5219307,287.0623684,138.6170006,138.6172485,80.98332882,0,forward,11.50919939,3.192182353,0,0,0,0,0,0,0
1,286.2394524,303.2654572,119.2862892,119.2862606,88.44029307,0,forward,7.696256557,13.34493536,0,0,0,0,0,0,1
1,218.9448357,192.341013,118.7700081,118.7701035,77.40457058,1,down,-15,10,0,0,0,0,0,0,1
1,240.1511955,227.3388982,143.0395317,143.0394745,70.80171108,1,down,-15,10,0,0,0,0,0,0,1
1,286.0352898,320.4530239,138.3527565,138.3527756,88.37611675,0,forward,-0.833435011,10.46162332,0,0,0,0,0,0,0
1,285.9657288,315.2711964,135.5220413,135.5219078,86.65815592,0,forward,8.119052671,5.429341116,0,0,0,0,0,0,0
1,285.9580994,302.9590702,148.6093903,148.6092567,82.32826591,0,forward,6.953861209,5.653544671,0,0,0,0,0,0,0
1,227.7933121,202.1974182,143.5746384,143.5748005,93.86606812,2,forward,7.192988701,6.626216237,0,0,0,0,0,0,0
1,285.8942604,317.8480911,135.0945473,135.0942707,83.92695785,0,forward,3.128957048,7.913132098,0,0,0,0,0,0,0
1,285.7901764,316.0779476,132.5585175,132.5584602,88.86993527,0,forward,2.233601783,4.68504146,0,0,0,0,0,0,0
1,285.4518318,288.0849838,142.0889091,142.0890713,89.86521959,0,forward,3.598131707,13.65682925,0,0,0,0,0,0,1
1,304.2230415,276.9340038,160.6411552,160.6411171,93.29928756,1,forward,7.165844307,5.34729288,0,0,0,0,0,0,0
1,289.1676903,303.881824,177.0019341,176.9970131,90.65271616,1,left,-0.979564069,-10.07604564,0,0,0,0,0,0,1
1,285.2087784,322.0477009,138.4921646,138.4921646,87.75535226,0,forward,3.414548656,9.925918444,0,0,0,0,0,0,0
1,285.1250648,308.148222,127.6581764,127.6582146,89.86667395,0,forward,6.098382056,12.73791222,0,0,0,0,0,0,0
1,226.5945625,264.4840336,130.8935738,130.8939743,93.26915145,0,forward,7.150138001,9.892928474,1,365,371,511,480,0.816946089,1
1,313.3538437,306.2903595,126.2486267,126.24856,84.02184248,1,forward,7.142449973,-4.597586216,0,0,0,0,0,0,0
1,215.9276581,280.7914639,113.7112045,113.7111282,86.99376583,1,forward,7.141760398,11.78580193,1,188,358,296,478,0.838684738,1
1,254.318428,285.9726214,182.7896881,182.783432,91.88634157,2,forward,7.128191456,-4.886727067,0,0,0,0,0,0,0
1,285.048008,316.364336,126.3971138,126.396904,88.66710067,0,forward,5.811673458,11.10386807,0,0,0,0,0,0,0
1,277.8922653,287.8583741,189.6464157,189.6358681,84.95281339,1,left,-2.003252982,-12.32205346,0,0,0,0,0,0,1
1,291.030407,294.2174507,191.1112785,191.1019993,88.47760558,1,left,-4.207045073,-11.26538641,0,0,0,0,0,0,1
1,284.9555206,325.8787537,143.8546371,143.854723,83.04287791,0,forward,2.289991075,6.784229681,0,0,0,0,0,0,0
1,296.3874817,313.6705423,198.047142,198.0312538,81.28982186,2,left,-6.195864925,-11.52522753,0,0,0,0,0,0,1
1,284.6947098,328.2835007,135.8890152,135.8891201,87.05247641,0,forward,2.225767267,6.757792528,0,0,0,0,0,0,0
1,282.7007103,282.0819783,188.7897301,188.7805367,87.51659989,2,left,-5.58808391,-11.39124616,0,0,0,0,0,0,1
1,284.9324799,278.7286592,190.3333664,190.3260899,80.67189455,2,left,-5.467614031,-11.21258503,0,0,0,0,0,0,1
1,297.0191956,296.2534643,187.0087051,186.9996929,87.45263219,2,left,-2.323418205,-14.64844511,0,0,0,0,0,0,1
1,309.8260307,301.0434413,184.0810966,184.0728664,91.15378261,2,left,-0.912290497,-17.95393024,0,0,0,0,0,0,1
1,298.9282417,290.3851056,188.7048531,188.6962795,89.60491419,2,left,-3.590046415,-17.83100866,0,0,0,0,0,0,1
1,299.627037,291.3758826,188.1959915,188.1875324,91.26228094,2,left,-1.249394321,-16.43105828,0,0,0,0,0,0,1
1,298.286438,291.1031747,185.0794601,185.0709343,87.07013726,1,left,-4.156235558,-12.01261203,0,0,0,0,0,0,1
1,291.3667488,306.6614485,195.134716,195.1240396,86.90609932,1,left,-1.438853863,-15.72408779,0,0,0,0,0,0,1
1,294.1299438,308.2589697,196.6251373,196.6136742,83.20548534,1,left,-1.881867297,-14.23163402,0,0,0,0,0,0,1
1,292.5121689,303.1153703,197.8614044,197.8493786,86.9286418,1,left,-2.007902357,-12.24238569,0,0,0,0,0,0,1
1,293.5070801,302.5013638,193.8604355,193.8511562,84.0793848,1,left,-3.199876871,-12.23878836,0,0,0,0,0,0,1
1,286.9486237,309.0619386,204.3943405,204.3811083,76.27797723,1,left,-2.537024597,-12.99967863,0,0,0,0,0,0,1
1,282.5879478,292.8662657,199.726429,199.7173691,85.35385728,1,left,-3.292803259,-14.48374742,0,0,0,0,0,0,1
1,280.2355957,298.7820125,211.2316895,211.217308,75.06574988,1,left,-2.612124798,-14.07308276,0,0,0,0,0,0,1
1,281.4026833,289.6659255,204.5736504,204.5639706,86.84313893,1,left,-2.966756612,-14.48514291,0,0,0,0,0,0,1
1,283.1625938,298.7573075,192.3924828,192.3795891,75.01217127,1,left,-2.226279013,-14.55557907,0,0,0,0,0,0,1
1,291.7292023,274.1190911,175.0798798,175.074892,93.17452908,2,left,-5.958280129,-12.5615995,0,0,0,0,0,0,1
1,296.5256119,290.3340721,191.5241623,191.5135288,85.90038419,2,left,-2.420583815,-12.49308365,0,0,0,0,0,0,1
1,291.6127586,297.7088904,191.1334801,191.1239147,84.93848443,2,left,-0.926198958,-14.46937884,0,0,0,0,0,0,1
1,296.1522484,317.5053323,211.6516304,211.6313982,75.19399524,1,left,-2.113195638,-13.53599026,0,0,0,0,0,0,1
1,294.3247032,301.3672471,214.7812843,214.7693253,79.91697192,1,left,-1.702881943,-13.97495287,0,0,0,0,0,0,1
1,294.3819618,296.203382,209.0822411,209.0720844,81.20855093,1,left,-1.66682865,-14.37767809,0,0,0,0,0,0,1
1,294.709568,291.7048144,198.2251549,198.2149029,85.37364602,1,left,-1.483686143,-14.11110852,0,0,0,0,0,0,1
1,298.9240456,291.4029313,198.6203957,198.6095238,87.13510633,1,left,-0.963745983,-14.60934021,0,0,0,0,0,0,1
1,299.4654083,292.9420256,196.5550995,196.5438938,83.40145946,1,left,-0.730556142,-13.55820833,0,0,0,0,0,0,1
1,270.1660538,282.8273392,186.985054,186.9734859,82.27140307,1,left,1.210049815,-10.00237022,0,0,0,0,0,0,1
1,305.875721,315.3919053,207.5737572,207.5575447,79.63687778,2,left,2.821124681,-15.04609788,0,0,0,0,0,0,1
1,290.3694153,296.1360073,196.9771576,196.9636917,76.54726505,2,left,1.272122799,-13.89278295,0,0,0,0,0,0,1
1,241.7228699,221.7044735,127.9724884,127.9724979,94.8040545,0,forward,7.098081947,4.148460254,1,98,202,227,446,0.830974042,1
1,263.6205673,280.1319885,196.2213516,196.2098694,86.36606336,2,left,2.20419024,-13.6472399,0,0,0,0,0,0,1
1,249.2722702,277.6378751,190.087204,190.0781822,81.12155199,2,left,0.987951576,-12.24514575,0,0,0,0,0,0,1
1,240.514431,269.9083877,186.0790443,186.0724926,88.09828162,2,left,-0.099929338,-12.45896211,0,0,0,0,0,0,1
1,260.3400612,278.3569241,197.9780388,197.9637623,72.25203514,1,left,1.863862189,-15.22856477,0,0,0,0,0,0,1
1,284.673481,326.0677242,145.4097176,145.4097748,80.80855608,0,forward,2.380562478,6.676205628,0,0,0,0,0,0,0
1,313.0191803,318.7239242,208.0207443,208.0071259,79.65428829,2,forward,-5.344414537,-8.502499822,0,0,0,0,0,0,1
1,284.2378235,328.4204865,145.2536011,145.253706,78.54833007,0,forward,0.713086587,6.358531284,0,0,0,0,0,0,0
1,284.0826988,324.533844,125.0249672,125.0249004,88.42040896,0,forward,1.688954297,9.420260143,0,0,0,0,0,0,0
1,284.0449142,288.7724828,197.6179504,197.6092672,91.69850945,0,forward,0.306295982,-3.314193044,0,0,0,0,0,0,0
1,389.8666,434.4304943,194.6191406,194.6082687,90.65123796,2,down,-15,10,0,0,0,0,0,0,1
0,0,0,0,0,0,1,down,-15,10,0,0,0,0,0,0,1
1,247.8047752,306.0239422,173.4306526,173.4297037,50.34546852,1,down,-15,10,0,0,0,0,0,0,1
1,255.5275345,242.7748108,155.6287766,155.6284618,75.06314516,2,forward,7.054252492,-1.718011138,0,0,0,0,0,0,0
1,283.7669754,297.1833563,197.3059082,197.2952414,88.71462345,0,forward,0.132874537,-1.751747314,0,0,0,0,0,0,0
1,279.835453,293.1789851,199.1230965,199.1123772,79.76832986,1,left,-1.035763302,-10.49783443,0,0,0,0,0,0,1
1,300.5876732,308.1280637,189.4183922,189.4120502,88.60659599,1,left,9.41730345,-15.99872171,0,0,0,0,0,0,1
1,308.5308266,320.1956821,182.0788002,182.0784473,90.8460319,1,left,9.680262105,-15.27704966,0,0,0,0,0,0,1
1,304.765892,326.6778159,195.7183838,195.7050705,84.86751914,1,left,7.495048952,-15.09469823,0,0,0,0,0,0,1
1,310.5685616,321.8408418,189.7224998,189.7095108,87.70938516,1,left,10.10344262,-16.45421507,0,0,0,0,0,0,1
1,309.4738007,323.492806,195.9869385,195.9730053,83.56823921,1,left,10.45803196,-19.42942889,0,0,0,0,0,0,1
1,310.3745842,317.107873,192.3807716,192.3683596,85.95473766,1,left,9.227840862,-17.19525178,0,0,0,0,0,0,1
1,308.1916428,313.5313201,187.4959564,187.4854374,88.71421814,1,left,9.923007667,-15.16725368,0,0,0,0,0,0,1
1,303.984623,317.0275116,195.1499748,195.1335239,89.58272338,1,left,7.867520497,-14.75685321,0,0,0,0,0,0,1
1,232.0227242,248.8820386,167.3856926,167.3854351,78.67542505,1,down,-15,10,0,0,0,0,0,0,1
1,237.2970963,260.6441665,126.8527603,126.8528938,85.59831977,1,forward,7.03961262,10.84198057,0,0,0,0,0,0,0
1,260.7560539,224.4005299,123.426075,123.4262466,95.65957189,0,forward,7.029965328,12.93777618,1,98,298,231,480,0.876372516,1
1,283.7477493,319.7845173,130.173111,130.1729393,89.19148445,0,forward,2.087216352,6.016573893,0,0,0,0,0,0,0
1,269.3596077,219.9519825,128.9187431,128.9188957,94.62472796,1,forward,7.014017318,8.632567004,0,0,0,0,0,0,0
1,269.7386551,216.3857174,128.7425613,128.7425709,94.945544,0,forward,7.011618473,1.823227019,1,122,300,244,478,0.916981637,1
1,283.595047,327.1328831,141.4230728,141.4230537,80.93745708,0,forward,-0.166491598,7.843960624,0,0,0,0,0,0,0
1,247.730484,222.7340698,125.3249741,125.3249645,96.1827457,1,forward,6.999651881,3.241573413,1,87,226,244,468,0.866711974,1
1,301.9915771,275.6546688,164.102478,164.0992928,93.14720631,1,forward,6.997746345,5.905362622,0,0,0,0,0,0,0
1,319.6212196,280.7161045,151.9305992,151.9307327,87.86402941,0,forward,6.992249455,-6.349582163,1,97,282,243,477,0.85737735,1
1,283.3959198,278.3827996,197.1051788,197.097702,78.08273435,2,forward,-2.738189768,-8.296099922,0,0,0,0,0,0,1
1,283.1014252,326.1680603,142.6198196,142.619791,83.80072713,0,forward,-0.152186854,9.143972055,0,0,0,0,0,0,0
1,283.0150414,326.0499287,138.6824226,138.6824226,83.91902447,0,forward,2.796204033,6.281844294,0,0,0,0,0,0,0
1,246.9460106,219.6016216,121.1231804,121.1231804,94.4927156,0,forward,6.936727177,5.786412968,1,114,203,239,427,0.898055017,1
1,228.2613945,172.3349762,139.0032387,139.0033722,96.92866802,1,forward,6.89269598,10.64318613,1,93,181,223,350,0.714634418,1
1,282.2567368,323.4674835,143.7994003,143.7995052,85.83496213,0,forward,0.323351527,8.696699838,0,0,0,0,0,0,0
1,268.2843971,302.5121307,186.5637016,186.5585232,90.23298025,2,forward,6.876918726,-2.700392843,0,0,0,0,0,0,0
1,282.2541046,294.0209484,131.2239456,131.2239075,84.1565609,0,forward,7.738878546,-7.599719168,0,0,0,0,0,0,0
1,257.3780632,212.3624611,126.2161827,126.2164593,93.16876531,0,forward,6.866703579,2.96175371,1,140,269,263,479,0.876451194,1
1,223.5382652,231.8591284,130.4081917,130.4083729,92.05275178,2,forward,6.850426716,5.908366108,0,0,0,0,0,0,0
1,256.7004776,273.8699698,185.2639771,185.2541828,90.11256099,2,forward,6.844611261,-2.244803288,0,0,0,0,0,0,0
1,282.1345901,214.6436119,135.0227356,135.0226307,95.85627913,0,forward,2.973279293,4.396369685,0,0,0,0,0,0,0
1,302.9102898,278.6898422,161.3561058,161.3560009,90.7120347,1,forward,6.833001028,7.301273681,0,0,0,0,0,0,0
1,281.91782,165.4503608,169.9874306,169.983387,88.65770102,0,forward,0.189461282,-1.677956122,0,0,0,0,0,0,0
1,269.0891838,278.7842965,180.3052711,180.2945995,86.29426956,1,forward,-2.513927327,-8.256520172,0,0,0,0,0,0,1
1,260.3049088,258.1093669,179.5552444,179.5492458,73.81966114,2,forward,6.786661739,-1.051095158,0,0,0,0,0,0,0
1,281.575737,326.2419605,140.6692505,140.6692314,83.50684047,0,forward,-0.768069982,8.444305237,0,0,0,0,0,0,0
1,268.7620163,303.2471955,150.6179047,150.6178951,58.31257701,1,forward,6.770330799,-5.000376547,0,0,0,0,0,0,0
1,281.4483452,324.6366119,127.821064,127.8211498,90.11701345,0,forward,2.427958646,9.799765374,0,0,0,0,0,0,0
1,281.2221718,315.3050995,127.6763344,127.676096,88.82517815,0,forward,5.286484517,6.844221965,0,0,0,0,0,0,0
1,247.8328514,270.2737498,198.8015556,198.7897968,89.04412985,2,forward,6.747917103,-3.433774835,0,0,0,0,0,0,0
1,312.2016907,278.7464404,170.4838181,170.4799747,88.80203366,0,left,-3.649466537,-13.09473138,0,0,0,0,0,0,1
1,269.657917,216.2931919,126.8040657,126.8040848,96.27524018,0,forward,6.735877673,1.711220997,1,123,299,244,479,0.916499853,1
1,281.2045097,329.2061234,130.6792259,130.6791973,91.17088914,0,forward,0.106576758,7.508080566,0,0,0,0,0,0,0
1,256.217804,261.2724662,186.234436,186.224041,89.73394036,1,forward,6.697467826,-2.339833414,0,0,0,0,0,0,0
1,248.5673332,277.9364025,198.527317,198.5167265,91.83917642,2,forward,6.67990676,-2.34688678,0,0,0,0,0,0,0
1,309.5444107,297.4072719,190.0986481,190.0900269,87.38153577,0,left,1.835470822,-14.71826572,0,0,0,0,0,0,1
1,261.8906784,223.2072544,126.5209198,126.521101,94.52198744,0,forward,6.673977507,12.28082364,1,100,296,235,480,0.884142041,1
1,281.1441612,220.7931805,130.9435844,130.9434986,96.87322378,0,forward,3.307948577,7.035494342,0,0,0,0,0,0,0
1,323.775444,312.9437041,182.1569061,182.1506882,88.57966065,2,forward,-4.606849728,-8.160818725,0,0,0,0,0,0,1
1,281.0580444,323.0207348,146.5226746,146.5227127,81.53787255,0,forward,3.165990058,6.405971441,0,0,0,0,0,0,0
1,251.6608047,244.0144705,140.2693558,140.2694893,86.462152,2,forward,6.6315336,-3.477759198,0,0,0,0,0,0,0
1,239.3365288,243.0860067,138.3020592,138.3022785,89.57509398,2,forward,6.622546659,1.132414713,0,0,0,0,0,0,0
1,280.3148651,310.3242874,141.0740662,141.0739803,88.86935711,0,forward,7.476023601,6.277688462,0,0,0,0,0,0,0
1,280.0006485,276.1462784,113.6956787,113.6956501,85.25393009,0,forward,15.10318895,-9.955520092,0,0,0,0,0,0,0
1,279.8630905,207.456007,124.8126602,124.8128986,95.71130872,0,forward,9.603280251,2.676826527,0,0,0,0,0,0,0
1,252.0448685,227.0591927,142.1897888,142.1896935,97.11629152,0,forward,6.597060497,4.447625267,1,248,366,368,480,0.831980586,1
1,279.665966,214.9393559,145.0378609,145.037899,93.65885854,0,forward,-1.761521593,4.872310547,0,0,0,0,0,0,0
1,279.6232986,222.0907974,130.8688736,130.8689976,97.2494483,0,forward,4.608113858,1.780078469,0,0,0,0,0,0,0
1,279.5472336,223.6636734,115.9459686,115.9461594,91.67546034,0,forward,4.888627458,4.860818742,0,0,0,0,0,0,0
1,318.135128,284.4133377,175.9844017,175.9785175,88.25019598,0,left,-3.41316071,-15.25779138,0,0,0,0,0,0,1
1,322.9543686,292.8285122,181.6259384,181.6197395,87.1301353,0,left,-0.096652891,-19.84190512,0,0,0,0,0,0,1
1,311.5808296,287.1927047,184.206295,184.1954327,83.66844058,1,forward,-6.616745979,-8.159110173,0,0,0,0,0,0,1
1,273.8218689,223.3899593,141.9602585,141.9601536,86.58522964,1,forward,6.541743034,8.203454154,0,0,0,0,0,0,0
1,301.9861984,281.3579464,162.0458221,162.0457077,92.68779755,0,forward,6.532468021,8.510691541,1,142,135,310,408,0.921077609,1
1,279.3707466,254.6761131,184.1818047,184.1764355,93.44749451,0,forward,0.729015971,-0.398835422,0,0,0,0,0,0,0
1,279.3301201,221.1550713,132.7008629,132.7009678,96.77355886,0,forward,4.772744387,2.043807488,0,0,0,0,0,0,0
1,262.1070671,222.2907829,127.6931953,127.6934338,95.72004676,0,forward,6.510677902,-4.2071936,1,354,306,496,480,0.87719202,1
1,258.2327461,262.8093815,137.5794411,137.5794697,92.34113097,1,forward,6.509930991,-2.540703347,0,0,0,0,0,0,0
1,279.204998,305.0250077,196.8344307,196.8252182,88.73645067,0,forward,3.496306559,-3.368206772,0,0,0,0,0,0,0
1,300.9410095,277.0069289,181.1361694,181.1305332,87.92096376,2,forward,-2.272457591,-8.111661525,0,0,0,0,0,0,1
1,278.861618,305.4296207,129.8038101,129.8036957,88.59950304,0,forward,4.605212156,6.756117628,0,0,0,0,0,0,0
1,269.9890327,222.5298786,129.0505028,129.0505886,97.07205892,0,forward,6.483992725,10.54021771,1,125,386,260,479,0.640814781,1
1,262.52882,225.3328228,123.5915947,123.591814,96.07517719,0,forward,6.480891089,12.41997925,1,97,295,231,480,0.857789755,1
1,248.2614708,121.5045071,157.2510338,157.251091,91.70994759,0,forward,6.47889532,-2.188719479,1,83,116,229,387,0.625859618,1
1,278.7846565,308.1720829,136.4731026,136.4730263,90.46489596,0,forward,6.749619785,10.44656258,0,0,0,0,0,0,0
1,283.7898064,299.8931599,177.7018166,177.6935005,87.86754012,1,forward,-1.286664814,-8.093216411,0,0,0,0,0,0,1
1,278.4012604,327.0481968,150.3718948,150.3718185,80.16843796,0,forward,1.559439867,8.231651279,0,0,0,0,0,0,0
1,331.1933136,282.0329189,153.7417984,153.741703,89.09318447,0,forward,6.443275947,-4.901216088,1,159,212,304,477,0.84348011,1
1,278.3741188,269.7893977,189.3994713,189.3951988,94.96641755,0,forward,-0.36556041,0.852858676,0,0,0,0,0,0,0
1,284.3995285,280.2669811,205.901413,205.8896828,75.89331269,1,forward,-6.127936317,-8.059330654,0,0,0,0,0,0,1
1,278.1834412,330.4785061,129.9654007,129.9653435,86.8075788,0,forward,-3.108335287,6.659658009,0,0,0,0,0,0,0
1,252.1789932,229.6254444,137.5281525,137.5280285,96.95237279,0,forward,6.420405214,6.182123635,1,237,362,367,480,0.790396094,1
1,278.0841446,319.0470886,129.7229004,129.7228718,90.65306783,0,forward,4.952188973,11.56832035,0,0,0,0,0,0,0
1,277.9597282,335.1748753,144.363575,144.3636703,84.47321057,0,forward,1.35238266,7.054429798,0,0,0,0,0,0,0
1,249.9860764,276.8199075,195.3546906,195.3446531,92.13246107,2,forward,6.398405904,-2.541757043,0,0,0,0,0,0,0
1,277.9168701,222.2528172,131.7570114,131.7571163,97.31391072,0,forward,3.408646844,6.910493749,0,0,0,0,0,0,0
1,277.5121307,210.0001431,138.9076996,138.9077568,95.56264281,0,forward,6.105058105,1.903959095,0,0,0,0,0,0,0
1,304.7642899,259.0259815,193.3665466,193.3589745,78.2056272,1,down,-10.48789531,-8.807264677,0,0,0,0,0,0,1
1,250.4806519,271.3540531,190.6020737,190.5922794,90.15794396,2,forward,6.366299959,-2.882911849,0,0,0,0,0,0,0
1,270.4093933,217.9765034,138.5291672,138.5292721,96.12526894,0,forward,6.355986491,0.861936027,1,82,390,221,480,0.778389275,1
1,265.3133202,220.2022362,129.5777702,129.578104,96.24012709,0,forward,6.341471337,10.01085233,1,133,308,252,480,0.889842749,1
1,270.1455116,221.7344284,124.149189,124.1492558,96.69153094,0,forward,6.333594542,7.415010131,1,189,379,312,479,0.841537595,1
1,277.4540138,334.3131638,152.856884,152.8569603,83.73689651,0,forward,0.549932066,8.717066255,0,0,0,0,0,0,0
1,277.3645782,249.9249172,144.2302704,144.2304325,86.39472127,0,forward,2.712614631,14.69468275,0,0,0,0,0,0,1
0,0,0,0,0,0,0,forward,6.33057082,0.651067026,0,0,0,0,0,0,1
1,272.7708626,219.9150467,134.4260979,134.4262791,96.73187137,0,forward,6.324745978,2.07224052,1,107,297,236,479,0.882032454,1
1,277.2866821,293.7490868,186.4915848,186.4801025,87.39817739,0,forward,0.070669736,-2.338901994,0,0,0,0,0,0,0
1,280.7512283,222.3926353,126.1061859,126.1063099,96.19787931,1,forward,6.304730899,8.062104036,0,0,0,0,0,0,0
1,284.4326401,259.0178871,198.7391663,198.7302303,82.9067111,1,down,-10.06845375,-6.032409844,0,0,0,0,0,0,1
1,285.0060844,278.7070775,193.0618858,193.0553913,86.73545122,2,forward,-0.358015148,-8.038897575,0,0,0,0,0,0,1
1,277.0573616,282.1408772,196.5376854,196.5280151,92.86563993,0,forward,1.027535732,-2.260086752,0,0,0,0,0,0,0
1,277.0521927,296.0886169,199.5918274,199.5802975,87.14471459,0,forward,2.283800909,-3.505001841,0,0,0,0,0,0,0
1,306.8169403,278.4988403,165.3523636,165.352335,91.59460068,0,forward,6.286604681,4.261808816,1,163,137,327,409,0.925201118,1
1,268.3750343,218.2258987,128.569622,128.5697079,95.39974928,1,forward,6.282960026,8.658547168,1,332,323,460,450,0.776773214,1
1,276.9051361,267.0847607,159.0798187,159.079628,92.37940311,0,forward,10.08921067,-0.681625281,0,0,0,0,0,0,0
1,266.2022018,307.7268636,158.0971527,158.0971098,76.63508058,1,forward,6.271951967,-3.315519888,0,0,0,0,0,0,0
1,259.8318863,290.6207705,170.9762573,170.9712839,79.38064337,1,forward,6.25651617,-1.034989665,0,0,0,0,0,0,0
1,270.5606461,306.5849877,164.2469788,164.2440319,86.62477136,1,forward,6.231248769,-0.770918384,0,0,0,0,0,0,0
1,276.709938,280.486021,120.635643,120.6355476,90.95054269,0,forward,12.94473701,-6.954823977,0,0,0,0,0,0,0
1,277.7087784,220.6165123,128.3633423,128.3634281,96.07412219,1,forward,6.219911801,8.185430083,0,0,0,0,0,0,0
1,245.8451653,224.6146488,143.6997032,143.6996269,94.52863336,0,forward,6.219615365,3.552808012,1,208,335,339,480,0.892040789,1
1,276.4634705,327.5278187,147.206955,147.206955,80.00347018,0,forward,3.340818465,5.911426781,0,0,0,0,0,0,0
1,234.3416023,222.2145081,145.8084297,145.8084011,95.60209513,0,forward,6.188260486,3.349183285,1,217,351,337,479,0.786077917,1
1,274.0159416,224.005537,126.8725014,126.8725777,96.59843445,0,forward,6.180332407,7.655906792,1,194,384,315,480,0.831775725,1
1,272.8320503,215.6108379,139.7365761,139.736681,95.98577023,0,forward,6.172522148,-1.925117269,1,88,385,225,480,0.771322668,1
1,276.4450455,197.2311687,130.8485794,130.848856,95.14942169,0,forward,14.36156626,2.267907327,0,0,0,0,0,0,0
1,252.338562,226.5982533,138.9396286,138.9395142,96.27890587,0,forward,6.148929413,5.35517865,1,239,330,371,479,0.873653352,1
1,276.4323807,207.0242786,124.434166,124.4342709,95.97193003,0,forward,11.22416206,2.51701638,0,0,0,0,0,0,0
1,270.0532913,216.2347126,136.2127304,136.2128735,96.43347263,0,forward,6.129168384,0.234903758,1,81,389,220,480,0.782885849,1
1,276.1916924,316.2535,144.9855995,144.9855423,87.7284646,0,forward,7.343895467,5.260869052,0,0,0,0,0,0,0
1,276.0987091,293.823154,192.4087524,192.398386,89.37414289,0,forward,3.107907472,-3.577054405,0,0,0,0,0,0,0
1,306.0738754,273.3654809,189.2603302,189.2517471,85.05491018,2,left,-2.457448253,-18.2571339,0,0,0,0,0,0,1
1,306.1186981,274.6971202,189.2731857,189.2638493,81.70443773,2,left,-5.941289195,-15.91960689,0,0,0,0,0,0,1
1,276.0778999,327.5495625,134.0456581,134.0457916,85.62275767,0,forward,-0.606864498,8.878785777,0,0,0,0,0,0,0
1,259.6962357,220.3974891,189.9780273,189.9705505,80.17439246,2,down,-15,10,0,0,0,0,0,0,1
1,276.0665894,328.1390762,139.4276047,139.4275188,87.06750274,0,forward,-0.795858027,6.382923145,0,0,0,0,0,0,0
1,243.2049751,289.7903824,124.7605324,124.7607708,95.05550265,1,forward,6.097504993,6.857044995,0,0,0,0,0,0,0
1,265.8288765,303.8469756,187.3453331,187.3402691,91.25115275,2,forward,6.075777514,-1.346667394,0,0,0,0,0,0,0
1,312.3270416,226.1391735,117.5299835,117.5303078,96.04427814,0,forward,6.075106714,4.174572484,1,276,329,386,477,0.869261801,1
1,271.4222527,222.6315022,130.2081871,130.2082729,96.47836089,0,forward,6.067608015,-4.411193052,1,336,318,474,463,0.724239111,1
1,276.1171913,218.5555744,130.3167534,130.3168774,95.64758539,1,forward,6.060879929,9.122585159,1,282,447,406,478,0.614068508,1
1,305.1885796,223.0286694,126.7352867,126.7355061,94.96685266,0,forward,6.052701583,5.147910783,1,287,315,397,466,0.896564245,1
1,260.6660271,249.5176578,128.6236382,128.6238384,90.01065493,1,forward,6.051364137,-2.696012536,0,0,0,0,0,0,0
1,276.0190392,237.5096512,149.8234749,149.8236465,92.34085679,0,forward,5.684777105,13.05546789,0,0,0,0,0,0,1
1,275.9915543,353.5223007,139.0742874,139.0741539,84.98905897,0,forward,-3.78970509,3.390884399,0,0,0,0,0,0,0
1,202.3449707,204.075675,133.1895447,133.1897593,90.96560478,1,forward,6.042296443,13.75540717,0,0,0,0,0,0,1
1,251.6081238,258.5534358,191.1226273,191.110239,82.19820857,1,forward,6.040472533,0.16132926,0,0,0,0,0,0,0
1,275.9702492,271.4867878,161.4474678,161.4472961,93.99133325,0,forward,7.796763304,10.57247064,0,0,0,0,0,0,0
1,275.7839394,327.4369812,126.9849586,126.98493,90.09077549,0,forward,-0.212810426,8.298843724,0,0,0,0,0,0,0
1,271.8863869,306.6013456,154.7436714,154.7435188,84.2643261,1,forward,6.0027397,-1.573354237,0,0,0,0,0,0,0
1,275.7073212,324.0670395,144.4591522,144.4590282,86.29416227,0,forward,3.241547024,8.279530148,0,0,0,0,0,0,0
1,276.8206596,224.5177746,116.1831474,116.1832523,92.16837883,2,forward,5.98827568,5.687636898,1,240,310,347,422,0.860180378,1
1,275.6146622,205.6953335,142.3417664,142.341814,94.88152266,0,forward,13.09050032,-8.493826492,0,0,0,0,0,0,0
1,247.4755859,288.4651148,174.1975784,174.1930103,90.95202684,1,forward,5.976881187,-1.648146424,0,0,0,0,0,0,0
1,239.5079613,225.7878399,147.2898293,147.2898102,95.72277665,0,forward,5.96742567,4.627169568,1,225,375,355,479,0.838604927,1
1,275.4888344,251.4112592,188.4874535,188.4813023,92.34986305,0,forward,0.850015957,-2.49371177,0,0,0,0,0,0,0
1,212.0591164,228.6483932,153.9323997,153.9324188,87.60880828,1,forward,5.95455485,7.515727781,0,0,0,0,0,0,0
1,272.5545502,311.5457583,159.2462158,159.2462111,83.0616653,1,forward,5.94662105,-2.305808869,0,0,0,0,0,0,0
1,275.4413605,205.0207615,125.4666901,125.4667854,95.31303644,0,forward,8.899604813,3.850179079,0,0,0,0,0,0,0
1,242.9599953,226.4584637,145.7851601,145.7850838,95.91706395,0,forward,5.936628873,5.42762461,1,226,375,354,480,0.824538589,1
1,258.3099556,216.1820126,131.4512062,131.4514732,93.83754134,1,forward,5.934823458,7.084000881,1,144,425,261,479,0.733329535,1
1,244.6617508,224.2797089,140.0464249,140.0464725,95.91742754,0,forward,5.93392842,2.902863564,1,204,339,340,480,0.826320589,1
1,253.0909729,275.8226979,199.1138077,199.1018343,89.33428526,2,forward,5.926803879,-2.409683233,0,0,0,0,0,0,0
1,275.3520966,316.2886906,144.2740631,144.2740631,89.49093223,0,forward,3.564576305,5.203370723,0,0,0,0,0,0,0
1,275.3516006,236.9263744,128.758316,128.7583923,84.93621349,0,forward,11.29049796,14.5996939,0,0,0,0,0,0,1
1,275.3033066,238.3996868,151.3047791,151.3049698,93.52957606,0,forward,5.567675171,13.22400057,0,0,0,0,0,0,1
1,270.2035904,217.4432659,139.4439697,139.4440269,97.13075161,0,forward,5.916591569,1.871557471,1,85,393,219,480,0.717915356,1
1,275.2013969,270.8968449,162.3560143,162.3558426,94.27072406,0,forward,7.930719095,10.67874322,0,0,0,0,0,0,0
1,249.9860001,248.2496739,149.7194672,149.7197342,92.42071509,2,forward,5.898275409,-3.141713193,0,0,0,0,0,0,0
1,275.1327515,199.5554638,132.4226761,132.422905,94.21856999,0,forward,13.8764148,1.515228184,0,0,0,0,0,0,0
1,242.5011253,276.6390896,123.9920616,123.9918137,97.29533195,0,forward,5.864722007,12.25984725,1,231,423,329,479,0.834797859,1
1,275.0608444,270.5516911,162.2335434,162.2333336,94.26243305,0,forward,7.212389515,10.66062106,0,0,0,0,0,0,0
1,275.0479507,204.5901489,126.256752,126.2568283,95.12518644,0,forward,10.80469873,3.69033558,0,0,0,0,0,0,0
1,293.2279968,281.6658497,154.4042587,154.4042587,92.76093841,1,forward,5.838327717,11.85028583,0,0,0,0,0,0,0
1,274.8540878,305.6907177,101.2646103,101.2648773,92.29423404,0,forward,-3.779702821,6.571670956,0,0,0,0,0,0,0
1,266.2680054,270.2054024,133.0286026,133.0285549,93.02610755,1,forward,5.808453433,-2.974692701,0,0,0,0,0,0,0
1,274.755249,211.6189098,138.9864349,138.9864063,95.57605386,0,forward,6.214978753,4.205088663,0,0,0,0,0,0,0
1,243.7787819,209.031601,128.371067,128.3713531,94.04241443,2,forward,5.798198079,9.803276266,0,0,0,0,0,0,0
1,274.6655655,191.431334,162.6192093,162.6191998,89.36623335,0,forward,7.719153659,-2.404239546,0,0,0,0,0,0,0
1,223.413887,275.0264549,194.0393066,194.0275383,79.95640635,2,forward,5.781210702,-2.349423824,0,0,0,0,0,0,0
1,276.7982674,220.9273624,131.1115074,131.1116695,95.80521584,0,forward,5.777304534,10.61881538,1,100,354,238,480,0.809434354,1
1,274.5646667,290.7524705,189.5668411,189.5555305,91.13613367,0,forward,2.893224848,-2.751128552,0,0,0,0,0,0,0
1,248.0091476,235.5425763,136.1968994,136.1969662,89.0897572,2,forward,5.775661559,-2.312666185,0,0,0,0,0,0,0
1,269.0839195,222.9180336,125.6890678,125.6893444,97.02183604,0,forward,5.768091655,7.624693682,1,183,382,302,480,0.833025813,1
1,274.5466995,205.9465885,145.184288,145.1843548,94.24715042,0,forward,5.520777103,0.194686084,0,0,0,0,0,0,0
1,274.4734955,132.7987576,163.7647629,163.7646389,94.6988523,0,forward,0.388104845,-3.656433759,0,0,0,0,0,0,0
1,228.2032204,166.7595291,148.598156,148.5981846,95.40843368,1,forward,5.738838847,10.04625707,1,104,179,232,351,0.774318218,1
1,243.3224678,225.4553318,145.9383202,145.9382629,95.12175918,0,forward,5.726035177,4.654580172,1,224,371,353,480,0.832822144,1
1,274.4137955,314.898119,147.4941635,147.4940872,85.77035069,0,forward,4.388125814,4.677536673,0,0,0,0,0,0,0
1,262.3659325,221.0505867,131.588459,131.5886593,95.98236084,0,forward,5.716270898,-4.257719435,1,352,315,501,480,0.810473323,1
1,249.359951,282.425977,147.8780556,147.878108,81.86940551,1,forward,5.713125675,-1.307174616,0,0,0,0,0,0,0
1,239.539566,273.2641125,125.4970551,125.496912,96.48801088,0,forward,5.709820947,12.60608228,1,235,426,338,479,0.782750964,1
1,249.2445755,311.3574886,129.8676682,129.8675537,83.95715952,0,forward,5.708332717,8.035638929,1,242,360,339,479,0.73928082,1
0,0,0,0,0,0,0,forward,5.702604094,0.437654239,0,0,0,0,0,0,1
1,274.4135284,231.0908532,165.163002,165.1597309,86.16830111,0,forward,-3.660344636,1.395825092,0,0,0,0,0,0,0
1,246.5478516,228.140974,143.7971115,143.7970734,96.33232355,0,forward,5.674589317,4.819153004,1,228,375,354,480,0.845704854,1
1,274.4042587,312.6421952,159.6222687,159.6222496,86.94608808,0,forward,5.249421429,-1.216052099,0,0,0,0,0,0,0
1,260.8497047,215.6491184,136.9600487,136.9602871,96.37258649,1,forward,5.658218926,8.424879532,1,139,436,252,479,0.658872187,1
1,254.9161911,278.7106395,188.6260223,188.6175442,92.42669344,2,forward,5.64369853,-2.963536214,0,0,0,0,0,0,0
1,261.6936874,220.1356316,133.2822418,133.2824993,96.51376605,0,forward,5.640486302,7.897546714,1,168,371,293,480,0.748190463,1
1,274.3925285,324.3283939,139.3371391,139.3370247,85.53261757,0,forward,0.129203955,8.510022803,0,0,0,0,0,0,0
1,257.4268532,251.5657044,139.1846275,139.1846752,89.39504027,1,forward,5.615603713,-1.582814008,0,0,0,0,0,0,0
1,274.0649605,308.4518051,102.8046608,102.8049374,89.92650509,0,forward,-4.302431838,7.680473777,0,0,0,0,0,0,0
1,268.1025314,314.1683626,176.5634918,176.5582037,88.48586679,1,forward,5.591093315,-1.155069239,0,0,0,0,0,0,0
1,243.5638428,225.3882122,150.1948929,150.1950073,95.88752389,0,forward,5.581842572,4.392873333,1,221,375,354,480,0.80637902,1
1,234.3793869,221.634779,144.0804672,144.0803719,95.4901576,0,forward,5.580717875,2.529846653,1,219,349,340,480,0.860399902,1
1,254.0039825,226.3107777,142.3505402,142.3504543,97.43458033,0,forward,5.577771907,4.206255717,1,242,364,369,480,0.830533564,1
1,272.3919868,316.5943229,156.289463,156.2895584,72.78439403,1,forward,5.575202672,-1.743129739,1,471,81,638,370,0.90058583,1
1,251.8727303,314.4787216,117.8401375,117.8400135,90.22455215,0,forward,5.568740388,7.269191617,1,235,374,337,479,0.669232011,1
1,249.4812012,225.0647449,139.0984726,139.0982723,94.62571144,0,forward,5.568179404,4.123009551,1,208,333,337,479,0.88648814,1
1,274.0280724,197.0832825,129.0993309,129.0995407,94.51936483,0,forward,14.81023601,3.874639681,0,0,0,0,0,0,0
1,273.7636185,302.8078365,101.8895721,101.8898392,91.52736068,0,forward,-1.385387189,6.708292937,0,0,0,0,0,0,0
1,258.4863472,252.2576141,150.6772423,150.6772327,92.95132756,1,forward,5.544104991,-3.710636882,0,0,0,0,0,0,0
1,258.3753014,218.9501667,129.5046806,129.5048046,93.55984926,0,forward,5.538257636,-5.352072222,1,418,330,542,474,0.656071484,1
1,273.6567688,270.7727337,162.676239,162.6760483,94.40769553,0,forward,7.434767746,10.73766025,0,0,0,0,0,0,0
1,273.5202408,319.6648121,123.5640717,123.5638046,93.08540225,0,forward,3.831573435,10.16695576,0,0,0,0,0,0,0
1,253.81073,238.2452274,158.8070679,158.8068008,92.6659584,0,forward,-1.438411077,-7.952931955,0,0,0,0,0,0,0
1,273.3208275,216.6230679,141.2119102,141.2120247,96.64426446,0,forward,4.31426734,6.770724246,0,0,0,0,0,0,0
1,256.524353,241.788168,136.8002701,136.8004704,96.39663696,1,forward,5.485462197,5.640456079,0,0,0,0,0,0,0
1,232.5561142,229.3435764,154.6495819,154.6496487,95.34071088,1,forward,5.477023757,2.285646219,0,0,0,0,0,0,0
1,259.0509415,254.6057201,140.7628632,140.7628727,90.01550674,2,forward,5.460180982,-4.505643403,0,0,0,0,0,0,0
0,0,0,0,0,0,0,forward,5.458539196,0.621125243,0,0,0,0,0,0,1
1,268.8897324,314.4674445,159.1080856,159.1079807,63.23099136,1,forward,5.452349842,-0.543580974,0,0,0,0,0,0,0
1,256.3453674,238.8779711,127.3435211,127.3435593,87.30806708,2,forward,5.450818871,-3.185465586,0,0,0,0,0,0,0
1,273.3176231,208.1245708,141.6919518,141.6921043,94.75818872,0,forward,8.089798096,1.524760447,0,0,0,0,0,0,0
1,275.2693748,220.4661083,131.0647774,131.0649204,96.66503072,0,forward,5.445749754,1.864347863,1,108,295,236,480,0.904644907,1
1,245.3951073,267.1993137,195.762043,195.7513905,91.38807058,2,forward,5.440061176,-3.013277448,0,0,0,0,0,0,0
1,241.1431503,227.7911854,156.5195084,156.519413,96.73448801,1,forward,5.428528408,3.801905663,0,0,0,0,0,0,0
1,273.2830811,344.6545315,134.5796204,134.5795441,88.10533881,0,forward,-3.296113682,5.046047206,0,0,0,0,0,0,0
1,273.2250214,269.5534515,162.8198242,162.819643,94.01343465,0,forward,7.109819316,11.67625338,0,0,0,0,0,0,0
1,262.2951889,242.0095634,124.7930145,124.7931576,86.89053059,2,forward,5.421722939,-2.511355953,0,0,0,0,0,0,0
1,272.9762077,316.563406,150.4913521,150.4914665,88.27698827,0,forward,7.076301534,6.319534057,0,0,0,0,0,0,0
1,272.9110718,268.3373737,164.3125534,164.3123817,94.04452443,0,forward,6.498684533,10.74343165,0,0,0,0,0,0,0
1,272.807579,300.7506466,157.4235153,157.423439,94.22883391,0,forward,-3.660711013,8.629464749,0,0,0,0,0,0,0
1,205.216465,248.0647659,173.3642769,173.3598232,94.07407641,0,forward,5.391471129,7.581553636,1,31,273,153,478,0.886583567,1
1,272.4776459,316.5383327,172.2254181,172.2209787,87.25454211,1,forward,5.377785738,-1.337705004,0,0,0,0,0,0,0
1,302.6552773,296.0346485,196.1076164,196.0982609,87.25919127,2,left,5.8869,-13.5716,0,0,0,0,0,0,1
1,296.235199,294.1669441,199.3148804,199.3060398,89.99848962,2,left,3.568722422,-15.22655443,0,0,0,0,0,0,1
1,287.4112129,285.0009084,196.1879158,196.1771679,90.16981721,2,left,3.291162909,-14.571654,0,0,0,0,0,0,1
1,257.0910072,287.4944901,186.8457603,186.8373299,80.61199188,2,forward,5.368395489,-1.840162449,0,0,0,0,0,0,0
1,249.5965195,274.1676784,198.3633804,198.3530045,86.23344302,2,forward,5.368297242,-2.382076739,0,0,0,0,0,0,0
1,272.6887894,221.2778664,132.6654434,132.6654911,97.04091549,0,forward,5.015077165,4.68591311,0,0,0,0,0,0,0
1,263.6678696,241.1670399,124.5964813,124.5966053,92.12350845,2,forward,5.36709556,-4.539690433,0,0,0,0,0,0,0
1,268.5851097,310.2686691,116.2161827,116.2164402,81.74756169,1,forward,5.366716365,10.64176388,0,0,0,0,0,0,0
1,252.798481,234.0271163,127.3998451,127.3998642,91.39555693,2,forward,5.361011503,-1.531932086,0,0,0,0,0,0,0
1,261.7719841,252.3812842,169.9383736,169.9339485,81.11024499,2,forward,5.349884423,-2.502158969,0,0,0,0,0,0,0
1,250.9476662,245.2532649,135.3972435,135.3973103,87.41175532,1,forward,5.34674649,-2.604041414,0,0,0,0,0,0,0
1,251.5958786,276.9129562,191.6478729,191.6385841,92.5927937,2,forward,5.34189238,-0.986248191,0,0,0,0,0,0,0
1,230.112896,194.2853451,112.3744392,112.3744297,87.84649968,1,forward,5.33489827,0.193880132,0,0,0,0,0,0,0
1,264.0465546,290.4102481,199.2049408,199.1924572,87.85198927,1,forward,5.32055158,-6.222983774,0,0,0,0,0,0,0
1,312.2299576,286.7319489,155.9915543,155.991354,90.9353435,0,forward,5.313682758,8.80536939,1,76,305,258,480,0.607855141,1
1,279.5705605,220.1012993,129.0415764,129.0417767,96.78662419,1,forward,5.310440074,7.385762897,0,0,0,0,0,0,0
1,272.413044,307.7241039,103.9155769,103.9157295,89.19591308,0,forward,-3.34316337,6.999334178,0,0,0,0,0,0,0
1,272.345295,312.3560393,154.9271584,154.9271107,83.76632929,0,forward,5.428264442,-0.790433117,0,0,0,0,0,0,0
1,241.5982246,227.26367,150.7787895,150.7787418,95.55936456,0,forward,5.296766176,4.285815297,1,215,384,355,479,0.762722731,1
1,272.1634293,295.4271293,198.7019348,198.6905766,87.31341362,2,forward,5.29100356,-2.475359713,0,0,0,0,0,0,0
1,272.2244263,208.3675289,143.1613159,143.1613255,94.55336332,0,forward,7.058275599,5.823324682,0,0,0,0,0,0,0
1,272.0530701,209.5356846,137.915535,137.9156399,95.44157386,0,forward,7.729836367,7.831319676,0,0,0,0,0,0,0
1,232.6582718,222.1169758,144.4775009,144.4774246,95.76143622,0,forward,5.279954071,3.587635381,1,214,349,337,480,0.843708873,1
1,272.0068741,270.1741505,125.0413513,125.0414085,85.05476713,0,forward,11.40480066,-7.279232735,0,0,0,0,0,0,0
1,272.0048904,187.8315854,166.3903809,166.3869667,90.66452384,0,forward,4.824040159,0.526169048,0,0,0,0,0,0,0
1,256.8144035,218.8887119,131.4805794,131.4808559,94.91881728,2,forward,5.266424572,7.584691658,1,145,434,264,478,0.739018857,1
1,271.9844246,306.6258717,135.9616661,135.9615898,90.99423289,0,forward,9.537114443,9.663983838,0,0,0,0,0,0,0
1,271.9747925,304.2650986,152.2966003,152.2964001,95.34441829,0,forward,-4.752114594,7.817126431,0,0,0,0,0,0,0
1,293.0573845,257.5150395,162.4907494,162.4846172,85.82150936,1,forward,-6.172512154,-7.934121451,0,0,0,0,0,0,0
1,272.689991,220.4959202,129.229641,129.2296886,96.22070789,0,forward,5.245440643,3.719809817,1,133,440,242,480,0.696994066,1
1,271.7850876,207.9403496,140.7204819,140.7205868,94.96814013,0,forward,6.65555393,4.837489532,0,0,0,0,0,0,0
1,271.5787697,337.3301411,143.2202339,143.2201481,84.90062356,0,forward,-2.053853274,4.985996756,0,0,0,0,0,0,0
1,271.4455414,262.8248119,159.1139984,159.1138458,93.35744381,0,forward,11.49789096,5.493968321,0,0,0,0,0,0,0
1,271.41922,230.9571386,161.8286896,161.8285847,92.21090078,0,forward,0.784586231,4.215816077,0,0,0,0,0,0,0
1,255.2835655,214.9207592,139.592762,139.5929146,94.97401118,1,forward,5.201647636,7.297459128,1,144,428,252,479,0.669302285,1
1,234.0742302,220.5524826,143.8818932,143.8819027,96.15547061,0,forward,5.200071895,3.262871143,1,213,353,339,480,0.835711718,1
1,282.2524261,276.6944313,225.1388931,225.1185608,66.1762774,1,forward,-6.162737782,-7.932496805,0,0,0,0,0,0,0
1,271.4084435,234.6219349,154.4014168,154.4015121,92.38840938,0,forward,4.942740271,13.12716134,0,0,0,0,0,0,1
1,271.3742065,303.5024929,160.2593613,160.2592278,95.92933655,0,forward,-2.095782546,10.45135252,0,0,0,0,0,0,0
1,190.0193787,250.2212906,163.6680984,163.6678219,91.7527914,0,forward,5.190540163,9.098736673,1,0,355,158,480,0.805655062,1
1,271.286602,320.706625,133.1417274,133.1417656,90.56629539,0,forward,3.165572362,12.76056536,0,0,0,0,0,0,0
1,271.2865448,196.3706231,170.3934479,170.3934288,91.77454114,0,forward,0.514459209,-1.267746229,0,0,0,0,0,0,0
1,271.1918831,263.3381653,157.6747704,157.6746655,93.10383201,0,forward,10.73187826,5.152346985,0,0,0,0,0,0,0
1,271.0300446,305.0804043,150.1555252,150.1554108,94.99127269,0,forward,-6.032587727,8.648986051,0,0,0,0,0,0,0
1,303.2531357,282.1790338,181.2906647,181.2844276,75.42216182,2,forward,-9.685823801,-7.919772474,0,0,0,0,0,0,1
1,270.9672165,208.4677505,145.1363754,145.1363468,94.70139742,0,forward,6.044838401,3.517888359,0,0,0,0,0,0,0
1,270.927906,284.643836,187.2514915,187.2423506,92.20896959,0,forward,2.075266128,-1.901037994,0,0,0,0,0,0,0
1,270.8629799,266.4310765,190.6802177,190.6761074,94.45434213,0,forward,0.33569896,-0.098514037,0,0,0,0,0,0,0
1,270.7786942,253.6123753,172.7374649,172.7343178,95.44696808,0,forward,8.024213426,10.87483177,0,0,0,0,0,0,0
1,270.7539749,308.6513901,138.0113602,138.0110836,90.23190141,0,forward,4.176824029,8.852749032,0,0,0,0,0,0,0
1,300.3470039,288.5875415,198.4291649,198.4158325,80.74015379,2,forward,-3.129246168,-7.911939301,0,0,0,0,0,0,0
1,270.4955864,303.5136509,136.8486595,136.8486214,90.76476097,0,forward,10.53285098,12.35297898,0,0,0,0,0,0,0
1,270.367527,306.9014454,104.3045998,104.3048859,88.97248507,0,forward,-3.972749951,7.125799773,0,0,0,0,0,0,0
1,249.0303421,220.1311111,129.5687485,129.5688629,94.9305594,1,forward,5.10648594,8.077586691,0,0,0,0,0,0,0
1,270.3214836,206.13204,145.3019142,145.3019428,93.95568967,0,forward,6.145026745,4.154415979,0,0,0,0,0,0,0
1,251.5413094,242.8597427,130.486393,130.4866219,91.20258093,1,forward,5.097377265,-4.955297638,0,0,0,0,0,0,0
1,273.3912849,222.7693462,126.3329506,126.3330173,97.10671306,1,forward,5.095173058,3.271640237,1,104,295,233,480,0.893569052,1
1,256.9397736,253.9031339,141.3816071,141.3816547,92.17624664,1,forward,5.094301949,-2.071318572,0,0,0,0,0,0,0
1,272.1615791,278.2638478,140.2464485,140.246172,92.52780676,1,forward,5.081016952,-4.429471341,0,0,0,0,0,0,0
1,277.7563477,223.4772778,122.8443909,122.8445435,96.32000923,0,forward,5.080518061,9.160933861,1,163,411,299,480,0.729387164,1
1,270.2649307,307.232666,123.9299393,123.9302731,93.29833388,0,forward,5.031809808,7.04353871,0,0,0,0,0,0,0
1,240.1348305,224.9578571,138.866787,138.8666725,95.96594572,0,forward,5.056829988,4.408345769,1,210,345,339,480,0.860740483,1
1,261.7211151,259.602263,150.0802612,150.0801659,91.83090329,1,forward,5.055250612,-4.034639686,0,0,0,0,0,0,0
1,248.799057,220.3053761,132.9689789,132.9690456,95.02606392,1,forward,5.054345156,7.805321613,0,0,0,0,0,0,0
1,239.2811012,226.669836,140.2582359,140.2581024,95.83280683,0,forward,5.048071439,4.010568828,1,210,351,339,480,0.815882146,1
1,258.0352592,254.7168159,135.9561348,135.9562397,88.19326162,1,forward,5.047202673,-3.091722612,1,108,137,270,410,0.777779102,1
1,270.2039909,194.0907025,170.2251244,170.2250576,92.46428013,0,forward,2.020911835,-0.848376365,0,0,0,0,0,0,0
1,270.1538849,313.4112453,147.1137619,147.1138,88.02595139,0,forward,3.573666432,5.67136765,0,0,0,0,0,0,0
1,311.8370247,298.7385965,188.9926338,188.9823246,83.42489004,2,forward,-8.394084802,-7.906470886,0,0,0,0,0,0,1
1,269.9229813,315.0880337,136.6124344,136.6121864,96.83995247,0,forward,-3.297784011,7.189860293,0,0,0,0,0,0,0
1,253.5301399,259.5935559,191.7323494,191.7222118,89.03037906,1,forward,5.003149999,-0.184246496,0,0,0,0,0,0,0
1,269.8750114,219.239645,133.7001228,133.7002659,97.21545577,0,forward,6.70507998,9.077126704,0,0,0,0,0,0,0
1,252.8971863,228.7989521,141.5141296,141.5140343,97.44467735,0,forward,5.00141065,4.672219785,1,245,363,366,480,0.874202371,1
1,269.7237206,293.6965752,143.8505363,143.8503742,90.98344445,0,forward,6.471613157,-0.948625639,0,0,0,0,0,0,0
1,254.6710396,227.6415539,138.9340019,138.9339638,97.24732637,0,forward,4.980621101,4.024392456,1,247,363,368,480,0.875290632,1
1,281.441803,219.4095612,132.6733017,132.6732731,95.49437761,0,forward,4.962132925,9.055668728,1,124,302,243,479,0.913208365,1
1,269.706955,226.3959957,158.5677719,158.5677052,91.99473262,0,forward,-1.897644899,3.709731741,0,0,0,0,0,0,0
1,269.6513367,248.6085606,153.499527,153.4993172,91.79458618,0,forward,6.331408794,11.8456377,0,0,0,0,0,0,0
1,269.6242714,206.102972,143.997097,143.9972019,94.87617612,0,forward,6.874350609,4.507555585,0,0,0,0,0,0,0
1,273.3644104,245.4298401,171.4884949,171.4849377,88.46910596,2,left,-1.552156381,-14.16820171,0,0,0,0,0,0,1
1,280.2085304,262.628088,184.1420555,184.1374397,91.62145853,2,left,-3.785606715,-14.84232094,0,0,0,0,0,0,1
1,270.5376816,270.1130128,196.2097549,196.2021446,90.8510685,2,left,-0.594439469,-12.02153832,0,0,0,0,0,0,1
1,280.9091759,270.6244922,201.0547829,201.0429096,79.17113304,2,forward,-5.541163894,-7.906311279,0,0,0,0,0,0,0
1,241.4307022,248.9549732,151.150589,151.1507607,92.66564846,1,forward,4.942568282,7.814580487,1,164,266,211,362,0.63330543,1
1,269.5174599,249.5601368,134.7122765,134.7125816,93.65550876,0,forward,11.89514131,13.38908192,0,0,0,0,0,0,1
1,244.2413139,284.8038244,171.1212349,171.1167383,89.99037147,2,forward,4.938095233,-0.430870156,0,0,0,0,0,0,0
1,269.5210648,216.7340183,137.701683,137.7017784,96.64978385,0,forward,4.937257878,0.340394384,1,81,390,215,479,0.782931685,1
1,262.8289413,222.9902744,129.4358826,129.4361115,95.79699039,0,forward,4.936200987,-4.809408039,1,363,311,508,480,0.843797326,1
1,269.4309235,217.0554256,135.2469254,135.2470779,96.9735086,0,forward,3.896671737,6.663745767,0,0,0,0,0,0,0
1,237.8754425,285.1441956,126.4889908,126.489172,95.07425427,0,forward,4.929898086,9.869773706,1,189,357,293,478,0.784534454,1
1,241.3012314,229.516468,154.3439484,154.3438911,96.45317793,1,forward,4.926594799,4.121783631,0,0,0,0,0,0,0
1,241.4230728,225.4710674,141.8348694,141.8348122,95.63065171,0,forward,4.925567362,3.151019418,1,206,343,339,480,0.787235022,1
1,269.4068146,315.3641796,139.873085,139.8727798,96.22415304,0,forward,-4.343867192,7.525562506,0,0,0,0,0,0,0
1,242.1805763,221.3013554,131.0797691,131.0797119,96.3721633,1,forward,4.910602051,10.14285877,1,321,285,458,424,0.737279594,1
1,269.2986679,308.9566326,105.3671646,105.3672981,89.91266489,0,forward,-3.991317486,6.611392246,0,0,0,0,0,0,0
1,204.2727089,250.4569244,174.1279793,174.1232014,94.28298473,0,forward,4.909966536,8.876072538,1,0,221,197,478,0.88058883,1
1,269.2842293,305.3111744,159.6642876,159.6640205,94.74193454,0,forward,-3.225488273,9.200539107,0,0,0,0,0,0,0
1,269.2614937,308.3853149,106.635952,106.636076,89.01718259,0,forward,-2.29578731,7.522446724,0,0,0,0,0,0,0
1,262.1017456,280.0234437,200.5495453,200.538826,92.07268357,2,forward,4.900841625,-2.715601867,0,0,0,0,0,0,0
1,248.5666084,218.7403393,132.8508186,132.8509712,95.60258985,1,forward,4.898944207,7.449814148,0,0,0,0,0,0,0
1,248.1931114,218.4890556,132.736187,132.736187,92.0201242,1,forward,4.897396898,5.749650758,0,0,0,0,0,0,0
1,269.1644287,238.4773898,166.3150406,166.3150692,94.06186938,0,forward,1.415010263,2.372920945,0,0,0,0,0,0,0
1,269.0457153,323.8165569,137.7981949,137.7983665,89.07980919,0,forward,5.39563545,11.87986166,0,0,0,0,0,0,0
1,237.1311188,221.6519046,137.1460342,137.1459103,92.0845747,2,forward,4.881775432,-2.681081313,0,0,0,0,0,0,0
1,248.8536072,218.5234165,132.070694,132.0707703,95.39993405,1,forward,4.879254734,7.665165556,0,0,0,0,0,0,0
1,269.0150642,364.9649048,153.2024956,153.2025719,77.47724056,0,forward,-3.755503583,2.843299877,0,0,0,0,0,0,0
1,247.8757858,314.4258785,128.1471252,128.1469345,82.53657222,0,forward,4.869482993,9.733287392,1,232,357,332,480,0.858856678,1
1,273.7809563,300.1223874,162.5962639,162.5959396,81.89880252,2,forward,4.866686457,-3.985004693,0,0,0,0,0,0,0
1,273.6715508,300.080967,187.0921898,187.0801449,77.900666,2,forward,4.864495998,-3.782612171,0,0,0,0,0,0,0
1,235.7198334,221.7663002,143.535347,143.5352898,95.90262175,0,forward,4.854288066,2.617411805,1,218,353,339,479,0.831784368,1
1,316.2181664,302.0457173,176.310215,176.3057327,93.8303411,1,forward,4.8501867,-2.160356301,0,0,0,0,0,0,0
1,254.4555664,221.8422318,131.2641144,131.2641621,96.35269046,0,forward,4.843306925,8.19994002,1,332,349,468,475,0.608017206,1
1,257.1477127,246.4593673,138.720665,138.7208748,87.78978586,2,forward,4.832432983,-3.277108989,0,0,0,0,0,0,0
1,266.8272781,282.3519253,196.9404602,196.929388,90.44210911,1,forward,4.830902982,-1.601817105,0,0,0,0,0,0,0
1,269.0032768,338.8579273,140.4723549,140.4722786,88.10620904,0,forward,0.217294208,5.816815236,0,0,0,0,0,0,0
1,268.8829613,250.8818436,174.7760963,174.7725964,94.93570328,0,forward,8.704366699,8.974386759,0,0,0,0,0,0,0
1,234.6314621,223.2605553,141.1507034,141.1505985,96.52904868,0,forward,4.818455424,3.058673713,1,216,349,338,480,0.864366055,1
1,280.1202011,222.9923916,123.3296967,123.3297729,95.09178996,0,forward,4.804119093,9.340514254,1,192,291,322,476,0.682281554,1
1,260.2104187,266.3650727,152.830162,152.8300667,93.61671209,1,forward,4.796083442,-0.773733102,0,0,0,0,0,0,0
1,286.5510368,282.4046349,207.1940804,207.1814919,72.2881794,1,forward,-5.566438709,-7.844268096,0,0,0,0,0,0,0
1,268.6898994,318.9914703,139.6541405,139.6541119,88.78020644,0,forward,1.320607224,8.655022691,0,0,0,0,0,0,0
1,278.1840515,226.9787693,127.5419617,127.5419426,95.93130946,2,forward,4.767066226,7.17576433,0,0,0,0,0,0,0
1,268.5987282,296.8636036,164.2592049,164.2590523,94.64402795,0,forward,-3.71768837,9.387167405,0,0,0,0,0,0,0
1,268.536644,201.0062242,166.9141769,166.9107628,93.84235144,0,forward,8.551684167,1.65856825,0,0,0,0,0,0,0
1,268.5240936,223.8088703,124.7177505,124.7179699,97.53522873,0,forward,4.619338819,5.608712811,0,0,0,0,0,0,0
1,268.48423,321.7461777,150.1007462,150.1006222,85.13484597,0,forward,-2.021499298,4.500631189,0,0,0,0,0,0,0
1,227.1446609,271.971817,128.8903046,128.8904285,95.08949518,0,forward,4.741385191,9.466249898,1,346,377,509,480,0.67812413,1
1,268.4255981,333.1599712,146.1878586,146.1877441,86.36998534,0,forward,3.098164205,3.845858162,0,0,0,0,0,0,0
1,239.151535,226.3756657,143.38871,143.3885479,95.63262463,0,forward,4.73485698,3.78340392,1,207,359,342,480,0.739637554,1
1,268.3567429,317.8620243,141.8706512,141.8707466,96.16543651,0,forward,-5.149137309,6.50276313,0,0,0,0,0,0,0
1,261.9105721,219.0124226,123.934269,123.9344788,87.13682294,2,forward,4.717917348,6.970786492,1,142,424,266,479,0.717478693,1
1,211.1294365,226.7219186,156.6400337,156.6401768,88.1767869,2,forward,4.717193352,5.007397825,0,0,0,0,0,0,0
1,268.2874298,311.9372845,158.838501,158.8385582,79.18772697,0,forward,7.67693786,-1.753988986,0,0,0,0,0,0,0
1,272.2004128,308.9352143,168.6256599,168.6214399,86.83149219,1,forward,4.711409243,-1.349369227,0,0,0,0,0,0,0
1,268.08424,304.8297167,170.0932884,170.0890303,91.29191637,0,forward,7.319006649,-1.834289158,0,0,0,0,0,0,0
1,268.0777931,302.2658157,161.0015297,161.0014057,95.9205389,0,forward,-3.501844002,9.187579003,0,0,0,0,0,0,0
1,231.0604858,222.2477531,145.8054733,145.8054543,95.99151015,0,forward,4.697989656,2.895202419,1,208,360,338,480,0.786842525,1
1,267.9746056,303.7397171,140.5550194,140.5551195,78.3947885,0,forward,7.17118402,-1.019454302,0,0,0,0,0,0,0
1,281.8453598,218.4688282,138.5996246,138.5995388,96.63761854,0,forward,4.688847526,1.305201751,1,103,300,231,479,0.903419971,1
1,286.7830276,278.9712047,177.0043182,176.9987011,83.52670074,1,forward,-6.203229943,-7.833244641,0,0,0,0,0,0,0
1,267.7547264,320.8001232,137.2417259,137.2418404,90.40608406,0,forward,3.872865002,11.20906484,0,0,0,0,0,0,0
1,212.150135,204.9524689,137.3616982,137.3619461,89.54586387,1,forward,4.671093057,6.592853837,0,0,0,0,0,0,0
1,267.678299,334.6951675,135.2839661,135.2839565,85.83180308,0,forward,2.021771753,4.428858092,0,0,0,0,0,0,0
1,267.652874,324.6252823,137.8993797,137.8995609,87.61667609,0,forward,4.543103271,12.0447695,0,0,0,0,0,0,0
1,250.1770973,207.0790672,124.3601036,124.3603706,95.2950716,0,forward,4.638060069,3.12037032,1,124,271,249,478,0.879036307,1
1,269.0477753,285.9687162,186.714592,186.7040634,90.68822265,2,forward,4.628798546,-4.367189051,0,0,0,0,0,0,0
1,256.8746948,231.4127827,136.3218689,136.3218212,97.24816084,0,forward,4.626769199,3.639161773,1,248,365,369,480,0.836168289,1
1,293.3866882,272.4362969,211.3524628,211.3400745,70.22278905,1,forward,-7.516562981,-7.8173156,0,0,0,0,0,0,0
1,267.5461197,312.4084866,175.8522797,175.8464384,86.63626909,0,forward,6.296588651,-1.129565115,0,0,0,0,0,0,0
1,246.2359428,224.3898296,143.5983467,143.598175,94.07403469,0,forward,4.615193971,4.056195462,1,210,334,340,479,0.878225803,1
1,267.4575806,250.7194519,173.9590073,173.9556026,95.75594664,0,forward,8.848177974,9.889218231,0,0,0,0,0,0,0
1,257.0921707,269.1829681,212.4596786,212.4461746,81.6067636,2,forward,4.608057922,-4.475260615,0,0,0,0,0,0,0
1,267.2849274,313.0586243,142.8730011,142.8727055,95.70586681,0,forward,-5.765359329,7.593768243,0,0,0,0,0,0,0
1,267.2429085,306.6091919,158.5600853,158.5599232,95.73130608,0,forward,-3.848647106,8.665921809,0,0,0,0,0,0,0
1,267.2126579,325.3883457,133.2632637,133.2631874,86.49452329,0,forward,1.730487877,5.063376938,0,0,0,0,0,0,0
1,267.0362854,296.9051898,158.9472961,158.9470768,87.78490424,0,forward,6.447806866,-2.994463985,0,0,0,0,0,0,0
1,265.6850815,287.4305547,192.9124451,192.9012251,89.8028791,2,forward,4.578467381,-4.499864592,0,0,0,0,0,0,0
1,205.2397728,250.6935024,173.9771843,173.9715958,93.92182231,0,forward,4.570805119,8.527483382,1,0,242,221,478,0.923190594,1
1,266.8785667,303.4310532,163.895092,163.8949299,93.99259686,0,forward,-3.418703408,8.720683545,0,0,0,0,0,0,0
1,266.8261147,221.424551,132.3533058,132.3533249,96.75323367,0,forward,4.497525033,6.92672339,0,0,0,0,0,0,0
1,300.2799225,288.1585121,163.1094742,163.1091499,82.28175044,2,left,-1.370597975,-10.73939521,0,0,0,0,0,0,1
1,321.80336,288.6618066,168.5399628,168.5396862,76.93637609,2,left,-6.490164353,-18.26159355,0,0,0,0,0,0,1
1,303.8150215,302.2124767,192.9386711,192.929306,78.03376317,2,left,-6.054635758,-10.93084212,0,0,0,0,0,0,1
1,266.7788696,299.3393326,163.1973267,163.1971264,93.35776567,0,forward,-0.172446205,0.009112545,0,0,0,0,0,0,0
1,305.182457,279.7381425,188.1840134,188.1734276,80.02061844,2,down,-11.54751188,-7.960022934,0,0,0,0,0,0,1
1,304.522934,297.6787091,192.2321701,192.2276974,73.70936275,1,down,-14.55321266,-7.251585826,0,0,0,0,0,0,1
1,309.5746994,285.7243037,174.272728,174.2680836,84.43191648,1,down,-11.94189696,-7.355158431,0,0,0,0,0,0,1
1,305.4683304,282.7814985,174.6698761,174.6657085,84.68296528,2,down,-10.43061275,-7.63677387,0,0,0,0,0,0,1
1,307.3162079,282.4060893,186.4482117,186.4387608,83.03290009,2,down,-13.80296995,-6.617552055,0,0,0,0,0,0,1
1,311.4592934,277.7126909,161.0501671,161.0501003,87.40165234,2,down,-12.14294763,-5.514300564,0,0,0,0,0,0,1
1,307.7588844,284.9466681,185.8835793,185.872736,80.82060814,2,down,-11.81034723,-6.762041419,0,0,0,0,0,0,1
1,310.8999252,281.4346719,182.0372772,182.0272923,82.55345821,2,down,-10.49024489,-5.08607998,0,0,0,0,0,0,1
1,266.6412544,311.6537356,169.2233086,169.2192364,87.20058203,0,forward,0.264166372,-1.086440174,0,0,0,0,0,0,0
1,307.8091431,277.2126556,180.9859085,180.9760094,82.07188249,2,down,-10.7845505,-4.525090855,0,0,0,0,0,0,1
1,266.4811516,317.2305679,138.2068825,138.2066631,96.25301361,0,forward,-4.671173205,6.864021351,0,0,0,0,0,0,0
1,301.8390465,274.4851423,178.6136055,178.6079407,82.30897188,2,down,-12.16483888,-3.65794218,0,0,0,0,0,0,1
1,266.3880157,166.3559746,146.2382507,146.2378693,94.46185827,0,forward,12.1710134,-3.895367651,0,0,0,0,0,0,0
1,290.895977,311.1227763,184.5196342,184.512949,80.26158214,2,forward,-1.311943853,-7.738277506,0,0,0,0,0,0,0
1,266.339016,244.690342,193.4043312,193.4026623,54.7015965,0,forward,-3.299578814,2.974242074,0,0,0,0,0,0,0
1,252.6509285,289.8548341,197.483654,197.4772739,93.18404198,2,forward,4.515155227,-2.146526763,0,0,0,0,0,0,0
1,299.2263222,277.4119163,193.3236122,193.3119106,80.64292073,2,down,-10.66545053,-7.321575394,0,0,0,0,0,0,1
1,301.4504242,261.5349984,176.5809631,176.5762997,89.37879205,2,down,-12.4298155,-4.267418008,0,0,0,0,0,0,1
1,298.3277321,269.7956658,173.7942314,173.7897205,88.94583583,2,down,-11.35661685,-5.403527394,0,0,0,0,0,0,1
1,269.0496254,166.5665603,235.8301735,235.8037376,69.76237893,1,down,-15,10,0,0,0,0,0,0,1
1,248.5964966,139.8923803,257.3907852,257.3529911,67.5971508,2,down,-15,10,0,0,0,0,0,0,1
1,207.6312447,245.9003162,170.847187,170.8432388,94.20281649,0,forward,4.514340947,7.177385587,1,41,257,190,479,0.921293497,1
1,252.0468712,267.6945281,201.8316841,201.8186188,89.1536355,2,forward,4.512127,-1.769014196,0,0,0,0,0,0,0
1,300.3613281,267.587831,180.4576111,180.4526424,90.98756909,1,forward,-4.485956572,-7.720602366,0,0,0,0,0,0,0
1,285.9346008,282.633574,204.5676041,204.5559311,79.06034589,1,forward,-5.179233331,-7.692361711,0,0,0,0,0,0,0
1,425.1428604,287.8850555,143.9169693,143.9170361,95.60942054,0,forward,-0.437504627,-7.636778583,0,0,0,0,0,0,0
1,266.1148834,307.6347828,140.5967331,140.5966759,89.90252018,0,forward,6.281816864,10.46402357,0,0,0,0,0,0,0
1,262.2939682,242.2254086,133.4236145,133.4237766,91.94939733,2,forward,4.489305506,-2.765185533,0,0,0,0,0,0,0
1,277.7188301,216.2534237,134.6016121,134.601717,96.24951482,0,forward,4.474110975,1.059612533,1,86,382,216,480,0.758941889,1
1,266.0681534,310.6832886,108.0963135,108.0963993,91.77524447,0,forward,-0.84020552,7.587583235,0,0,0,0,0,0,0
1,265.9997749,317.9572678,141.0328484,141.032896,95.90301514,0,forward,-4.9012025,7.441656978,0,0,0,0,0,0,0
1,256.5917015,222.637167,128.1112862,128.1114292,96.77336812,0,forward,4.46219482,7.677097412,1,314,316,456,479,0.875679016,1
1,241.9959259,231.4627075,150.8736038,150.8734989,94.96104717,0,forward,4.461155117,4.345493194,1,229,390,360,479,0.714489639,1
1,265.891552,304.8155308,158.7907982,158.7906075,94.87406015,0,forward,-3.654341623,8.670334721,0,0,0,0,0,0,0
0,0,0,0,0,0,0,forward,4.431930223,9.128742072,0,0,0,0,0,0,1
1,265.7620049,320.2649689,139.4368935,139.4369602,95.20654678,0,forward,-4.356701446,7.005374825,0,0,0,0,0,0,0
1,270.8633995,206.1415315,206.4587975,206.4442921,65.94663858,2,down,-15,10,0,0,0,0,0,0,1
1,268.2432747,243.5170627,199.7918129,199.7846317,78.24957371,1,down,-15,10,0,0,0,0,0,0,1
1,260.7172966,210.8144116,194.5456886,194.5328236,60.69508195,2,down,-15,10,0,0,0,0,0,0,1
1,286.9291687,234.0372586,161.544838,161.5429974,74.85120893,2,down,-10.13255353,0.962076185,0,0,0,0,0,0,1
1,250.4416847,226.4923382,140.8333397,140.8332539,96.72638178,0,forward,4.422683387,3.932265826,1,240,362,365,480,0.83567071,1
1,240.2412605,226.257391,148.2103539,148.2102585,95.50364017,0,forward,4.421423652,4.427412072,1,209,387,356,479,0.609576106,1
1,265.3956604,220.3646278,132.6881027,132.6883507,96.97293639,0,forward,4.506489557,5.407665128,0,0,0,0,0,0,0
1,262.0476151,282.6920379,188.1225967,188.1109715,87.99940348,2,forward,4.413201237,-4.720390063,0,0,0,0,0,0,0
1,265.3508377,296.5794325,184.6118927,184.6060038,87.52027154,0,forward,3.68986354,-1.666574921,0,0,0,0,0,0,0
1,265.0805664,227.9665399,191.6308975,191.6223621,84.09454226,2,down,-10.06542544,-0.865251117,1,498,363,637,480,0.680965722,1
1,279.4095802,217.7081394,128.3794975,128.3795357,95.09143829,0,forward,4.409430929,9.360683034,1,193,286,324,471,0.832598686,1
1,244.2961121,227.1830463,145.1028061,145.1027298,96.1671114,0,forward,4.408353666,4.644178033,1,215,384,356,479,0.775343835,1
1,236.039772,218.5624695,132.3392487,132.3393917,92.80634522,2,forward,4.407289097,-3.192100258,0,0,0,0,0,0,0
1,253.4410095,262.4122119,201.4097595,201.3972759,77.21743584,2,forward,4.403489474,-3.690252228,0,0,0,0,0,0,0
1,265.1533318,313.2086849,140.7160759,140.7160378,91.11943245,0,forward,2.14862582,7.002206848,0,0,0,0,0,0,0
1,265.1263618,223.1403637,127.9766655,127.9768467,97.10990191,0,forward,3.335296085,8.843029243,0,0,0,0,0,0,0
1,265.0750351,261.9307995,187.7482605,187.7408409,93.23206544,0,forward,-2.471396716,3.051943497,0,0,0,0,0,0,0
1,265.0650978,259.8818612,143.0602074,143.0603027,92.21330881,0,forward,5.298905307,-5.209035083,0,0,0,0,0,0,0
1,268.7144852,284.14042,187.1186066,187.1083117,92.57013202,2,forward,4.384282542,-5.302647551,0,0,0,0,0,0,0
1,276.9520187,282.9668975,209.8469162,209.8338318,75.27961731,1,forward,-6.368052013,-7.598706147,0,0,0,0,0,0,0
1,265.038662,303.2926941,159.3122673,159.3120861,95.09202838,0,forward,-3.826793776,8.677238928,0,0,0,0,0,0,0
1,255.7245064,241.4773774,130.1394844,130.1397228,85.89416742,2,forward,4.369174845,4.564660567,0,0,0,0,0,0,0
1,265.0229645,305.2494335,159.1034317,159.1032028,96.14412785,0,forward,-4.808938716,9.467050397,0,0,0,0,0,0,0
1,271.0676956,219.6865082,134.7415161,134.741621,96.268332,0,forward,4.361546591,3.066562201,1,106,296,236,480,0.901095867,1
1,222.5226212,189.700613,114.1060638,114.1061497,73.36964607,1,forward,4.35894853,-1.652235639,0,0,0,0,0,0,0
1,266.4281845,283.6564565,187.8656769,187.8545666,90.89160562,2,forward,4.347798567,-4.765317277,0,0,0,0,0,0,0
1,265.020771,304.0389633,156.0626793,156.0624218,94.86460686,0,forward,-0.762596731,7.866016485,0,0,0,0,0,0,0
1,267.367363,306.4144969,167.8707123,167.8669453,88.86007667,1,forward,4.339379775,-0.736188828,0,0,0,0,0,0,0
1,265.0075531,305.584259,142.0838547,142.0836353,89.00673389,0,forward,-2.054186351,7.756078005,0,0,0,0,0,0,0
1,260.0144005,282.4612355,186.0008812,185.9912682,87.65640259,2,forward,4.336920294,-7.961738216,0,0,0,0,0,0,0
1,264.919281,157.2108579,139.1477966,139.1478539,95.96190453,0,forward,9.40278325,-6.918717381,0,0,0,0,0,0,0
1,312.6610184,223.858881,119.2892456,119.2895508,92.44887233,0,forward,4.334317782,4.603809154,1,289,312,400,463,0.865232468,1
1,250.2268982,226.8786049,140.7072067,140.7070827,96.93418741,0,forward,4.331901453,4.091703208,1,243,360,365,480,0.790458143,1
1,248.0472565,278.0242467,174.6780014,174.673233,91.41462445,2,forward,4.329952335,-1.550862955,0,0,0,0,0,0,0
1,264.7507095,304.3091869,161.1460876,161.145916,95.3561902,0,forward,-4.049613063,8.247997503,0,0,0,0,0,0,0
1,278.2820702,274.3673826,208.718586,208.7053299,72.52299786,1,forward,-5.071810756,-7.59370665,0,0,0,0,0,0,0
1,281.8623352,223.4744167,125.9210205,125.9211731,96.68593407,0,forward,4.324240456,7.358818392,1,234,359,354,480,0.666673183,1
1,264.6211815,254.1992855,144.8576164,144.8574257,77.80545354,0,forward,10.65934939,-0.642966681,0,0,0,0,0,0,0
1,264.522934,288.079381,191.9736099,191.9624376,92.89602637,0,forward,0.333558339,-3.666014783,0,0,0,0,0,0,0
1,264.5075798,218.5795498,130.8432961,130.8433342,96.41058445,0,forward,6.563110122,9.335139346,0,0,0,0,0,0,0
1,237.8498268,225.3239536,146.0363197,146.036253,94.86624002,0,forward,4.304918735,4.149746281,1,239,371,356,480,0.775123239,1
1,254.4708633,218.9229012,132.4877548,132.4878502,95.43944597,0,forward,4.295336916,8.599015702,1,338,298,467,432,0.734251678,1
1,264.5060349,252.4893022,138.6197281,138.619709,91.26552939,0,forward,5.064606673,3.377835728,0,0,0,0,0,0,0
1,264.5044518,319.719429,135.6373024,135.6376362,96.31530046,0,forward,-5.459498543,7.487112605,0,0,0,0,0,0,0
1,200.5808449,248.9056778,173.662281,173.6563969,92.45707989,0,forward,4.293588631,8.194986933,1,0,219,164,478,0.793463409,1
1,264.4940567,303.791399,160.7203674,160.7201385,95.8725214,0,forward,-4.048094664,7.582136126,0,0,0,0,0,0,0
1,264.4138145,216.489172,133.6922646,133.6923409,95.42055726,0,forward,7.682900661,7.943307831,0,0,0,0,0,0,0
1,248.2697678,248.6109305,149.8973083,149.897275,90.91898203,2,forward,4.264114348,-4.167592996,0,0,0,0,0,0,0
1,256.3503456,289.5572662,180.9730339,180.9671974,83.88972282,2,forward,4.263513509,-1.066388189,0,0,0,0,0,0,0
1,238.7935066,219.4397449,131.8554878,131.8553925,96.76060081,1,forward,4.254895772,9.53775926,1,329,287,448,415,0.794182658,1
1,260.2813911,251.1062121,129.0882301,129.0884686,89.55395818,1,forward,4.254089967,-3.47541739,1,109,136,272,413,0.789941072,1
1,264.393177,178.9005685,159.8941612,159.8939037,92.61289239,0,forward,7.379686211,1.825904371,0,0,0,0,0,0,0
1,235.2365112,222.7632809,143.8870621,143.8869953,95.87232471,0,forward,4.235014156,2.807740152,1,219,349,339,480,0.856063128,1
1,233.4032249,219.2779827,147.4056435,147.4055958,95.04846931,0,forward,4.23308279,2.845391233,1,221,353,343,479,0.834298551,1
1,264.3639755,242.7613163,131.0626221,131.0629463,87.88456321,0,forward,9.30633647,13.47460005,0,0,0,0,0,0,1
1,264.2313576,236.9002819,159.4399834,159.4397736,92.32423902,0,forward,6.546348912,12.14495221,0,0,0,0,0,0,0
1,264.211483,279.7953391,123.9058113,123.9058685,91.76914096,0,forward,17.98554248,-3.685746507,0,0,0,0,0,0,1
1,279.5800591,222.8558064,128.9559746,128.9560604,96.87406421,0,forward,4.219168537,3.480925358,1,98,291,225,480,0.857637107,1
1,265.496769,282.2663045,186.6101265,186.5995502,90.72721004,2,forward,4.218700908,-4.271701778,0,0,0,0,0,0,0
1,311.0564232,283.9543247,157.5107765,157.5107002,90.4578805,0,forward,4.216925612,11.80361195,1,10,382,265,480,0.727235138,1
1,252.2307587,234.8507953,136.5454102,136.5454674,90.18366933,2,forward,4.215097561,-4.71705794,0,0,0,0,0,0,0
1,264.1288376,205.3168774,134.861412,134.8616982,96.03922963,0,forward,11.83882889,12.96769157,0,0,0,0,0,0,0
1,264.0604401,311.7913914,145.2257919,145.2256966,88.43715191,0,forward,0.5614725,4.15877902,0,0,0,0,0,0,0
1,264.0229416,304.3757915,164.2153549,164.2151642,95.93114853,0,forward,-4.50833418,8.946731433,0,0,0,0,0,0,0
1,263.9725494,275.6325626,150.8674622,150.8670902,91.80746675,0,forward,9.28514997,-3.897742187,0,0,0,0,0,0,0
1,263.7235832,277.4867129,153.9904213,153.9901829,92.70345569,2,forward,4.20655977,-3.545535656,0,0,0,0,0,0,0
1,242.8103256,271.4804935,130.0354004,130.0352669,96.2649107,0,forward,4.203785892,6.264543763,1,228,446,340,478,0.628140926,1
1,203.7712669,248.193655,175.0700188,175.0642776,92.77040362,0,forward,4.203032504,8.375098142,1,0,222,194,479,0.796275556,1
1,201.896534,252.8702545,164.5157814,164.5117092,92.22567677,0,forward,4.193789035,8.326719501,1,0,383,194,480,0.845773339,1
1,265.2079391,291.7770111,194.6710968,194.6597528,89.62032199,2,forward,4.191730139,-4.463009036,0,0,0,0,0,0,0
1,269.0486145,282.8465414,182.3993683,182.3900843,92.3656106,2,forward,4.190531796,-4.615350957,0,0,0,0,0,0,0
1,315.7507515,222.1645832,112.6459312,112.6458549,86.00117564,1,forward,4.18752356,5.6841533,1,288,306,394,457,0.85580945,1
1,263.9459229,313.556757,115.3460693,115.3462029,95.60864568,0,forward,-2.896017587,7.570758676,0,0,0,0,0,0,0
1,263.8956261,305.2868557,159.190464,159.1901779,95.90725899,0,forward,-4.244861138,9.282567416,0,0,0,0,0,0,0
1,263.8047218,274.0785479,149.3745232,149.374094,92.44621992,0,forward,9.027991149,-4.32505357,0,0,0,0,0,0,0
1,282.4688148,287.1561646,180.6159401,180.6069946,88.74108791,2,forward,-8.389733496,-7.585740386,0,0,0,0,0,0,1
1,263.627739,304.314909,162.1370697,162.1368027,95.97203135,0,forward,-4.245002277,8.709970055,0,0,0,0,0,0,0
1,244.2953682,231.7527866,151.2998772,151.2997341,96.26787305,1,forward,4.164805277,4.455812547,0,0,0,0,0,0,0
1,263.6262894,326.6370106,136.8195343,136.8195534,86.42529249,0,forward,4.414334158,11.43561466,0,0,0,0,0,0,0
1,260.838871,253.0825734,149.0321541,149.0321445,89.99652267,1,forward,4.159290817,-3.889504855,0,0,0,0,0,0,0
1,265.3637505,288.2825542,193.8681984,193.856163,89.65607882,2,forward,4.157913908,-5.400221418,0,0,0,0,0,0,0
1,258.0014801,299.968245,173.1824112,173.1782341,86.22109294,2,forward,4.155213444,7.892083516,0,0,0,0,0,0,0
1,249.2918396,224.7704315,139.147377,139.147253,94.74959373,0,forward,4.154769449,4.238742576,1,211,332,340,479,0.87474066,1
1,262.6205444,300.2403032,169.3561554,169.3519878,87.58739829,2,forward,4.154701714,-2.54327053,0,0,0,0,0,0,0
1,176.1843491,152.8700376,340.4316711,340.4163551,62.37028241,1,down,-15,10,0,0,0,0,0,0,1
0,0,0,0,0,0,2,down,-15,10,0,0,0,0,0,0,1
1,263.5652733,263.6775184,195.4502678,195.4406261,90.87695479,0,forward,0.26426577,-3.85645677,0,0,0,0,0,0,0
1,263.5250854,185.4947114,178.3231354,178.3145428,91.30646586,0,forward,0.769491787,0.491096966,0,0,0,0,0,0,0
1,291.1329842,331.1925841,194.8774147,194.8674059,93.28668118,2,forward,4.138822039,-5.282612618,0,0,0,0,0,0,0
1,263.4846115,181.8451285,165.3612137,165.3610611,91.58709645,0,forward,6.884006575,-2.467899747,0,0,0,0,0,0,0
1,261.7765999,300.2672863,176.8122673,176.8064117,88.42746019,1,forward,4.128721098,1.441293046,1,464,104,625,416,0.677960217,1
1,265.8986473,285.6010318,190.8041954,190.7926941,91.289711,2,forward,4.128293864,-4.84875476,0,0,0,0,0,0,0
1,263.3486366,311.5853405,152.6006126,152.600441,86.49092913,0,forward,6.633835758,5.759085317,0,0,0,0,0,0,0
1,250.212059,225.6563187,139.9333191,139.9333191,96.70215249,0,forward,4.126957214,1.401457855,1,203,343,330,480,0.89253664,1
1,249.2107773,210.0183392,112.7422714,112.7423859,94.82858777,0,forward,4.121092607,5.29869076,1,130,255,264,474,0.776821375,1
1,263.2270241,315.034132,149.8537636,149.8538017,88.0650878,0,forward,6.821109033,6.021280329,0,0,0,0,0,0,0
1,300.0665283,326.9327497,184.6651077,184.6557856,93.1540072,1,forward,4.1203588,-7.336899535,0,0,0,0,0,0,0
1,280.755024,221.4135933,132.2151756,132.2153664,96.33803964,0,forward,4.117162508,2.907131838,1,98,293,226,480,0.862028599,1
1,258.4958267,253.0849957,189.3875122,189.3826389,92.88213253,2,forward,-1.695579862,-7.575547153,0,0,0,0,0,0,0
1,263.1219101,304.2298794,162.3194122,162.3191643,95.38080096,0,forward,-3.686805401,8.640905677,0,0,0,0,0,0,0
1,293.7324524,284.3059444,160.1320648,160.1319122,92.99659133,0,forward,4.108100284,9.863764408,1,120,146,292,429,0.913149118,1
1,247.856636,228.9303875,136.3543701,136.3544083,96.05756402,0,forward,4.107243967,4.017873377,1,245,364,362,480,0.692108929,1
1,263.0940437,308.5334301,158.3854866,158.3850861,95.85410953,0,forward,-1.855989794,8.84717009,0,0,0,0,0,0,0
1,273.2039261,310.9317064,167.0708847,167.066617,83.77844095,1,forward,4.096312325,-0.493853688,0,0,0,0,0,0,0
1,263.0900192,309.0150547,146.1459732,146.1456871,89.61955309,0,forward,-1.524550585,8.489132734,0,0,0,0,0,0,0
1,263.0888557,220.8754349,129.1667747,129.1670609,96.90231681,0,forward,4.591031459,7.080426278,0,0,0,0,0,0,0
1,263.0885506,305.7895374,162.763195,162.7629662,96.6027081,0,forward,-3.849657966,8.469736908,0,0,0,0,0,0,0
1,235.1319695,227.8752995,146.935215,146.9350433,96.0332036,0,forward,4.067512737,4.163862316,1,219,386,347,479,0.697288096,1
1,243.9314842,219.2650819,152.1730232,152.1720314,60.64990759,0,forward,-8.865933997,-7.571048639,0,0,0,0,0,0,1
1,263.0508423,303.7074566,162.2217178,162.221489,95.11042237,0,forward,-3.407882847,9.044117172,0,0,0,0,0,0,0
1,263.0169106,303.4528255,161.3527489,161.3526535,95.78181505,0,forward,-3.744516636,8.732118358,0,0,0,0,0,0,0
1,263.0140877,271.10569,146.8001747,146.7998028,91.43083096,0,forward,8.190298855,-4.877634534,0,0,0,0,0,0,0
1,237.2824478,223.6090565,141.0115051,141.0114098,95.86845636,0,forward,4.04302698,3.074255897,1,223,352,342,479,0.836877584,1
1,262.9202461,311.5727234,152.4442101,152.4439716,86.76886559,0,forward,7.631111543,6.895477738,0,0,0,0,0,0,0
1,262.874279,297.0243931,164.5717812,164.571476,92.83768535,0,forward,-1.176180752,0.642489063,0,0,0,0,0,0,0
1,308.2831573,221.9495487,123.4260178,123.4263039,90.33232331,1,forward,4.02048891,5.14985563,1,288,301,394,454,0.894339561,1
1,262.807312,304.8606205,163.294487,163.2942581,95.48493028,0,forward,-4.916325495,8.932446036,0,0,0,0,0,0,0
1,243.1991959,227.3701572,145.6126022,145.6125069,96.52879238,0,forward,4.006160605,3.494800831,1,237,385,360,480,0.735142291,1
1,263.8510132,278.6812973,190.1093292,190.0983524,90.77664614,2,forward,4.005584597,-4.565807011,0,0,0,0,0,0,0
1,262.7739334,237.0645618,148.6380005,148.6381531,88.42290044,0,forward,7.498171791,14.69939392,0,0,0,0,0,0,1
1,262.7573013,304.8641682,163.3942795,163.3941078,95.06556988,0,forward,-3.638469574,8.938994179,0,0,0,0,0,0,0
1,262.6306152,304.5111752,164.0916443,164.0915108,94.82998252,0,forward,-3.450594661,8.966382249,0,0,0,0,0,0,0
1,262.6221275,298.884573,163.2116127,163.2112885,92.1474278,0,forward,-1.121759539,0.337029226,0,0,0,0,0,0,0
1,244.7436333,219.1809654,136.7302132,136.7302036,94.83675957,1,forward,3.987834479,8.247514382,1,308,281,487,478,0.881850302,1
1,289.5528984,310.7966137,127.8122902,127.8121376,86.05412841,1,forward,3.985773185,7.07276343,0,0,0,0,0,0,0
1,262.4834251,239.7311211,135.7811165,135.7814312,95.03182173,0,forward,7.204716816,7.522768938,0,0,0,0,0,0,0
1,262.455368,246.9614625,159.5333481,159.5331001,90.32158256,0,forward,1.574575792,-2.852346964,0,0,0,0,0,0,0
1,262.339859,296.941452,134.406662,134.4068241,91.14745855,0,forward,4.225601705,4.877307042,0,0,0,0,0,0,0
2,244.1878891,189.4323087,124.7714233,124.7707272,78.63982916,2,forward,3.959582021,-5.445843915,0,0,0,0,0,0,1
1,244.6006584,224.3301487,142.5211906,142.5212002,95.32197118,0,forward,3.958833298,4.004256423,1,242,366,365,480,0.64007324,1
1,262.3065186,133.9570523,160.8232117,160.8230209,94.57788467,0,forward,1.427076729,-3.662413069,0,0,0,0,0,0,0
1,262.1430397,320.5936432,139.3934441,139.3937588,95.83934546,0,forward,-4.661370708,7.111799105,0,0,0,0,0,0,0
1,203.9576149,252.7619648,165.5300713,165.5261421,92.70265102,0,forward,3.940652211,8.379543249,1,0,373,196,479,0.826697588,1
1,244.540081,276.759187,219.9699974,219.9538851,88.82363439,2,forward,3.938355204,-0.672778578,0,0,0,0,0,0,0
1,262.1429443,186.4700961,158.9218903,158.9219284,92.81527996,0,forward,9.568473001,2.788896541,0,0,0,0,0,0,0
1,262.0926094,306.6822338,162.5416756,162.5414658,95.0333178,0,forward,-4.144203395,8.293160561,0,0,0,0,0,0,0
1,262.0498848,302.1281719,163.6399269,163.639698,95.77414989,0,forward,-3.253882032,9.069425481,0,0,0,0,0,0,0
1,262.0201302,308.9193821,150.0914192,150.0911522,96.44361734,0,forward,-2.421554936,9.652119422,0,0,0,0,0,0,0
1,291.7833138,306.6608334,124.8784065,124.8783875,90.66387415,1,forward,3.911248162,12.42099943,0,0,0,0,0,0,0
1,261.983223,303.355751,165.6425095,165.6384945,96.25842571,0,forward,-3.528925802,8.941628881,0,0,0,0,0,0,0
1,261.9481468,299.1927624,163.1085014,163.1081772,93.13713908,0,forward,-1.48223148,1.193752647,0,0,0,0,0,0,0
1,249.50037,252.4030995,140.5215263,140.5213451,89.63082433,2,forward,3.899550459,-2.360411644,0,0,0,0,0,0,0
1,261.8707466,142.0294404,153.3255577,153.3254814,94.73941922,0,forward,9.580702841,-2.149437478,0,0,0,0,0,0,0
1,261.795826,300.9526348,147.1764946,147.176342,95.28669715,0,forward,-0.657734937,11.18803337,0,0,0,0,0,0,0
1,273.9900589,295.9113419,208.1371689,208.1264734,88.40324879,1,forward,3.895990106,-5.108521074,0,0,0,0,0,0,0
1,247.1930695,225.2194118,141.3815689,141.3814545,96.04544044,0,forward,3.892175196,4.10731436,1,238,364,357,480,0.84292686,1
1,261.5979767,260.8629513,193.9139175,193.9061737,91.6004777,0,forward,-1.216301909,2.184844319,0,0,0,0,0,0,0
1,263.2566643,252.0467544,129.3422127,129.3424988,87.22128272,1,forward,3.884240908,-3.18784493,1,111,135,271,411,0.726747394,1
1,269.0017319,282.2515798,187.7233124,187.7135181,92.95019507,2,forward,3.878059947,-5.442554035,0,0,0,0,0,0,0
1,261.5359116,264.3239713,154.3887329,154.388752,90.58638215,0,forward,5.721314755,-0.382136627,0,0,0,0,0,0,0
1,261.3519478,304.5013905,162.1154594,162.1152306,95.60878873,0,forward,-2.66288833,8.749018776,0,0,0,0,0,0,0
1,232.8437805,225.3760815,149.2102051,149.2100143,95.1552093,0,forward,3.871587582,3.901398199,1,208,374,342,480,0.748417556,1
1,253.8623238,224.2991352,125.3959846,125.3960323,96.20898962,1,forward,3.871076355,6.950372442,0,0,0,0,0,0,0
1,292.6322937,280.0700855,163.8290787,163.8257217,92.06827283,0,forward,3.861426444,10.8195723,1,105,151,286,442,0.919159949,1
1,261.3482094,302.9153538,162.1239281,162.1236992,92.53717661,0,forward,-1.868254366,2.95126654,0,0,0,0,0,0,0
1,279.2491531,277.1451068,132.2886658,132.2887802,92.77265072,1,forward,3.850505116,-5.525401463,0,0,0,0,0,0,0
1,261.3426399,304.4207382,163.8643456,163.8640881,95.5323875,0,forward,-3.650352538,8.292652058,0,0,0,0,0,0,0
1,323.8169098,314.4229984,187.0321655,187.0260429,87.65375614,2,left,-4.394847662,-10.08909533,0,0,0,0,0,0,1
1,261.3373947,294.8608017,166.9132614,166.913023,93.29116344,0,forward,-1.1642807,0.935175437,0,0,0,0,0,0,0
1,261.2783623,304.3521023,160.2443123,160.2440643,95.91267705,0,forward,-4.333173414,8.898430282,0,0,0,0,0,0,0
1,280.8696938,289.9469972,150.5676079,150.5675697,88.60468864,1,forward,3.826594244,-3.440218802,0,0,0,0,0,0,0
1,325.0246429,321.8066001,190.0328064,190.0221062,86.39231324,2,left,-1.215008222,-10.70466912,0,0,0,0,0,0,1
1,261.1887741,312.9177761,148.1259155,148.1259727,95.6048131,0,forward,-1.235828268,10.90975884,0,0,0,0,0,0,0
1,222.2246361,158.0912018,147.238636,147.2387695,97.17022181,2,forward,3.81082597,3.129939053,1,99,147,225,314,0.749054968,1
1,326.4426041,321.719563,192.1053314,192.0936298,84.83267426,2,left,-0.23958256,-10.3532745,0,0,0,0,0,0,1
1,320.8662796,313.2791615,188.3273315,188.3210564,91.08068943,2,left,-2.20604341,-10.04006397,0,0,0,0,0,0,1
1,360.4502869,369.0720654,175.6433105,175.6349373,90.88176489,1,forward,3.810223619,9.549078305,0,0,0,0,0,0,0
1,266.9737625,246.719501,137.1777725,137.1777248,92.14040637,2,forward,3.796018446,-5.103777166,0,0,0,0,0,0,0
1,221.7448616,160.4765797,145.2890968,145.2893829,97.28611112,2,forward,3.781336952,3.325019253,1,99,140,225,315,0.691998363,1
1,271.2068748,217.3217583,138.0386162,138.0386066,95.9251821,0,forward,3.773284367,1.639922225,1,105,297,238,480,0.888698041,1
1,303.8546562,337.6102853,197.4259758,197.4150181,90.44809937,2,forward,3.77227677,-1.926157559,0,0,0,0,0,0,0
1,284.1863251,220.7506371,130.6158447,130.6158257,96.34261131,0,forward,3.771448305,2.183318464,1,100,294,227,480,0.882297039,1
1,261.045723,309.9090958,141.3082886,141.3082981,90.31053782,0,forward,4.025008078,5.323650981,0,0,0,0,0,0,0
1,261.0055733,313.1715775,146.715641,146.7155743,96.79829478,0,forward,-2.635488686,8.82637322,0,0,0,0,0,0,0
1,260.860157,312.771349,153.1497383,153.1497002,88.50426078,0,forward,7.264620654,7.036764115,0,0,0,0,0,0,0
1,258.0772781,227.8648853,128.9003754,128.9003563,95.03003359,0,forward,3.750205371,3.088519619,1,218,328,345,479,0.800646007,1
1,260.6965256,305.7068253,161.4935303,161.49333,96.14201188,0,forward,-5.078316042,8.910749163,0,0,0,0,0,0,0
1,326.7737579,301.2636685,179.9372101,179.9310207,85.86927652,2,left,-2.586656877,-18.11571454,0,0,0,0,0,0,1
1,304.7587013,286.4869499,193.745327,193.734684,87.2842133,2,left,-5.018676114,-11.03828486,0,0,0,0,0,0,1
1,305.9314346,286.8712353,192.276535,192.2655201,83.05182457,2,left,-2.464966007,-10.23864462,0,0,0,0,0,0,1
1,260.6962204,302.5486851,162.1906281,162.1904182,95.32081485,0,forward,-4.279269607,8.933840274,0,0,0,0,0,0,0
1,251.8254089,279.6104443,177.1741867,177.1661997,84.21418667,2,forward,3.741875585,-0.429776893,0,0,0,0,0,0,0
1,222.0635414,146.7437005,279.2424202,279.200964,66.10837579,1,down,-15,10,0,0,0,0,0,0,1
1,294.9684334,183.7614942,194.5749855,194.5498753,64.38305974,1,down,-15,10,0,0,0,0,0,0,1
1,329.2286301,257.8523374,175.8243561,175.8117485,72.72545695,1,down,-15,10,0,0,0,0,0,0,1
1,261.884594,250.6627965,142.4901009,142.490015,90.77816606,1,forward,3.740652937,-4.572843312,0,0,0,0,0,0,0
1,266.021595,280.932796,190.3149223,190.304203,91.44356251,2,forward,3.735608966,-5.643376197,0,0,0,0,0,0,0
1,251.2018776,220.6182003,129.0470314,129.0471268,95.98420858,1,forward,3.725370629,7.634062447,0,0,0,0,0,0,0
1,260.6711769,316.8325138,139.0120125,139.0121269,96.10779285,0,forward,-3.585571801,7.105952134,0,0,0,0,0,0,0
1,260.5323219,185.1781773,179.6491432,179.6403408,94.10899878,0,forward,-1.997124158,1.199280778,0,0,0,0,0,0,0
1,268.7765694,286.8273497,195.303936,195.2922106,88.18968534,2,forward,3.71428945,-7.813410085,0,0,0,0,0,0,0
1,260.5047607,310.4262543,143.187294,143.1871891,87.65105009,0,forward,-1.69253559,9.555857537,0,0,0,0,0,0,0
1,250.7228661,278.57157,188.7739372,188.7678909,91.52549505,2,forward,3.701972245,-1.241597643,0,0,0,0,0,0,0
1,268.0605316,289.6303272,191.979866,191.9692326,92.03512073,2,forward,3.700113384,-2.967093583,0,0,0,0,0,0,0
1,253.0807495,226.4974022,138.4272003,138.4271908,95.56468725,0,forward,3.698751976,3.926658308,1,213,329,340,479,0.887446523,1
1,260.4968262,288.3623886,141.9964218,141.9963169,80.26025295,0,forward,7.482731508,-8.305780314,0,0,0,0,0,0,0
1,262.7531815,287.6112581,203.6146545,203.6020088,86.63042188,2,forward,3.696883319,-6.504120153,0,0,0,0,0,0,0
1,260.3940201,260.569582,198.3338547,198.3259392,91.55883789,0,forward,-4.997408885,8.366543955,0,0,0,0,0,0,0
1,251.8419075,316.8165207,129.8328972,129.8327923,84.92832184,0,forward,3.686277492,7.500068648,1,223,372,324,480,0.692579687,1
1,221.0061455,158.0332661,148.7616539,148.7617779,96.71869874,2,forward,3.683024365,2.842345073,1,102,141,225,311,0.68460685,1
1,280.2449799,219.5777607,126.5360641,126.5361786,95.51097751,0,forward,3.664601575,8.713207417,1,191,295,329,479,0.633682907,1
1,195.7619476,238.113749,173.5479355,173.5418129,87.64247298,1,forward,3.6481335,-3.562188223,0,0,0,0,0,0,0
1,239.3863297,300.1882553,134.4608688,134.4609547,87.35795617,0,forward,3.644610954,7.083267487,1,240,370,346,479,0.755930364,1
1,269.0756416,247.1986771,138.7485695,138.7487411,91.27647281,1,forward,3.643199906,4.59267056,0,0,0,0,0,0,0
1,235.3596497,228.7892818,142.995491,142.9952717,96.24347091,0,forward,3.642191039,4.148031957,1,221,384,347,479,0.729918003,1
1,260.3651047,304.7718716,163.7630463,163.7627792,96.13270164,0,forward,-2.60460863,8.565819337,0,0,0,0,0,0,0
1,265.3173637,296.0371613,199.8337364,199.8234844,87.73475885,2,forward,3.612230464,-2.632109521,0,0,0,0,0,0,0
1,293.7519646,277.3637677,200.4252434,200.4127693,78.29186916,1,forward,-7.566898848,-7.569642496,0,0,0,0,0,0,0
1,248.2786179,282.2264255,188.5517502,188.5442448,92.83044338,2,forward,3.60087525,-2.266060934,0,0,0,0,0,0,0
1,266.7049408,290.5557299,206.8513489,206.8399,88.49698305,2,forward,3.599824093,0.044198753,0,0,0,0,0,0,0
1,250.1305389,226.8778896,140.1169205,140.1167679,96.67055607,0,forward,3.598982994,3.77804843,1,241,363,360,480,0.841003358,1
1,260.1698685,180.5249477,165.7223129,165.7220936,92.46838689,0,forward,5.995034547,-2.31902831,0,0,0,0,0,0,0
1,265.1673317,279.7272635,194.2454338,194.2345476,92.27072001,2,forward,3.584713364,-5.6648567,0,0,0,0,0,0,0
1,260.1281357,303.646059,148.2616425,148.2613564,94.23106909,0,forward,-2.128442411,10.58324949,0,0,0,0,0,0,0
1,253.792038,223.4936714,126.1952972,126.1954021,95.34794092,1,forward,3.576490604,8.76559405,0,0,0,0,0,0,0
1,259.9877167,221.179533,129.3243408,129.3245316,95.49781084,0,forward,6.333496889,9.038719995,0,0,0,0,0,0,0
1,228.5559464,226.1423374,143.8838577,143.8838768,89.83632326,2,forward,3.575270257,0.992183081,0,0,0,0,0,0,0
1,259.9855804,304.3890095,161.2339401,161.2335777,93.43080521,0,forward,-2.978887486,4.751267387,0,0,0,0,0,0,0
1,259.9412346,305.2434254,161.6078377,161.6076279,96.77121639,0,forward,-2.180766285,8.417841627,0,0,0,0,0,0,0
1,259.9186897,302.9946041,165.0380516,165.0377655,94.09451485,0,forward,-0.716745158,4.156271766,0,0,0,0,0,0,0
1,237.6133537,223.6908245,144.302578,144.3024445,95.60500979,0,forward,3.566349434,4.763213599,1,211,363,341,480,0.749586761,1
1,259.8010063,177.2124076,168.0387306,168.0384064,92.28273034,0,forward,-1.856281528,0.404215709,0,0,0,0,0,0,0
1,280.796833,312.4081576,196.7625618,196.7495728,92.28468537,2,forward,3.551493464,-4.461680207,0,0,0,0,0,0,0
1,202.6239967,249.554987,171.9294548,171.9252205,92.96889901,0,forward,3.547035587,7.829582465,1,0,230,184,478,0.870680809,1
1,203.332386,249.2446232,173.820591,173.8149834,92.39855409,0,forward,3.545142294,8.619663011,1,0,222,189,480,0.834096968,1
1,259.7795486,307.3815823,153.547821,153.547554,95.69567442,0,forward,-2.503055322,7.73206159,0,0,0,0,0,0,0
1,287.7641296,273.6931538,188.4087372,188.4020233,82.96654224,2,down,-10.39324166,-7.180729251,0,0,0,0,0,0,1
1,259.7085762,303.3463955,162.5842476,162.5839233,92.75856614,0,forward,-3.573163871,4.190328347,0,0,0,0,0,0,0
1,282.8781509,223.6505413,121.9364929,121.936655,94.80705857,0,forward,3.534970398,8.419727744,1,198,303,331,480,0.769766927,1
1,244.325676,225.0800395,142.7978897,142.7977467,92.05546975,2,forward,3.530740982,-4.659942518,0,0,0,0,0,0,0
1,252.0899963,242.4186515,141.6983414,141.6985989,82.12888837,2,forward,3.513697342,4.084860378,0,0,0,0,0,0,0
1,259.4988441,308.1093693,148.3771324,148.3768272,87.84139156,0,forward,1.062400294,9.763665667,0,0,0,0,0,0,0
1,236.2215805,224.3300629,141.5282822,141.5281391,96.29760981,0,forward,3.498135951,3.463744862,1,208,369,342,480,0.743492603,1
1,259.4870377,298.9705753,167.9019547,167.8969002,93.70008707,0,forward,-3.802065394,7.290515904,0,0,0,0,0,0,0
1,260.8504486,251.6361594,146.837616,146.8375683,89.51599002,1,forward,3.490935721,-3.46223837,0,0,0,0,0,0,0
1,263.8375282,283.6863041,205.8064461,205.7936668,85.48706174,1,forward,3.488361202,-5.023221146,0,0,0,0,0,0,0
1,244.152317,267.5270891,212.234478,212.2197676,86.29555702,2,forward,3.487919952,0.235399502,0,0,0,0,0,0,0
1,272.7902031,265.5393195,195.0145149,195.0091839,91.19123816,2,forward,-0.861222063,-7.537661315,0,0,0,0,0,0,0
1,256.9168472,258.457694,150.6642532,150.6640863,83.31669569,2,forward,-0.640775938,-7.51837813,0,0,0,0,0,0,0
1,259.3113708,311.1860561,152.1770477,152.1769524,96.57352567,0,forward,-2.49060026,9.077999593,0,0,0,0,0,0,0
1,278.2327271,297.2946716,206.1610794,206.1472893,74.98053908,2,forward,3.456690583,-6.276179873,0,0,0,0,0,0,0
1,249.036274,279.7780622,175.291729,175.2867365,92.37541556,2,forward,3.453282143,-2.305248206,0,0,0,0,0,0,0
1,289.6697044,281.9628239,144.377346,144.3776894,91.65872931,0,forward,3.451146893,13.91333657,1,208,419,393,479,0.774058819,1
1,259.7058678,279.3351245,200.7112694,200.6987858,91.70885682,2,forward,3.449043093,-0.692942204,0,0,0,0,0,0,0
1,265.5928802,280.4527902,197.5330734,197.5213766,90.39855599,2,forward,3.431458855,-5.203898174,0,0,0,0,0,0,0
1,207.8620338,204.9699497,111.5192223,111.5193844,74.47214127,1,forward,3.428342684,6.046424827,0,0,0,0,0,0,0
1,259.301815,310.3285503,160.7227516,160.7225418,95.71067691,0,forward,-6.186807385,8.442325401,0,0,0,0,0,0,0
1,259.220314,227.0553875,153.1283951,153.1280136,96.33019567,0,forward,6.043152185,4.846940223,0,0,0,0,0,0,0
1,258.5577011,259.1959596,144.6509552,144.6511459,93.47705841,2,forward,3.421861611,-2.33788852,0,0,0,0,0,0,0
1,244.3140793,224.6010303,139.7996521,139.7997093,95.64741254,0,forward,3.419776563,1.356441753,1,205,351,334,480,0.761924982,1
1,259.0909767,222.1588326,130.8642006,130.8643913,97.12259769,0,forward,5.525553199,7.917231134,0,0,0,0,0,0,0
1,238.4931946,224.9805164,143.3581543,143.3579922,94.98972297,0,forward,3.414125883,3.486487243,1,197,360,345,480,0.690999568,1
1,259.0564919,308.393898,156.4245033,156.4242268,95.87355256,0,forward,-2.316921761,9.448779671,0,0,0,0,0,0,0
1,269.1594696,282.5802779,189.4598389,189.4489574,88.69173527,2,forward,3.411714951,-5.960139019,0,0,0,0,0,0,0
1,258.8142776,186.9911217,183.1203842,183.111763,92.67531633,0,forward,3.57421182,0.479073533,0,0,0,0,0,0,0
1,258.7574577,218.9435863,130.6919289,130.6921864,95.88639736,0,forward,6.393936768,5.033488289,0,0,0,0,0,0,0
1,224.0369797,160.333643,144.5551682,144.5553589,96.28801346,2,forward,3.407919189,2.75258214,1,100,147,223,312,0.694239378,1
1,258.6741257,311.3364029,149.3685532,149.368372,88.98866177,0,forward,1.754340304,10.82074702,0,0,0,0,0,0,0
1,258.651886,248.5042191,156.3575745,156.3575077,93.01396012,0,forward,3.284730549,13.85799185,0,0,0,0,0,0,1
1,294.2334747,310.4503965,201.0648727,201.0494471,90.17018676,1,forward,3.400269612,-4.639732695,0,0,0,0,0,0,0
1,258.6111832,309.2702579,158.2291412,158.2289314,95.28691173,0,forward,-4.888983312,9.18055602,0,0,0,0,0,0,0
1,258.5919952,307.3650455,117.6107788,117.610817,90.59888721,0,forward,2.294491925,7.072928144,0,0,0,0,0,0,0
1,265.4304504,271.9287848,185.0362778,185.0270462,92.28736758,2,forward,3.38879575,-5.006679302,0,0,0,0,0,0,0
1,293.9617157,312.0666623,184.6526718,184.6417236,83.13349485,1,forward,3.38567279,-5.04921387,0,0,0,0,0,0,0
1,258.0339622,307.9892063,158.0385017,158.0382156,96.4446485,0,forward,-3.169125962,9.246380102,0,0,0,0,0,0,0
1,257.9876518,312.3616505,156.4998436,156.4997864,93.98955107,0,forward,-6.951008476,8.094551926,0,0,0,0,0,0,0
1,266.9979095,282.7132368,195.090065,195.0800371,93.88657808,2,forward,3.369305769,-3.505855976,0,0,0,0,0,0,0
1,271.3168335,287.575562,199.5280457,199.5172405,85.42020321,2,forward,3.357363563,-7.749406502,0,0,0,0,0,0,0
1,270.5714226,321.5174938,190.8164787,190.8106613,87.5459373,2,forward,3.354989331,1.58381767,0,0,0,0,0,0,0
1,257.9549789,308.4519196,153.3366013,153.3363247,95.37529349,0,forward,-4.875026519,8.456984838,0,0,0,0,0,0,0
1,291.0459709,228.6324978,121.1308479,121.1308479,80.57812452,0,forward,3.350615327,3.541518444,1,118,246,349,479,0.832397878,1
1,236.4665222,289.8415375,134.9731827,134.9733067,93.58100891,0,forward,3.347571874,8.486702675,1,134,369,259,480,0.699939847,1
1,257.9145813,310.2545929,153.3087158,153.3085155,96.07944489,0,forward,-4.026723376,9.142654045,0,0,0,0,0,0,0
1,293.2963371,320.177114,204.3631554,204.3479919,81.22234344,1,forward,-2.772360054,-7.466802117,0,0,0,0,0,0,0
1,289.2136574,285.2552319,190.7104683,190.7053185,93.21886301,2,left,-0.827370867,-12.58622443,0,0,0,0,0,0,1
1,298.6340714,283.9979077,192.2394562,192.2298431,89.68366385,1,left,-3.139897352,-13.77457773,0,0,0,0,0,0,1
1,298.9812088,290.220964,196.313324,196.3038254,87.83649802,1,left,-1.802185127,-13.03234295,0,0,0,0,0,0,1
1,301.7595482,291.0759664,190.5475426,190.5386925,90.87728858,1,left,-1.704399648,-12.08813139,0,0,0,0,0,0,1
1,299.9838638,295.1816582,201.245575,201.2364006,85.57542562,1,left,-0.938228058,-14.67247696,0,0,0,0,0,0,1
1,296.1335373,290.9746051,198.9226532,198.9129925,85.62717438,1,left,0.039143286,-16.36763225,0,0,0,0,0,0,1
1,286.7116737,287.6885914,197.6625252,197.6518536,86.65709496,1,left,-0.141920443,-13.55649713,0,0,0,0,0,0,1
1,288.0431747,284.5400023,186.9283295,186.92379,90.069592,1,left,0.608742914,-11.78262651,0,0,0,0,0,0,1
1,283.121357,284.5726681,190.464344,190.4557228,90.35477042,1,left,-0.205059271,-11.6390501,0,0,0,0,0,0,1
1,284.8917198,287.2592234,194.3600273,194.3512344,89.13184404,1,left,-0.276923027,-11.10112363,0,0,0,0,0,0,1
1,275.0848579,284.5933032,206.624012,206.6132069,81.12809658,1,left,2.350123587,-14.65122808,0,0,0,0,0,0,1
1,281.2431526,281.9440031,196.8364525,196.8257189,87.25582957,1,left,1.832835638,-13.32070387,0,0,0,0,0,0,1
1,288.8559914,286.8664289,189.6934319,189.6884251,92.07128882,1,left,-0.101115345,-12.36091076,0,0,0,0,0,0,1
1,293.8407898,296.5731454,194.6101761,194.6008015,88.2149756,1,left,2.418586385,-15.13881545,0,0,0,0,0,0,1
1,298.9901543,293.1031776,192.6619911,192.6541615,91.10213518,1,left,0.444375468,-15.31995524,0,0,0,0,0,0,1
1,292.2279167,297.027719,202.691288,202.680645,83.47733617,1,left,0.370136864,-15.95784765,0,0,0,0,0,0,1
1,296.4407158,294.768455,192.9043388,192.8959751,86.79804206,1,left,2.878685867,-17.02532026,0,0,0,0,0,0,1
1,299.0631866,298.4436106,193.3242416,193.3146286,88.30361962,1,left,1.698664559,-16.98096939,0,0,0,0,0,0,1
1,293.1190681,292.9897213,192.6008034,192.5917912,89.63395357,1,left,1.410098888,-16.46259232,0,0,0,0,0,0,1
1,299.029007,293.7931562,190.9054565,190.8960629,88.34815621,1,left,3.816292914,-14.78698367,0,0,0,0,0,0,1
1,293.4205627,295.4709363,192.9518509,192.9428387,85.67257524,1,left,2.59520151,-13.30046002,0,0,0,0,0,0,1
1,295.6130028,298.6447573,193.7106895,193.7008238,88.71008754,1,left,3.00033371,-14.61533821,0,0,0,0,0,0,1
1,287.1430397,297.146256,213.2529259,213.2367897,75.71337223,1,left,2.654867615,-14.5695893,0,0,0,0,0,0,1
1,295.8252335,298.3725524,195.0043869,194.9949646,90.25060534,1,left,2.188952174,-14.46501286,0,0,0,0,0,0,1
1,288.694458,296.6254139,205.1519394,205.1382637,86.31920218,1,left,1.887992065,-14.16340324,0,0,0,0,0,0,1
1,302.6321793,303.4576345,190.6139374,190.6046963,89.78226185,1,left,3.042828787,-14.64270405,0,0,0,0,0,0,1
1,296.5993881,303.1684041,199.7157288,199.7040081,82.3374629,1,left,1.673668282,-15.16376399,0,0,0,0,0,0,1
1,298.2666588,305.6129003,199.8512077,199.8403645,85.38489342,1,left,2.047337364,-15.07468936,0,0,0,0,0,0,1
1,302.1904945,312.12152,198.2388496,198.2213545,81.74282312,1,left,2.146732259,-14.70845549,0,0,0,0,0,0,1
1,294.8889351,297.0451093,192.8634834,192.8542614,90.71077108,1,left,1.841534085,-15.0344186,0,0,0,0,0,0,1
1,293.0045509,299.7525668,203.8166237,203.8064289,87.18001842,1,left,1.939327609,-15.9178273,0,0,0,0,0,0,1
1,299.1362762,303.6429524,198.0308914,198.0203533,86.1140132,1,left,1.095783834,-14.49388196,0,0,0,0,0,0,1
1,296.4250565,294.6577168,192.6912689,192.6824284,89.45290446,1,left,1.88821209,-15.75178452,0,0,0,0,0,0,1
1,295.9080124,297.956605,201.8955994,201.8854094,81.473279,1,left,0.889447264,-16.80773787,0,0,0,0,0,0,1
1,294.2535591,308.6124611,211.469593,211.4506531,79.39114571,1,left,-0.047586999,-13.80803455,0,0,0,0,0,0,1
1,296.263485,298.7779952,203.0042076,202.9943705,88.09389472,1,left,2.747345073,-15.30571936,0,0,0,0,0,0,1
1,292.6976585,304.756813,211.5612984,211.5443802,74.80373979,1,left,1.343207059,-13.5830624,0,0,0,0,0,0,1
1,280.634861,285.0955892,200.3307915,200.3204155,88.17932606,1,left,2.114214877,-10.88259155,0,0,0,0,0,0,1
1,257.835865,171.7271924,159.9120522,159.9119282,92.68468618,0,forward,6.227926408,4.883816725,0,0,0,0,0,0,0
1,284.1449547,278.2966232,188.2927895,188.2863235,86.92939281,1,left,1.503394234,-11.60137952,0,0,0,0,0,0,1
1,257.8352165,223.9487171,133.4776115,133.4777641,96.80863023,0,forward,4.06590266,7.143971937,0,0,0,0,0,0,0
1,248.9591789,229.1283989,136.4294243,136.4294243,96.69322371,0,forward,3.33514425,4.01686909,1,245,363,363,480,0.757918417,1
1,257.2951889,266.3243556,201.5348434,201.5237331,90.94900489,2,forward,3.311349474,-5.114613886,0,0,0,0,0,0,0
1,257.7116013,296.3079357,134.1211319,134.1212654,85.40681005,0,forward,3.543766761,-5.183234774,0,0,0,0,0,0,0
1,208.1916618,248.1994343,147.4314308,147.4316025,95.43946385,1,forward,3.308409589,7.495716473,0,0,0,0,0,0,0
1,257.6845551,309.8210907,158.8759613,158.8759518,96.32873535,0,forward,-3.592519546,8.535360949,0,0,0,0,0,0,0
1,340.5017471,338.2469105,174.8191452,174.8103619,77.23580599,1,down,-15,10,0,0,0,0,0,0,1
1,257.6560402,306.7594242,146.1644173,146.164341,87.94586062,0,forward,0.656324504,4.195426738,0,0,0,0,0,0,0
1,256.0258484,257.9297519,190.6200409,190.6125927,94.55795884,2,forward,3.300716102,-6.461620626,0,0,0,0,0,0,0
1,250.8889198,242.2122097,140.5577278,140.5579662,87.36236095,2,forward,3.297421673,4.91939929,0,0,0,0,0,0,0
1,257.7514648,266.2137913,206.2051392,206.1949825,90.38662314,2,forward,3.291679152,-4.553020933,0,0,0,0,0,0,0
1,257.5940132,301.0654449,163.571682,163.5714054,96.01970911,0,forward,-3.721257224,7.573846931,0,0,0,0,0,0,0
1,248.711586,219.8294735,132.3306274,132.3308372,96.01461887,2,forward,3.286322468,7.425763374,0,0,0,0,0,0,0
1,257.4006081,295.9230376,147.6371574,147.6370239,84.7543478,0,forward,-6.65946376,0.36430192,0,0,0,0,0,0,0
1,257.2784805,227.8512669,154.0552902,154.0548992,96.84772491,0,forward,5.184346108,5.096820525,0,0,0,0,0,0,0
1,257.1818924,287.8819942,142.9886627,142.989006,94.40688491,0,forward,0.840170552,6.055182041,0,0,0,0,0,0,0
1,235.7172966,223.5397053,147.336216,147.3361588,94.1418469,0,forward,3.284532328,3.594135959,1,214,364,345,480,0.700910449,1
1,257.1294975,302.5887966,167.1264839,167.1217346,94.49917674,0,forward,-1.473083548,4.890477197,0,0,0,0,0,0,0
1,257.1080017,236.6015339,160.8192825,160.8190441,87.89791465,0,forward,7.473775695,13.48872457,0,0,0,0,0,0,1
1,259.5133591,277.9398203,198.5750198,198.5627604,91.9074893,2,forward,3.271227368,-5.087354616,0,0,0,0,0,0,0
1,270.3589249,297.0938504,187.673912,187.6671553,92.21323133,2,forward,3.270458523,-3.645530424,0,0,0,0,0,0,0
1,238.9286041,237.5044799,141.3294983,141.3296127,89.53576684,2,forward,3.270261271,5.88377745,0,0,0,0,0,0,0
1,257.040596,312.6910114,150.9249878,150.9249687,95.57303786,0,forward,-4.876376741,8.493698337,0,0,0,0,0,0,0
1,262.7452087,281.5747022,207.7804565,207.7685308,90.06612897,2,forward,3.261084671,-4.157749875,0,0,0,0,0,0,0
1,298.7590027,327.900163,203.433075,203.4193754,88.98795247,2,forward,3.254711451,-1.733090353,0,0,0,0,0,0,0
1,256.9309235,305.2526093,158.0190277,158.0186749,95.71303129,0,forward,-3.598842152,8.443011233,0,0,0,0,0,0,0
1,262.0947456,285.7570934,193.8512611,193.8399696,89.51755762,2,forward,3.253085972,-4.137552686,0,0,0,0,0,0,0
1,245.4511452,210.5446529,112.4931526,112.4934769,94.57015395,0,forward,3.24877656,5.473405441,1,128,265,254,474,0.710069656,1
1,253.6611748,254.6868015,154.2318916,154.2318249,91.39325023,2,forward,3.242629122,-1.610596645,0,0,0,0,0,0,0
1,262.5945663,276.2431264,205.0537109,205.0415897,86.81536317,2,forward,3.242335399,-2.166620845,0,0,0,0,0,0,0
1,249.3384743,204.4406057,147.0722389,147.0717716,80.41404486,0,forward,-4.836082001,-7.442337241,0,0,0,0,0,0,0
1,274.2194176,285.6216598,192.8427696,192.8316307,93.95834804,1,forward,3.239749814,-4.717887743,0,0,0,0,0,0,0
1,256.8914223,312.3722363,115.3446388,115.3445435,90.08582234,0,forward,1.197454644,7.505337875,0,0,0,0,0,0,0
1,256.8740082,298.8562489,168.2741547,168.2696342,94.50893998,0,forward,-0.627291843,4.155201963,0,0,0,0,0,0,0
1,256.8286514,181.382854,164.0999603,164.0997505,92.4990356,0,forward,7.341194737,-0.672143455,0,0,0,0,0,0,0
1,253.6730003,283.5644531,180.9989357,180.9934902,92.80416369,2,forward,3.210831941,-2.017832513,0,0,0,0,0,0,0
1,267.1611595,282.5711369,193.8046455,193.7936783,91.21338725,2,forward,3.20852117,-5.341443402,0,0,0,0,0,0,0
1,256.788578,142.5633454,144.6888161,144.6886826,92.15331078,0,forward,10.39989587,-2.259351577,0,0,0,0,0,0,0
1,240.3778648,230.607605,147.3261452,147.3260593,94.93040442,0,forward,3.198588045,4.580242839,1,214,376,349,480,0.77010107,1
1,256.7759705,303.8235855,161.8326187,161.8323612,96.61591053,0,forward,-0.839583182,9.87174133,0,0,0,0,0,0,0
1,294.6579552,331.6213382,192.7596855,192.749548,88.72503042,1,forward,3.188470432,-1.1136798,0,0,0,0,0,0,0
1,256.724968,201.7978693,124.8218155,124.8217678,84.28939581,0,forward,1.208974892,-7.264667475,0,0,0,0,0,0,0
1,289.8956108,295.8339143,197.7244759,197.7155685,94.88558769,1,forward,3.180841,-4.364389783,0,0,0,0,0,0,0
1,264.679184,273.2167983,179.3421555,179.3318367,86.07310057,2,forward,3.177730406,-1.788600922,0,0,0,0,0,0,0
1,236.5831566,264.8362553,135.4396248,135.4396391,85.63697338,1,forward,3.175160018,13.11874741,0,0,0,0,0,0,1
1,256.7006493,308.2684422,157.0963097,157.0959663,95.01265287,0,forward,-4.274961632,8.315625786,0,0,0,0,0,0,0
1,266.8763161,282.9299665,190.7856178,190.7746696,92.20572114,2,forward,3.168908854,-4.993748658,0,0,0,0,0,0,0
1,256.6802025,311.6789532,146.1081123,146.1079788,87.97197342,0,forward,0.46488826,9.559192785,0,0,0,0,0,0,0
1,256.668663,237.1487904,157.5911331,157.5910091,89.47026134,0,forward,7.389336139,14.70608564,0,0,0,0,0,0,1
1,308.4964561,340.445882,173.4073067,173.4023809,81.55508637,1,down,-15,10,0,0,0,0,0,0,1
1,320.7501984,355.6976939,184.2751694,184.2676306,82.55636096,1,down,-15,10,0,0,0,0,0,0,1
1,283.4121704,305.6054509,189.1005325,189.0910292,90.8855021,2,forward,3.159395296,-4.888078125,0,0,0,0,0,0,0
1,295.6339455,293.5342622,196.0519981,196.0411263,87.16492057,2,down,-15,10,0,0,0,0,0,0,1
1,316.402874,315.8691788,205.8748055,205.86339,77.30425,1,down,-10.45776707,-7.272845383,0,0,0,0,0,0,1
1,262.3374176,205.1140618,207.4361038,207.4240208,59.1596961,1,down,-15,10,0,0,0,0,0,0,1
1,312.7968979,309.3674469,217.6755905,217.6601028,63.13513517,1,down,-15,10,0,0,0,0,0,0,1
1,318.2361794,207.333653,211.1837578,211.1644077,59.11169648,1,down,-15,10,0,0,0,0,0,0,1
1,326.9330597,283.6814094,195.4589844,195.44981,77.14595795,1,down,-12.58388073,-5.158576377,0,0,0,0,0,0,1
1,336.2777328,314.3328356,198.6738586,198.6649418,75.91709495,1,down,-11.14222889,-6.74453312,0,0,0,0,0,0,1
1,256.6422844,302.5536346,164.5009041,164.5006657,93.25634837,0,forward,-2.049181541,4.655419254,0,0,0,0,0,0,0
1,256.6157532,314.9943638,121.0688019,121.0690498,88.80230188,0,forward,2.170427737,9.19490397,0,0,0,0,0,0,0
1,256.5514374,249.6318054,135.390625,135.3909588,93.25915575,0,forward,4.744085742,5.935069685,0,0,0,0,0,0,0
1,277.9335403,306.3482976,194.4823837,194.4726563,90.03506899,1,forward,3.153547562,-3.24754663,0,0,0,0,0,0,0
1,256.4620018,310.4043102,152.2603416,152.2603226,95.805794,0,forward,-3.538355909,8.772088458,0,0,0,0,0,0,0
1,285.4633522,297.4424052,198.394413,198.3848476,94.94995475,0,forward,3.141687017,-0.663417099,1,24,340,336,480,0.600084901,1
1,256.4538383,311.7456436,144.7437096,144.7435284,88.23138475,0,forward,-1.320384768,7.402704122,0,0,0,0,0,0,0
1,256.4309311,309.2688847,156.8116379,156.8114662,95.72384357,0,forward,-4.43447121,8.311737803,0,0,0,0,0,0,0
1,256.3989449,145.0173545,156.4203835,156.4202213,93.04183125,0,forward,10.53823951,-2.566265179,0,0,0,0,0,0,0
1,281.850071,302.9614413,178.4800911,178.4726429,74.84541535,2,forward,3.122199999,-3.822946116,0,0,0,0,0,0,0
1,256.3544655,310.1503086,157.5094414,157.5094414,96.35365605,0,forward,-3.126628958,8.603789296,0,0,0,0,0,0,0
1,256.333847,309.7298527,156.7927551,156.7928123,95.91622949,0,forward,-4.090467744,8.450956776,0,0,0,0,0,0,0
1,256.3176346,301.8299103,167.3932266,167.3886395,94.41396594,0,forward,-1.43176813,4.542233219,0,0,0,0,0,0,0
1,269.4371986,250.2919411,180.632267,180.6252193,77.60082483,2,forward,3.104770376,-2.239894326,0,0,0,0,0,0,0
1,260.2467918,277.4796128,193.6250496,193.6122322,87.91962266,2,forward,3.103263305,-4.661130758,0,0,0,0,0,0,0
1,256.293087,311.9069767,157.1974754,157.1973038,95.58554888,0,forward,-4.827228474,6.985103983,0,0,0,0,0,0,0
1,254.0130234,272.0042873,209.4532013,209.4404697,88.64503503,2,forward,3.093490554,-0.903496019,0,0,0,0,0,0,0
1,243.3597946,223.372724,129.6588898,129.6588421,88.47436905,2,forward,3.091097199,9.811017977,0,0,0,0,0,0,0
1,266.9090462,278.3454204,207.8696251,207.8593826,89.59049582,1,forward,3.083540883,-2.30369585,0,0,0,0,0,0,0
1,256.2686348,250.8941531,153.342762,153.3425903,84.8056972,0,forward,0.652365529,-2.211068546,0,0,0,0,0,0,0
1,256.2605095,308.4275436,159.0775871,159.0771961,96.67132497,0,forward,-2.839071216,9.079209791,0,0,0,0,0,0,0
1,256.2347031,242.2900486,202.0847321,202.0751381,91.83047414,0,forward,3.382775981,6.575014257,0,0,0,0,0,0,0
1,256.2146759,302.5337505,164.3695068,164.3692017,94.49391961,0,forward,-2.143970202,3.850979457,0,0,0,0,0,0,0
1,269.2227364,282.3756671,201.491909,201.4825344,93.60979795,2,forward,3.043546964,-1.674767345,0,0,0,0,0,0,0
1,256.1371803,309.7155476,158.0362129,158.035984,95.75050473,0,forward,-4.702241361,8.141027147,0,0,0,0,0,0,0
1,288.6264229,304.4533372,201.4654732,201.4542103,92.23378897,1,forward,3.031373192,-0.756924427,0,0,0,0,0,0,0
1,265.4571342,281.5213418,191.7241096,191.7129421,92.77381301,2,forward,3.026021718,-5.832869986,0,0,0,0,0,0,0
1,265.0244522,278.7898421,196.256752,196.2444305,89.05432224,2,forward,3.021945163,-5.999490931,0,0,0,0,0,0,0
1,256.1039925,170.5914998,170.3868675,170.3831577,94.46661472,0,forward,-0.443616196,1.545125238,0,0,0,0,0,0,0
1,257.7390289,244.5497346,136.9895554,136.989727,90.4220283,2,forward,3.016115649,-3.23106913,0,0,0,0,0,0,0
1,219.2963982,161.5090656,145.4472923,145.4475975,96.28484249,2,forward,3.015444026,3.389055832,1,98,138,222,291,0.677574933,1
1,252.9079819,268.4634352,209.4878006,209.4742155,88.44019175,2,forward,3.00574302,0.171055437,0,0,0,0,0,0,0
1,256.0353279,305.6510639,157.6494408,157.6490021,95.45665979,0,forward,-3.425532221,8.63806586,0,0,0,0,0,0,0
0,0,0,0,0,0,0,forward,3.001657981,13.10858187,0,0,0,0,0,0,1
1,257.8310013,270.0072932,210.6347275,210.6228161,87.44972348,2,forward,3.000381821,-2.672468978,0,0,0,0,0,0,0
1,266.424942,284.5120644,194.5305634,194.5193768,91.75456762,2,forward,2.994455735,-5.535971867,0,0,0,0,0,0,0
1,255.9333611,306.9993496,157.2889137,157.2885704,95.65236568,0,forward,-3.629283583,7.738512557,0,0,0,0,0,0,0
1,268.2568169,283.8334704,192.6905251,192.6796103,90.32127261,2,forward,2.988647658,-3.124736268,0,0,0,0,0,0,0
1,266.4629555,283.5240078,199.2304039,199.2184925,88.66978884,2,forward,2.986373384,-6.152666255,0,0,0,0,0,0,0
1,255.9329796,308.106451,151.7030907,151.7027664,96.23847008,0,forward,-2.890554111,9.503486503,0,0,0,0,0,0,0
1,221.4753914,159.1844273,148.8029671,148.8030624,96.42376304,2,forward,2.981173333,3.117683861,1,101,145,222,313,0.668253064,1
1,257.7804184,252.0960307,141.2760544,141.2761116,91.0167098,2,forward,2.979221595,-3.183887299,0,0,0,0,0,0,0
1,255.8552742,316.7478275,134.4794273,134.4795227,93.88405681,0,forward,1.258834021,11.43279349,0,0,0,0,0,0,0
1,255.7925415,311.0836315,154.7474289,154.7473526,96.40567899,0,forward,-3.839236361,8.740711749,0,0,0,0,0,0,0
1,255.7626152,232.7208424,148.5649681,148.5650253,96.79440856,0,forward,3.108154296,5.15310948,0,0,0,0,0,0,0
1,277.0852661,289.0482688,207.0759964,207.0637608,82.14809895,2,forward,2.966747425,-6.38907702,0,0,0,0,0,0,0
1,229.1588974,276.5857601,147.4403,147.4404144,93.93586516,0,forward,2.966341451,7.178935964,1,372,377,518,480,0.703862488,1
1,252.9174042,268.7829852,208.5952377,208.582449,90.42770863,2,forward,2.966234714,-0.728239605,0,0,0,0,0,0,0
1,255.76231,309.2332935,158.338604,158.3384514,96.24575973,0,forward,-3.63982402,9.027183467,0,0,0,0,0,0,0
1,255.7534218,299.2816257,154.8924065,154.8921776,95.48098445,0,forward,-1.849583934,10.83509982,0,0,0,0,0,0,0
1,287.0810318,321.4932728,189.6619797,189.6557236,91.6796267,1,forward,2.943934646,-2.802959712,0,0,0,0,0,0,0
1,255.6861877,306.6571426,140.1470184,140.1470661,95.36448121,0,forward,1.223721198,10.36567729,0,0,0,0,0,0,0
1,265.3774071,284.2981959,196.07687,196.0645723,90.23438692,2,forward,2.925721096,-4.682860113,0,0,0,0,0,0,0
1,240.6389427,221.6394114,136.1468315,136.1467552,92.85335541,2,forward,2.921759627,-2.8949105,0,0,0,0,0,0,0
1,264.492321,288.465147,198.9347267,198.9218616,84.78175402,2,forward,2.919233036,-6.109787799,0,0,0,0,0,0,0
1,258.187542,280.9006668,194.3711281,194.3581867,88.18124533,2,forward,2.912704625,-4.524601728,0,0,0,0,0,0,0
1,255.6818008,231.5272522,152.3615646,152.3616028,96.46977186,0,forward,4.686171749,5.489558996,0,0,0,0,0,0,0
1,226.1907005,161.4718437,150.0855064,150.085516,95.84720731,2,forward,2.90516307,3.213273793,1,99,144,227,321,0.737425506,1
1,260.8019638,277.3140216,207.7054977,207.6925564,88.0543232,2,forward,2.902741946,-3.009709661,0,0,0,0,0,0,0
1,293.5975075,284.6840286,156.4090157,156.409235,91.64759517,0,forward,2.897659282,13.07692344,1,481,295,640,480,0.842627585,1
1,300.0366974,330.6490207,185.5960464,185.5874348,91.77662134,1,forward,2.896242235,-0.651691596,0,0,0,0,0,0,0
1,255.6787872,311.9825077,146.3372421,146.337204,97.65258431,0,forward,-0.121552423,10.10986087,0,0,0,0,0,0,0
1,235.4816818,227.086401,143.3523178,143.3521271,95.89935541,0,forward,2.887581146,4.388825905,1,220,376,344,480,0.824374974,1
1,265.1705551,221.6003895,132.1354675,132.1356869,96.03307247,0,forward,2.883428025,-0.721010925,1,320,299,508,480,0.862920105,1
1,258.7775803,273.2384277,207.2976685,207.285347,87.97753453,2,forward,2.877409158,-0.728024753,0,0,0,0,0,0,0
1,222.3997688,224.4262671,139.9978447,139.9976349,94.21616793,2,forward,2.877270015,-4.601449418,0,0,0,0,0,0,0
1,240.1687431,290.0690746,135.0827599,135.0828552,93.69567037,1,forward,2.876552805,3.57315894,0,0,0,0,0,0,0
1,255.6383705,302.8999043,166.7627144,166.7573547,93.05673838,0,forward,-4.233609224,5.013492879,0,0,0,0,0,0,0
1,255.510788,307.3812962,155.6965256,155.6962395,96.2711513,0,forward,-2.600416647,9.478490659,0,0,0,0,0,0,0
1,270.0626183,282.5431514,195.2747154,195.2635574,92.14143753,2,forward,2.849831049,-2.571980094,0,0,0,0,0,0,0
1,275.7461166,309.7565519,201.4090729,201.3991928,92.80726314,2,forward,2.842224672,-2.906561352,0,0,0,0,0,0,0
1,255.4076958,301.7563534,164.435482,164.4307709,93.80251765,0,forward,-3.794930033,6.680043515,0,0,0,0,0,0,0
1,261.5152931,282.1075451,191.6909599,191.6795683,91.80895686,2,forward,2.82778381,-5.073592304,0,0,0,0,0,0,0
1,292.0256615,287.9338193,194.1678047,194.1582012,84.70180035,2,forward,-3.726112109,-7.435799702,0,0,0,0,0,0,0
1,263.4065247,285.5654479,186.4788818,186.467557,91.83864594,2,forward,2.805464575,-5.706967016,0,0,0,0,0,0,0
1,263.0814362,250.5190778,137.569313,137.5691986,89.48339224,2,forward,2.804224214,2.838235964,0,0,0,0,0,0,0
1,236.0177612,172.599535,148.6039352,148.603878,92.91316271,0,forward,2.800519451,0.639052677,1,96,167,228,325,0.789473295,1
1,262.6285553,285.4418194,191.5518188,191.5397501,84.60130095,2,forward,2.800037216,-4.755143331,0,0,0,0,0,0,0
1,255.3495789,304.6921635,159.6299362,159.629631,94.9592948,0,forward,-4.184051571,7.868764579,0,0,0,0,0,0,0
1,255.3252411,309.6001053,151.10569,151.1055851,95.7890451,0,forward,-3.455839318,9.081362442,0,0,0,0,0,0,0
1,265.7353401,270.5422807,155.1053429,155.1052094,88.06368709,2,forward,2.79590046,-4.989856786,0,0,0,0,0,0,0
1,252.7196312,267.0924163,207.4526787,207.4397564,89.81471062,2,forward,2.794177561,-1.041633238,0,0,0,0,0,0,0
1,255.3073502,305.9121037,157.0115662,157.0112228,96.19467854,0,forward,-1.946917586,9.073938863,0,0,0,0,0,0,0
1,245.1597023,222.8346825,130.8838463,130.8837605,93.15392971,2,forward,2.788449817,-3.2670365,0,0,0,0,0,0,0
1,282.8460312,303.5308945,197.0601273,197.0502234,91.23879671,1,forward,2.781727195,-1.841260025,0,0,0,0,0,0,0
1,264.0653801,276.6995072,196.76054,196.7492008,93.10004115,2,forward,2.778446292,-2.720698129,0,0,0,0,0,0,0
1,295.8034325,279.4442463,205.7171059,205.7038307,75.980407,1,forward,-5.461399589,-7.407094368,0,0,0,0,0,0,0
1,292.2720337,317.6304209,197.9392242,197.9245949,75.46067834,2,left,4.340985445,-14.24397285,0,0,0,0,0,0,1
1,285.812149,318.1491541,220.2326965,220.2123642,66.99497104,2,left,3.765640815,-14.41402182,0,0,0,0,0,0,1
1,300.058136,331.49472,210.8794403,210.8642578,69.94405389,2,left,7.801734391,-16.91608888,0,0,0,0,0,0,1
1,313.0737305,329.2735362,190.5728149,190.5590343,75.40356517,2,left,9.562872607,-19.88577385,0,0,0,0,0,0,1
1,313.6859894,334.1224051,198.8883591,198.8755274,73.9151001,2,left,7.419016902,-19.53044842,0,0,0,0,0,0,1
1,301.7564774,327.2243381,212.8655624,212.8507233,72.78385162,2,left,7.225229801,-20.06214085,0,0,0,0,0,0,1
1,305.9196663,337.1165824,216.5257835,216.5111732,70.93652487,2,left,9.387663883,-23.95393036,0,0,0,0,0,0,1
1,307.748642,335.7145477,218.3918762,218.3723259,71.46134973,2,left,8.153744441,-19.34670317,0,0,0,0,0,0,1
1,307.9733467,334.2531729,217.9586983,217.9397249,71.47771716,2,left,9.303435817,-21.53482679,0,0,0,0,0,0,1
1,306.830883,338.1553185,214.8820686,214.8647833,69.31275725,2,left,10.06199349,-19.95155677,0,0,0,0,0,0,1
1,288.84758,311.1626542,209.3436432,209.3242693,81.55624866,2,left,4.467730395,-16.47183649,0,0,0,0,0,0,1
1,258.9306641,293.9529181,203.7655258,203.757062,92.41599441,1,forward,2.771736881,-1.819441291,0,0,0,0,0,0,0
1,270.2301788,281.1939406,196.5893936,196.5795135,89.33652043,2,forward,2.771430594,-6.029095946,0,0,0,0,0,0,0
1,258.1632233,267.9868102,202.2606277,202.2512627,93.97444129,2,forward,2.769812992,-1.975877358,1,498,365,622,480,0.623880088,1
1,269.0141296,278.2388186,185.2170944,185.2076054,92.29697585,2,forward,2.76868777,-4.99121552,0,0,0,0,0,0,0
1,232.6783943,219.4787121,135.9265709,135.9266853,94.83703375,0,forward,2.766420638,4.79930149,1,0,207,59,474,0.786950171,1
1,255.2973747,307.0586872,158.1982994,158.1979752,95.8774209,0,forward,-2.797238924,7.915417019,0,0,0,0,0,0,0
1,266.0674095,279.5994615,188.9489174,188.9379072,93.02970171,2,forward,2.752837917,-5.072117644,0,0,0,0,0,0,0
1,254.6989822,271.6878795,214.6379852,214.6227264,84.58749652,2,forward,2.732946552,-1.260060673,0,0,0,0,0,0,0
1,264.6172523,287.0374548,192.3138237,192.3029137,91.62088037,2,forward,2.727859044,-5.437069906,0,0,0,0,0,0,0
1,277.6285362,310.9209835,170.5078316,170.5038786,90.71086645,1,forward,2.715485917,-7.17898162,0,0,0,0,0,0,0
1,255.24683,311.2308598,122.997036,122.9969215,90.84456563,0,forward,-0.072240367,6.027076005,0,0,0,0,0,0,0
1,283.0637169,271.9480348,191.5403175,191.533699,87.14423776,2,left,-6.299056187,-10.66376315,0,0,0,0,0,0,1
1,288.7856483,222.0511723,123.4976387,123.4976578,95.47835588,1,forward,2.703360753,6.945548486,1,217,302,331,478,0.903982162,1
1,255.1819992,308.1792355,118.2688904,118.2688522,85.30191183,0,forward,4.378570177,9.344870808,0,0,0,0,0,0,0
1,255.0833321,314.3446255,118.5899925,118.589859,88.67850304,0,forward,2.985020859,5.997078363,0,0,0,0,0,0,0
1,262.1434021,304.1903687,188.8929749,188.8867092,87.25655675,2,forward,2.694621566,-3.737892054,0,0,0,0,0,0,0
1,272.4468422,293.1915152,194.2926979,194.2819691,92.50920415,2,forward,2.693791499,-4.762581149,0,0,0,0,0,0,0
1,279.3288803,301.5345168,183.5034943,183.4976864,88.14235926,2,forward,2.688049839,-7.498021912,0,0,0,0,0,0,0
1,270.8895683,294.0242684,201.3697243,201.358037,87.77561188,2,forward,2.686766999,-7.131683119,0,0,0,0,0,0,0
1,255.0543976,253.7141132,128.3929825,128.3933258,87.42444515,0,forward,9.434135469,13.47073177,0,0,0,0,0,0,1
1,245.3080559,280.6579685,131.1285591,131.1288643,96.19213343,0,forward,2.675084236,6.047232783,1,232,418,337,479,0.682370365,1
1,260.0031281,242.5041605,135.5147171,135.5147552,89.05650377,2,forward,2.665355677,-4.900803458,0,0,0,0,0,0,0
1,253.9404297,218.5950851,130.5224228,130.5226135,94.71932054,0,forward,2.661467962,6.376705532,1,329,280,455,474,0.892777205,1
1,258.5028839,271.5047884,204.0065384,203.9943838,90.64772129,2,forward,2.658398771,-1.403402638,0,0,0,0,0,0,0
1,254.9339104,307.0061588,159.6362877,159.6359825,95.23279071,0,forward,-4.310235422,7.817933456,0,0,0,0,0,0,0
1,264.9134827,289.4813264,197.0993805,197.0866156,88.89368176,2,forward,2.6497479,-5.948738837,0,0,0,0,0,0,0
1,246.8340492,245.9452438,151.6889,151.6890621,91.70090556,2,forward,2.646870991,-4.843558456,0,0,0,0,0,0,0
1,266.4493752,282.7183104,192.8616524,192.8498411,88.93874288,1,forward,2.645002483,-5.837669426,0,0,0,0,0,0,0
1,265.3054428,288.1901038,189.2060471,189.194212,89.04818296,2,forward,2.643234319,-4.413805211,0,0,0,0,0,0,0
1,254.9284363,197.1148086,163.8415146,163.837738,94.5374012,0,forward,2.16698075,-2.93318329,0,0,0,0,0,0,0
1,265.1901436,281.2181163,193.0663872,193.0547047,90.84783792,2,forward,2.629073196,-5.455689563,0,0,0,0,0,0,0
1,270.8352852,283.3238077,188.4397697,188.4294176,92.01658964,2,forward,2.627740354,-5.360319769,0,0,0,0,0,0,0
1,263.8998604,278.7249947,195.7745171,195.7630348,89.95135427,2,forward,2.626164574,-5.140850086,0,0,0,0,0,0,0
1,261.162281,284.7378325,192.9087639,192.8968334,88.28555942,2,forward,2.604504878,-5.246140124,0,0,0,0,0,0,0
1,258.5445976,265.9376383,195.8721352,195.8616972,89.59819674,2,forward,2.600960047,-6.77436123,0,0,0,0,0,0,0
1,256.2747574,270.8340955,210.2268219,210.2123737,81.89359307,2,forward,2.594726482,-1.0225978,1,497,362,624,480,0.612501919,1
1,254.8470879,301.1408901,166.9911385,166.9864082,93.73988509,0,forward,-1.805953358,4.24219518,0,0,0,0,0,0,0
1,254.845562,307.2387314,157.941761,157.9414272,96.60906792,0,forward,-3.149317968,9.298532782,0,0,0,0,0,0,0
1,286.8112564,291.9665766,194.8845291,194.8759031,93.53141189,1,forward,2.58871687,-5.047497553,0,0,0,0,0,0,0
1,301.2355614,331.9692922,189.3969917,189.3863583,88.82369995,1,forward,2.574839894,-3.084435741,0,0,0,0,0,0,0
1,224.9005318,161.554985,145.9308815,145.9310246,96.02126479,2,forward,2.568441849,2.784054665,1,101,146,223,315,0.718030691,1
1,311.0250854,225.0319576,120.6895828,120.6898499,90.84154367,1,forward,2.567002141,3.848023229,1,287,300,395,455,0.866599441,1
1,265.2204323,278.9080668,199.6927834,199.6818209,93.36622357,2,forward,2.559619322,-2.822987516,0,0,0,0,0,0,0
1,251.2176895,216.8581295,120.2189255,120.2188969,91.39053822,1,forward,2.5577417,6.776170576,1,77,227,267,380,0.69176966,1
1,254.8375702,175.4660344,174.8283386,174.8240662,93.93348694,0,forward,2.465161973,0.624756967,0,0,0,0,0,0,0
1,271.705513,244.3264389,122.0842743,122.0845699,94.05283332,2,forward,2.55001629,-8.069002828,0,0,0,0,0,0,0
1,272.2015381,294.6138478,196.587944,196.5771103,89.84206319,2,forward,2.541566537,-1.888989112,0,0,0,0,0,0,0
1,253.3721542,261.215477,208.454895,208.4452629,93.13568473,2,forward,2.537997152,-3.603552214,0,0,0,0,0,0,0
1,254.8334312,296.7486191,139.2998314,139.3000317,94.18963194,0,forward,3.481715424,9.252513408,0,0,0,0,0,0,0
1,254.8291588,308.4416199,159.5069313,159.5065784,95.70028186,0,forward,-4.833109986,8.644619193,0,0,0,0,0,0,0
1,287.5671196,304.1325998,196.9731712,196.9622183,91.11815691,2,forward,2.528229139,-5.189235676,0,0,0,0,0,0,0
1,266.7591476,287.9530155,192.2826385,192.2713995,92.14197397,2,forward,2.515882933,-4.431751797,0,0,0,0,0,0,0
1,254.81987,231.094408,147.3814392,147.3813057,96.97139859,0,forward,5.142929502,4.564942963,0,0,0,0,0,0,0
1,272.7579689,305.6689596,194.6884727,194.6798086,89.83576894,2,forward,2.500524357,-2.012681595,0,0,0,0,0,0,0
1,238.7273216,217.6899433,139.5125771,139.5125771,94.75423098,1,forward,2.498220391,6.883489232,1,204,396,323,480,0.861444712,1
1,203.8986588,238.1477321,154.8028946,154.8028851,83.74937773,1,forward,2.497174031,-4.562796292,0,0,0,0,0,0,0
1,275.6594467,296.329987,195.00103,194.9909878,92.12828279,1,forward,2.484665649,-1.85762031,0,0,0,0,0,0,0
1,257.3158646,241.5287114,136.8201447,136.8201828,87.17832565,2,forward,2.477066575,-4.318860001,0,0,0,0,0,0,0
1,254.8116112,313.4170532,149.6029472,149.6032047,96.62181139,0,forward,-4.122099473,8.274100767,0,0,0,0,0,0,0
1,274.2599678,290.8841348,196.4022255,196.3923454,91.42596126,2,forward,2.472105498,-6.297014527,0,0,0,0,0,0,0
1,274.953804,288.4185147,185.04673,185.0360584,89.23723698,2,forward,2.4705457,-7.285558173,0,0,0,0,0,0,0
1,254.7550392,176.5984082,170.9043694,170.8979416,92.1420753,0,forward,0.23211653,-0.077923718,0,0,0,0,0,0,0
1,256.7845535,268.0488372,205.2653122,205.2524757,89.87393975,2,forward,2.449367199,-1.504758535,0,0,0,0,0,0,0
1,252.5698853,247.0485974,147.9258728,147.9259872,89.55565095,2,forward,2.448650273,-4.846007835,0,0,0,0,0,0,0
1,256.2947845,266.2148165,201.1661148,201.1569214,94.58701015,2,forward,2.446600926,-0.947919116,1,498,361,625,480,0.612795234,1
1,269.4362068,283.2509351,190.2619362,190.2495289,89.85326886,2,forward,2.441404601,-4.899813001,0,0,0,0,0,0,0
1,248.45438,276.7258036,177.8204918,177.8154659,94.72907186,2,forward,2.440376713,-1.778561685,0,0,0,0,0,0,0
1,307.8461456,337.136451,198.0820847,198.0699205,89.14378285,2,forward,2.439423116,-2.679980506,0,0,0,0,0,0,0
1,264.2112541,283.2176804,200.3014565,200.2896023,89.08222914,2,forward,2.437734288,-5.609202374,0,0,0,0,0,0,0
1,258.1317329,224.0780926,149.109478,149.1093636,96.88566327,0,forward,2.436031976,4.445455819,1,155,432,327,478,0.68899262,1
1,262.3707771,290.3757965,187.2867393,187.2796869,88.34853172,2,forward,2.428971915,-5.798845831,0,0,0,0,0,0,0
1,254.6838951,302.5918865,159.5530891,159.552784,96.00601196,0,forward,-3.314167846,8.978759119,0,0,0,0,0,0,0
1,254.6561623,249.7950626,142.6468849,142.6470852,86.48311496,1,forward,2.425473545,-3.125116693,0,0,0,0,0,0,0
1,261.6183281,275.3123927,190.2578545,190.2471256,92.67870188,1,forward,2.425433856,-3.380739788,0,0,0,0,0,0,0
1,304.8402405,332.4121261,192.4267578,192.4164391,89.77458477,2,forward,2.420201004,-1.2798321,0,0,0,0,0,0,0
1,253.8689613,265.4497456,167.6801872,167.6753712,91.21882319,2,forward,2.419414289,-5.621711979,0,0,0,0,0,0,0
1,254.677124,247.4161434,140.9923553,140.9926701,96.60893679,0,forward,-3.094159694,0.177465941,0,0,0,0,0,0,0
1,263.9468575,219.9716091,132.055645,132.0558357,96.67825699,2,forward,2.407354409,2.871497182,0,0,0,0,0,0,0
1,286.0168266,303.107512,203.2293892,203.2168293,88.35197091,1,forward,2.404184005,-1.947189899,0,0,0,0,0,0,0
1,262.2942543,282.9047453,201.6571999,201.6445541,87.59685755,2,forward,2.400262952,-5.118168445,0,0,0,0,0,0,0
1,267.4157333,287.9280519,198.7204361,198.7090445,89.8614049,1,forward,2.398902378,-2.204008039,0,0,0,0,0,0,0
1,266.4145088,276.8146205,189.8267174,189.8163128,91.24336839,1,forward,2.398123528,-5.986122722,0,0,0,0,0,0,0
1,254.6649551,308.9976883,158.13797,158.137579,95.76826692,0,forward,-5.149503228,8.247806907,0,0,0,0,0,0,0
1,254.6631813,320.5693531,130.3802681,130.380249,95.44802308,0,forward,-5.302118841,6.771371044,0,0,0,0,0,0,0
1,252.8202629,314.0153503,120.8179665,120.8177662,86.58607602,0,forward,2.39496396,9.390671693,1,236,353,336,479,0.725407183,1
1,197.5750542,241.5269757,183.9652824,183.959713,90.36436677,1,forward,2.383737647,-7.202594008,0,0,0,0,0,0,0
1,260.2994728,271.1341381,199.3986702,199.3876076,93.33410263,2,forward,2.381568681,-1.965770353,0,0,0,0,0,0,0
1,291.1668587,279.7723484,202.2450066,202.232666,76.044029,1,forward,-5.30434441,-7.402856709,0,0,0,0,0,0,0
1,267.7088737,281.9030594,194.7857475,194.7734356,88.93318176,2,forward,2.37992432,-4.710685431,0,0,0,0,0,0,0
1,273.5324097,286.5189004,196.6737366,196.6638565,94.41248775,1,forward,2.370236917,-2.572075205,0,0,0,0,0,0,0
1,262.5664711,274.5701933,201.2100792,201.1992788,91.03471041,2,forward,2.367967021,-2.13448323,1,497,361,627,480,0.714280069,1
1,251.8539429,269.9629808,212.7194595,212.7044964,84.00207758,2,forward,2.366736748,-0.657831448,0,0,0,0,0,0,0
1,259.8962593,264.2859912,198.086071,198.0778027,94.95433569,2,forward,2.365860164,-1.340348644,0,0,0,0,0,0,0
1,241.3844681,220.9142781,137.9474258,137.9473114,92.48278737,2,forward,2.365828519,-3.420992732,0,0,0,0,0,0,0
1,274.9241638,297.4338341,191.0347366,191.0237789,88.9349699,2,forward,2.364443815,-6.712143392,0,0,0,0,0,0,0
1,254.5470047,234.3622112,147.291832,147.2919273,96.73823714,0,forward,4.109021107,5.683674058,0,0,0,0,0,0,0
1,272.9006004,304.6592712,195.3347588,195.3246975,91.24521613,2,forward,2.362020035,-2.922577666,0,0,0,0,0,0,0
1,242.1400452,230.6675434,146.580925,146.5809059,95.17430663,0,forward,2.361698732,3.857599235,1,215,382,353,479,0.645815253,1
1,254.5420647,220.6430054,130.4044914,130.4045963,95.01114488,0,forward,3.512247135,4.863936966,0,0,0,0,0,0,0
0,0,0,0,0,0,1,forward,2.356692116,5.927080093,0,0,0,0,0,0,1
1,242.1741486,219.7220421,123.5798264,123.5800266,94.10952926,0,forward,2.354306501,5.101220349,1,71,255,183,468,0.853696465,1
1,263.1295395,280.7793546,198.3913803,198.3794689,92.20892191,2,forward,2.346272499,-5.179916556,0,0,0,0,0,0,0
1,263.9120102,283.864584,198.9662933,198.9540768,90.9386158,2,forward,2.343498916,-4.506033716,0,0,0,0,0,0,0
1,281.3705444,296.7342519,198.2320023,198.2211828,81.26744628,1,forward,2.339660322,-4.161971259,0,0,0,0,0,0,0
1,223.806591,159.348135,147.0327187,147.0328331,96.67620659,2,forward,2.338148167,3.000420721,1,100,147,227,316,0.716240466,1
1,262.2572899,275.5218435,191.6835594,191.6709995,90.93712568,2,forward,2.337976122,-5.304608317,0,0,0,0,0,0,0
1,243.682003,318.6848545,131.9207191,131.9205666,93.26943159,0,forward,2.334455223,5.543431955,1,255,390,366,480,0.775890052,1
1,267.3050308,285.3632569,193.8505554,193.8393402,88.37129474,2,forward,2.330367658,-5.037266513,0,0,0,0,0,0,0
1,272.0274925,297.765255,205.7162285,205.7053185,85.92207432,2,forward,2.324639319,-6.439713186,0,0,0,0,0,0,0
1,266.4949799,285.0594354,200.3462219,200.3348064,90.36192894,1,forward,2.324565153,-2.231788005,0,0,0,0,0,0,0
1,258.1856346,243.8799834,142.8625679,142.8626347,87.88701296,2,forward,2.32173801,-5.651823916,0,0,0,0,0,0,0
1,243.5732841,217.5284672,139.0981483,139.0981293,95.32448649,1,forward,2.320265781,5.805948775,1,210,400,328,480,0.872180164,1
1,259.5000839,283.8532543,200.1397324,200.1278973,91.752702,2,forward,2.316165614,-3.964681903,0,0,0,0,0,0,0
1,262.3232079,281.4206291,198.5188866,198.5049248,81.96478486,2,forward,2.312669637,-6.172291791,0,0,0,0,0,0,0
1,265.9549141,284.2643094,186.178875,186.1672211,88.45157623,2,forward,2.304444898,-6.320398963,0,0,0,0,0,0,0
1,254.5320129,307.6529217,161.758461,161.7581177,96.44857645,0,forward,-3.115521112,9.061046896,0,0,0,0,0,0,0
1,271.591053,252.4043369,134.7402763,134.7402763,88.90500069,1,forward,2.295311002,9.414582129,0,0,0,0,0,0,0
1,254.4775963,306.4311504,158.6113167,158.610878,95.57385445,0,forward,-3.712334905,8.110412978,0,0,0,0,0,0,0
1,254.4330215,309.9884319,151.5762711,151.5763092,96.05724216,0,forward,-3.460937189,8.356374583,0,0,0,0,0,0,0
1,254.4243813,311.4021206,155.7013893,155.7012749,96.93097472,0,forward,-2.656875841,8.448010547,0,0,0,0,0,0,0
1,268.7804604,285.1913023,190.6848335,190.673089,90.48658609,2,forward,2.282938246,-5.809594711,0,0,0,0,0,0,0
1,254.3859673,310.292387,153.3131218,153.3130646,96.90416455,0,forward,-2.796436294,8.546285658,0,0,0,0,0,0,0
1,235.3898811,268.1512761,135.3007698,135.3009796,86.02716923,1,forward,2.27832949,11.1454545,0,0,0,0,0,0,0
1,261.8582535,281.2401676,196.2647629,196.2538147,91.81035161,1,forward,2.275773817,-2.683847811,0,0,0,0,0,0,0
1,254.3462753,308.1390667,159.4380569,159.4377136,96.27425671,0,forward,-2.970442635,8.768224869,0,0,0,0,0,0,0
1,282.767601,215.8767128,120.0825882,120.082655,90.2800858,0,forward,2.256996638,5.806364487,1,261,298,376,478,0.801444829,1
1,239.5182991,214.937582,126.3872719,126.3874912,93.35947037,0,forward,2.253793979,4.734313919,1,74,240,191,451,0.861927271,1
1,253.5663795,237.6445865,137.9541206,137.9542923,90.31043053,2,forward,2.249050821,-4.013197855,0,0,0,0,0,0,0
1,256.3300133,293.8575363,182.7326775,182.7270699,91.71667695,2,forward,2.248404916,0.918170115,0,0,0,0,0,0,0
1,275.9374619,291.4874435,196.4690399,196.4587498,83.78150463,2,forward,2.23804331,-9.179108262,0,0,0,0,0,0,0
1,254.2957497,248.5140515,172.585125,172.5803089,90.60332179,0,forward,2.282456754,-2.084968052,0,0,0,0,0,0,0
1,257.6456833,275.8823586,198.6087036,198.5956192,88.7400806,2,forward,2.231849,-4.735439519,0,0,0,0,0,0,0
1,263.7973976,289.0869021,194.1827965,194.1717625,88.05792332,1,forward,2.231076363,-4.347664741,0,0,0,0,0,0,0
1,254.2466736,246.4315796,134.631691,134.6321011,92.69263148,0,forward,9.217053912,13.8001146,0,0,0,0,0,0,1
1,265.4474258,283.0206155,196.6679001,196.6559744,93.38093996,2,forward,2.222319143,-5.626694851,0,0,0,0,0,0,0
1,253.5336304,279.3672657,195.6699753,195.6588364,86.30993962,2,forward,2.218569251,-3.958933354,0,0,0,0,0,0,0
1,245.0789452,235.6416893,141.7874718,141.7873478,95.59086561,0,forward,2.218449467,3.741086814,1,237,432,361,479,0.722157776,1
1,254.2426491,314.3931484,121.5490913,121.5492439,91.34959579,0,forward,1.288359375,10.32166975,0,0,0,0,0,0,0
1,232.2528076,221.117928,146.4456177,146.4454937,90.63564539,2,forward,2.215167111,-2.598214553,0,0,0,0,0,0,0
1,244.8096275,232.1906948,149.2239952,149.2239761,95.75772285,0,forward,2.209053735,4.260208407,1,241,384,368,479,0.66144675,1
1,282.195816,261.906395,163.6953354,163.69174,90.36824107,0,left,11.80181465,-13.82421682,0,0,0,0,0,0,1
1,299.1644859,261.8980122,153.0808449,153.0806351,87.52651811,0,left,13.47716303,-21.16132679,0,0,0,0,0,0,1
1,300.0277901,259.0896893,153.5499763,153.5499573,86.86497808,0,left,13.43740222,-24.28786432,0,0,0,0,0,0,1
1,294.6910858,260.6857967,150.891304,150.8911514,86.38967276,0,left,12.69178417,-23.72391406,0,0,0,0,0,0,1
1,266.5626144,302.0088148,198.6358261,198.6263895,88.0959034,2,forward,2.205217843,-2.521415687,0,0,0,0,0,0,0
1,267.663784,271.7367268,153.3757591,153.3758354,93.17879081,0,right,6.308600322,16.00053615,0,0,0,0,0,0,1
1,253.6231995,266.5116405,157.9145813,157.9144478,91.64958,0,right,6.21716848,15.913835,0,0,0,0,0,0,1
1,249.6836853,265.6042099,157.2342682,157.2340679,85.9945178,0,right,7.170445695,16.20966203,0,0,0,0,0,0,1
1,249.4390488,268.194437,150.4664993,150.4665184,83.43562484,0,right,6.444522759,16.53743111,0,0,0,0,0,0,1
1,267.4967384,278.3307266,146.6190529,146.619215,93.63726974,0,right,4.83728022,17.08124718,0,0,0,0,0,0,1
1,259.8513603,280.6224227,196.20821,196.1953926,87.28406429,2,forward,2.204788748,-5.166883007,0,0,0,0,0,0,0
1,270.3096199,289.7483182,197.9353905,197.9231644,87.10401654,2,forward,2.204625836,-6.817008827,0,0,0,0,0,0,0
1,263.4044266,282.3069692,204.2302704,204.2177582,88.9842093,2,forward,2.203977863,-4.780177634,0,0,0,0,0,0,0
1,242.0219231,175.3949261,151.2459755,151.2459755,93.50173473,0,forward,2.197274967,2.457911263,1,126,192,255,365,0.730535448,1
1,256.6239166,271.2409043,186.1745834,186.1634445,87.32962012,1,forward,2.196624847,-2.876737399,0,0,0,0,0,0,0
1,254.082222,300.8714676,164.1646957,164.164381,96.21399045,0,forward,-3.87387737,7.526357723,0,0,0,0,0,0,0
1,262.3694992,282.6212072,201.0124969,201.0005236,87.9003644,2,forward,2.186333852,-5.309203304,0,0,0,0,0,0,0
1,254.0290451,290.9939575,132.5367737,132.5370884,88.99745345,0,forward,3.184633839,8.636799235,0,0,0,0,0,0,0
1,253.9550972,136.6695714,148.5770988,148.5771847,93.32242608,0,forward,8.546782116,-2.568886858,0,0,0,0,0,0,0
1,253.9376259,298.6295986,166.5516853,166.5478134,97.1607089,0,forward,-2.58394227,8.619638888,0,0,0,0,0,0,0
1,245.3766251,225.0607372,169.7812271,169.7771358,87.42003441,0,forward,-0.833688195,-7.375297121,0,0,0,0,0,0,0
1,292.6423073,285.7900143,157.9361916,157.9362488,91.81566834,0,forward,2.163502226,13.60128121,1,479,294,640,480,0.8633551,1
1,255.2688026,269.9461007,210.3069115,210.2942276,90.13870358,2,forward,2.162705259,-0.991932971,0,0,0,0,0,0,0
1,239.7633743,269.0239823,131.4260864,131.4262676,85.73902249,1,forward,2.161341369,11.20203261,0,0,0,0,0,0,0
1,251.7273712,275.5725813,175.555687,175.5516672,93.59666109,2,forward,2.159789986,-2.328147957,0,0,0,0,0,0,0
1,253.8090324,306.7816544,160.775547,160.7752705,96.39483094,0,forward,-2.222958731,9.422931571,0,0,0,0,0,0,0
1,257.6632881,271.8184352,203.9064598,203.8941479,91.19324684,2,forward,2.153172108,-1.399730577,0,0,0,0,0,0,0
1,283.9658546,290.8219313,212.0810127,212.0631981,71.09020352,1,forward,2.150610729,-9.626645394,0,0,0,0,0,0,0
1,253.7728691,259.0027714,199.4138145,199.405632,91.95868969,0,forward,-0.516759245,7.691312032,0,0,0,0,0,0,0
1,272.9052544,300.7006646,195.0327873,195.0225735,88.22678328,2,forward,2.139660188,-3.304134836,0,0,0,0,0,0,0
1,266.1830902,285.7241487,197.4823761,197.4703932,90.14428258,2,forward,2.13804604,-5.773130573,0,0,0,0,0,0,0
1,253.7183762,218.525877,132.4521255,132.4522018,91.14558697,0,forward,8.01438621,-7.972247578,0,0,0,0,0,0,0
1,242.5304222,231.1851597,145.9578514,145.9577751,94.49330568,0,forward,2.128696429,3.888462543,1,221,380,352,479,0.7181831,1
1,253.7139511,314.2597961,115.622139,115.6223202,89.92592692,0,forward,-0.949253666,10.63939342,0,0,0,0,0,0,0
1,306.8219376,339.5801461,187.8316879,187.8221083,88.96490932,1,forward,2.117825412,-2.266157692,0,0,0,0,0,0,0
1,253.6625671,302.8156757,158.5688019,158.5684776,96.73399925,0,forward,-3.498471345,8.695962346,0,0,0,0,0,0,0
1,253.57481,284.2888641,137.7085304,137.708559,92.45711565,0,forward,6.611449259,-5.996721714,0,0,0,0,0,0,0
1,231.7917824,167.6251316,150.2998543,150.2998638,95.03552318,1,forward,2.108580048,6.024355073,1,92,175,220,346,0.780240953,1
1,260.2955437,213.9512444,122.3180199,122.3183155,86.8994236,1,forward,2.108473147,7.465732182,1,166,215,275,354,0.655132711,1
1,253.3503532,244.6514797,150.2465248,150.2465916,96.72830105,0,forward,-3.118526799,2.169121204,0,0,0,0,0,0,0
1,264.6121216,288.420496,201.9028091,201.8910027,88.15068603,1,forward,2.100640918,-5.304686569,0,0,0,0,0,0,0
1,287.8340149,325.5247593,137.4101639,137.4102402,84.30451751,1,forward,2.099327718,4.124169939,0,0,0,0,0,0,0
1,264.7226906,275.9150768,198.8511467,198.8400936,92.52872467,2,forward,2.096468195,-3.113204003,0,0,0,0,0,0,0
1,227.8480721,174.1062355,151.3540077,151.3540363,94.87826824,0,forward,2.094943673,1.216638869,1,90,167,218,323,0.815082133,1
1,261.485672,286.6489983,206.7869949,206.7739105,86.0679388,1,forward,2.091926588,-1.898610083,0,0,0,0,0,0,0
1,253.3465958,307.2952938,156.9678879,156.9677353,95.98138332,0,forward,-4.394893565,8.260319227,0,0,0,0,0,0,0
1,253.2915688,228.0149103,159.167347,159.1635132,83.76221061,0,forward,1.202964624,-9.215499998,0,0,0,0,0,0,0
1,253.2869148,316.9725037,123.9074898,123.9074993,88.41162324,0,forward,4.206911464,6.530489302,0,0,0,0,0,0,0
1,267.9114151,286.816504,201.0775757,201.0657692,89.66510296,2,forward,2.084088994,-4.907102715,0,0,0,0,0,0,0
1,275.1288795,301.8373298,197.1809196,197.1704006,92.04053283,2,forward,2.082776992,-2.494174032,0,0,0,0,0,0,0
1,253.2337189,307.1949005,151.019249,151.019125,96.97460532,0,forward,-0.996209632,10.2807786,0,0,0,0,0,0,0
1,266.1053848,288.4803939,198.6728668,198.6602497,91.20963812,2,forward,2.080547869,-5.068573164,0,0,0,0,0,0,0
1,243.0687141,303.9350224,131.8108177,131.8107605,92.30091572,0,forward,2.079798649,6.729156447,1,194,369,307,480,0.817082107,1
1,253.2283401,302.5391293,156.8182755,156.8179321,97.03487754,0,forward,-3.584520782,8.748004965,0,0,0,0,0,0,0
1,253.0660248,214.1072965,142.538414,142.536993,80.45793772,0,forward,3.427548901,-4.476677452,0,0,0,0,0,0,0
1,267.4292183,281.2567639,191.2779808,191.2671661,90.66793323,1,forward,2.062693055,-4.758019237,0,0,0,0,0,0,0
1,266.1354256,286.0673571,180.2680397,180.2611685,87.31648922,2,forward,2.057379689,-5.448281304,0,0,0,0,0,0,0
1,275.9677887,303.7528384,192.4122238,192.4034214,92.06784368,1,forward,2.057091308,-2.034708178,0,0,0,0,0,0,0
1,224.6260452,284.890337,134.5823669,134.582634,93.59049797,0,right,11.02850301,15.08539856,0,0,0,0,0,0,1
1,253.0653954,299.9235821,131.4939308,131.4940453,91.76152349,0,forward,3.237806192,8.951735065,0,0,0,0,0,0,0
1,201.7405701,286.0467911,125.7344437,125.7348347,96.49377465,0,right,13.40060416,16.84575548,0,0,0,0,0,0,1
1,200.8675766,285.9231091,127.3672485,127.3675346,96.08051181,0,right,12.51485009,19.05623367,0,0,0,0,0,0,1
1,201.2134171,286.8560028,126.6173935,126.6177464,95.93549967,0,right,11.00183574,19.026002,0,0,0,0,0,0,1
1,203.6802673,286.4481068,124.1368103,124.1371536,96.84308171,0,right,11.72745586,21.92629653,0,0,0,0,0,0,1
1,200.9031868,285.8987331,129.5501137,129.5504379,95.56413293,0,right,10.52111174,19.59808892,0,0,0,0,0,0,1
1,202.1308708,282.5552273,132.664814,132.6651764,95.99930048,0,right,10.52913597,20.26258221,0,0,0,0,0,0,1
1,273.5962296,294.9735356,194.4924164,194.4814682,90.855515,2,forward,2.050868856,-6.954821858,0,0,0,0,0,0,0
1,252.9737854,229.0105534,137.0679855,137.0678616,96.35288119,0,forward,3.15644979,3.038754261,0,0,0,0,0,0,0
1,257.6501656,269.4632435,203.2691765,203.2560253,87.88647056,2,forward,2.033808837,-1.53132316,0,0,0,0,0,0,0
1,260.8612061,278.7788344,200.0632095,200.0499773,87.16797233,2,forward,2.032767755,-5.352210516,0,0,0,0,0,0,0
1,262.7025795,278.832891,192.7194786,192.7073479,88.71145248,2,forward,2.029894027,-4.455992309,0,0,0,0,0,0,0
1,258.5936356,266.090982,203.4736633,203.4641361,91.73504114,2,forward,2.023851064,-2.614469126,0,0,0,0,0,0,0
1,273.3145905,283.3320522,133.4139633,133.4140778,93.13619733,0,left,9.001589526,-13.12911523,0,0,0,0,0,0,1
1,287.826004,283.3337116,128.1882858,128.188076,95.40444016,0,left,13.50379257,-25.2519216,0,0,0,0,0,0,1
1,297.1095848,281.299696,122.2998238,122.2997475,91.31667018,0,left,20.72926224,-31.90871303,0,0,0,0,0,0,1
1,300.4867172,280.0867367,121.6766739,121.6767311,87.94714212,0,left,12.01216371,-34.34070858,0,0,0,0,0,0,1
1,298.0279732,279.5569897,121.2312889,121.2312698,89.90510106,0,left,14.44254058,-35.56796358,0,0,0,0,0,0,1
1,292.0827675,279.3367767,127.293911,127.2938061,92.1649456,0,left,14.14390035,-36.00464566,0,0,0,0,0,0,1
1,288.3462524,279.940567,126.0546875,126.0546398,96.48631215,0,left,16.17786512,-38.62923243,0,0,0,0,0,0,1
1,275.9009552,282.1767712,128.5424423,128.5426712,96.132195,0,left,17.74426779,-32.20966026,0,0,0,0,0,0,1
1,252.954216,302.5343227,159.5839691,159.5836258,96.3975668,0,forward,-1.87204632,8.63256075,0,0,0,0,0,0,0
1,252.9233742,249.5190811,146.5173912,146.5175915,93.29874516,0,forward,1.950444159,6.863729371,0,0,0,0,0,0,0
1,263.1756401,276.6943526,189.7299004,189.7196388,93.72137189,2,forward,2.015994218,-4.685001898,0,0,0,0,0,0,0
1,261.4272499,289.2014813,193.1020546,193.0913544,90.32667875,2,forward,2.015630131,-4.926810162,0,0,0,0,0,0,0
1,263.8744164,282.4546934,197.7302361,197.7184296,90.62011242,2,forward,2.012327988,-4.975931868,0,0,0,0,0,0,0
1,252.3074722,274.5003915,177.4391937,177.4341774,92.52688885,2,forward,2.010760086,-1.835693024,0,0,0,0,0,0,0
1,260.9937096,253.9559269,138.5833549,138.583746,93.69533658,1,forward,2.008040581,11.89408721,0,0,0,0,0,0,0
1,244.389286,339.357605,127.7456474,127.7439022,74.66216087,0,down,-15,10,0,0,0,0,0,0,1
1,240.1489639,352.5928402,129.6654129,129.6626186,81.66971803,0,down,-15,10,0,0,0,0,0,0,1
1,238.198719,348.2170486,127.3275185,127.325449,84.7381413,0,down,-15,10,0,0,0,0,0,0,1
1,245.1722527,339.7495651,127.3019218,127.3003864,81.29122257,0,down,-15,10,0,0,0,0,0,0,1
1,242.1598816,354.1844273,133.4606934,133.4578228,82.01816678,0,down,-15,10,0,0,0,0,0,0,1
1,249.3343735,344.7771549,128.0314636,128.0295753,87.03081608,0,down,-15,10,0,0,0,0,0,0,1
1,242.07304,341.0116196,135.0635719,135.0625706,91.89403653,0,down,-15,10,0,0,0,0,0,0,1
1,242.1841812,209.8294377,155.6377029,155.6375885,89.23246264,0,forward,-1.566075744,-7.305353607,0,0,0,0,0,0,0
1,256.17939,277.7071715,200.4040146,200.3909826,87.53888607,2,forward,2.001035002,-4.994965577,0,0,0,0,0,0,0
1,272.4851799,289.1061425,189.6295738,189.6183014,90.10160565,2,forward,1.999296604,-6.41864371,0,0,0,0,0,0,0
1,256.881485,284.9973392,131.4746475,131.4747047,93.70670915,1,forward,1.997491548,7.185366118,1,161,369,270,480,0.759238899,1
1,263.958416,298.8006306,93.11159134,93.11136246,60.02374887,0,down,-15,10,0,0,0,0,0,0,1
1,255.4097366,279.1104412,91.95690155,91.95656776,73.40628505,0,down,-15,10,0,0,0,0,0,0,1
1,252.0802307,279.7362614,99.48562622,99.48549271,77.58207321,0,down,-15,10,0,0,0,0,0,0,1
1,258.8619041,280.6604862,88.25868607,88.25838089,74.10702109,0,down,-15,10,0,0,0,0,0,0,1
1,277.6387978,306.9628776,197.875042,197.8647995,90.33997655,2,forward,1.993046268,-3.490362543,0,0,0,0,0,0,0
1,253.4883308,276.2878132,90.99477768,90.99460602,76.28640532,0,down,-15,10,0,0,0,0,0,0,1
1,251.746769,272.5909138,94.74836349,94.74821091,82.43525028,0,down,-15,10,0,0,0,0,0,0,1
1,252.8759384,301.905756,163.9498138,163.9455986,96.69181705,0,forward,-4.916098297,8.855474133,0,0,0,0,0,0,0
1,246.9956017,269.9811172,107.4625206,107.4624538,89.27568793,0,down,-15,10,0,0,0,0,0,0,1
1,263.6348724,281.4472794,201.9459152,201.9331741,88.43249083,2,forward,1.983379458,-5.183658409,0,0,0,0,0,0,0
1,252.8486633,313.7099075,123.6125946,123.6126995,93.54032278,0,forward,0.009743798,10.49915635,0,0,0,0,0,0,0
1,249.0407181,275.9018433,179.7555161,179.749732,93.19037199,2,forward,1.975577295,-3.068178117,0,0,0,0,0,0,0
1,255.3488731,280.7967531,202.7128792,202.7001572,84.45328474,1,forward,1.970884787,0.343649085,0,0,0,0,0,0,0
1,256.9992828,292.6424932,177.0384979,177.0320463,76.78880692,1,forward,1.966976145,-1.059030863,0,0,0,0,0,0,0
1,252.8356934,313.4451199,125.1564407,125.1565933,93.2759881,0,forward,0.271371459,9.879202471,0,0,0,0,0,0,0
1,252.8167725,315.4614544,120.7174301,120.7175446,94.62476969,0,forward,2.363840751,8.787505106,0,0,0,0,0,0,0
1,252.7910423,231.6722202,151.1869621,151.1870384,96.93098664,0,forward,4.397942584,5.305519912,0,0,0,0,0,0,0
1,252.7378845,255.8673715,159.006424,159.0064001,94.16228533,0,forward,6.033307973,7.340763601,0,0,0,0,0,0,0
0,0,0,0,0,0,1,forward,1.944144614,5.966329593,0,0,0,0,0,0,1
1,252.7208519,245.0105381,148.4032249,148.4034348,96.29406333,0,forward,-6.130880852,3.627975236,0,0,0,0,0,0,0
1,261.8537712,277.652533,204.6849632,204.6733475,89.62180614,2,forward,1.939858136,-1.128365386,0,0,0,0,0,0,0
1,212.3285866,292.6304913,131.6436958,131.6439056,90.53167701,1,forward,1.937287167,6.542223678,0,0,0,0,0,0,0
1,257.006321,237.1710706,139.3297768,139.3299866,93.01788807,2,forward,1.935441094,-4.678156944,0,0,0,0,0,0,0
1,266.3214111,281.1155677,192.640152,192.6292992,90.61823487,2,forward,1.933292399,-5.087446608,0,0,0,0,0,0,0
1,265.906601,253.8370824,138.0977249,138.0976582,85.9306097,2,forward,1.929019442,-1.270177006,0,0,0,0,0,0,0
1,269.3662834,217.7363777,113.6957359,113.695879,86.65212989,1,forward,1.922568306,7.259130331,1,165,213,271,352,0.830675185,1
1,268.1510162,283.5638117,184.1341782,184.1236782,88.76553774,2,forward,1.919069737,-4.891879631,0,0,0,0,0,0,0
1,288.7047195,295.2759313,199.3915939,199.3826437,93.96341443,1,forward,1.918716282,-4.774071583,0,0,0,0,0,0,0
1,284.0813446,289.7737002,198.4263992,198.4168339,91.90953374,2,forward,1.914948714,-5.032857996,0,0,0,0,0,0,0
1,258.3623505,273.0846668,194.3212509,194.3065453,82.2905004,2,forward,1.907840567,-5.235001095,0,0,0,0,0,0,0
2,304.7212791,271.2392711,183.6382103,183.6297798,91.64981842,2,forward,1.90485336,-5.169622116,1,158,250,305,479,0.703671277,1
1,229.970417,261.6557669,173.053112,173.0495739,85.52350402,1,forward,1.904469464,-0.97794886,0,0,0,0,0,0,0
1,252.7146912,221.0962772,130.4328156,130.4329205,95.25535107,0,forward,4.106528665,6.564786935,0,0,0,0,0,0,0
1,270.0681686,270.8636903,196.7496872,196.7409754,90.62775373,1,forward,1.899321227,-4.376209055,0,0,0,0,0,0,0
1,258.4443855,273.8266825,193.4354591,193.42309,91.61865711,2,forward,1.898009271,-3.798492668,0,0,0,0,0,0,0
1,265.1493454,282.5895619,194.1993713,194.1879559,91.08559489,1,forward,1.895966192,-4.673418224,0,0,0,0,0,0,0
1,301.6675949,258.8446546,193.0791855,193.0691814,82.71178007,2,forward,-7.320010207,-7.280653035,0,0,0,0,0,0,0
1,231.8729973,289.5945454,132.1848106,132.1850395,92.87366867,0,forward,1.890159345,8.536110257,1,150,362,271,480,0.631608725,1
1,263.3898354,283.5409284,190.2679253,190.2557659,88.89154792,2,forward,1.885125928,-5.015649883,0,0,0,0,0,0,0
1,264.0695763,282.7432871,196.9257927,196.9134665,88.41382265,2,forward,1.885060229,-4.700757049,0,0,0,0,0,0,0
1,283.8567162,285.5909753,195.9887886,195.9787273,93.12152863,2,forward,1.883699098,-3.879012949,0,0,0,0,0,0,0
1,259.0349007,212.8120708,124.5021629,124.5023918,85.87092757,1,forward,1.882889538,6.554685238,1,163,215,265,354,0.836250722,1
1,258.048439,279.9778616,204.6110535,204.5978165,86.22434735,2,forward,1.872771788,-5.983936524,0,0,0,0,0,0,0
1,265.068531,283.2931971,200.6328773,200.6203651,88.88374567,2,forward,1.870282132,-5.201820384,0,0,0,0,0,0,0
1,241.5761185,269.8565769,124.2038345,124.2039013,96.54477239,0,right,11.63272345,15.55385401,1,230,411,337,480,0.861918747,1
1,252.6618195,294.8907852,143.9784622,143.9786625,93.37432981,0,forward,-0.251808421,8.330500949,0,0,0,0,0,0,0
1,240.858345,178.7925625,156.3567352,156.356678,94.51283813,1,forward,1.866224499,0.790675995,1,120,175,253,354,0.771783233,1
1,235.0962448,208.7221408,173.2151031,173.2056999,87.16959953,0,forward,-4.359331412,-7.279322353,0,0,0,0,0,0,0
1,253.4681129,240.4619383,142.8550148,142.8551674,90.32353759,2,forward,1.860176252,-3.691840167,0,0,0,0,0,0,0
1,239.9183273,294.4239807,138.4625626,138.462553,95.24000287,0,down,-10.4580367,4.436351857,1,232,439,340,480,0.694443524,1
1,263.8872337,283.9188933,202.0019341,201.9893074,86.5822494,2,forward,1.856834917,-7.303960543,0,0,0,0,0,0,0
1,252.5354576,288.9499855,165.3080559,165.304985,90.97441435,0,forward,1.865199278,-1.977776012,0,0,0,0,0,0,0
1,252.4641037,312.2585964,126.63311,126.6332817,92.54001379,0,forward,2.081120087,9.89509754,0,0,0,0,0,0,0
1,265.117054,280.2753043,194.8053551,194.7934341,90.69262743,1,forward,1.855993458,-5.466515146,0,0,0,0,0,0,0
1,260.7793427,281.2750245,201.9473267,201.9353199,91.16932154,2,forward,1.837389498,-5.123434318,0,0,0,0,0,0,0
1,263.257885,273.3737541,196.3084221,196.2958145,86.74805164,2,forward,1.834612587,-5.858233388,0,0,0,0,0,0,0
1,265.3392792,273.3175922,202.8552246,202.8460979,94.86513734,2,forward,1.833092973,-2.224698879,0,0,0,0,0,0,0
1,261.7662239,271.4859414,193.6258507,193.6144066,88.9475584,2,forward,1.830680325,-5.648612587,0,0,0,0,0,0,0
1,266.0322189,287.1445441,189.4390488,189.4278431,89.15915489,2,forward,1.820135825,-5.62640546,0,0,0,0,0,0,0
1,276.0204315,272.738173,190.9794235,190.9740829,91.04840159,2,forward,1.817845518,-8.302319095,0,0,0,0,0,0,0
1,267.0054436,291.0057032,185.7964897,185.7851887,90.35285115,2,forward,1.817495638,-5.9049472,0,0,0,0,0,0,0
1,252.9477692,241.8405915,145.2925491,145.2926731,87.92446852,2,forward,1.816487796,-5.176561392,0,0,0,0,0,0,0
1,252.4010849,305.8350277,160.2775574,160.2772522,93.81516576,0,forward,-1.201760779,1.713570873,0,0,0,0,0,0,0
1,257.0092392,271.7615032,111.9894791,111.9894218,86.05940938,1,down,-15,10,1,210,288,309,391,0.768995106,1
1,253.1226921,275.4426956,103.7426186,103.742609,83.69080424,1,down,-15,10,1,200,302,306,415,0.819990575,1
1,229.6486092,281.8490982,116.1015892,116.1016846,70.12277246,1,down,-15,10,1,205,294,310,406,0.699243665,1
1,234.6447945,285.3570557,117.7417564,117.7418232,76.99000239,1,down,-15,10,1,206,301,312,425,0.773371398,1
1,235.642128,280.8097172,120.8134842,120.8135033,82.15603232,1,down,-15,10,1,207,300,312,417,0.771601379,1
1,227.7241135,282.9120255,123.7077713,123.7077999,81.5320611,2,down,-15,10,1,209,307,310,423,0.816396415,1
1,237.0288849,278.4922314,119.0592575,119.0590382,83.78381133,1,down,-15,10,1,208,307,310,428,0.814943492,1
1,234.2701912,282.126503,119.5944786,119.5943928,74.97351766,1,down,-15,10,1,208,306,310,427,0.804844797,1
1,240.6768227,278.07724,116.5336037,116.5333843,83.35788846,1,down,-15,10,1,209,307,311,424,0.804987133,1
1,245.7247162,280.138464,114.043045,114.0429783,83.32850933,1,down,-15,10,1,209,309,313,420,0.818268061,1
1,237.4768066,281.1953831,118.7455368,118.7455273,81.16009235,1,down,-15,10,1,209,309,313,419,0.81568855,1
1,245.6135178,277.2038555,112.6475906,112.6474857,86.35402918,1,down,-15,10,1,210,311,314,418,0.860346198,1
1,248.0219269,279.1577625,114.2729187,114.2728615,85.27321815,1,down,-15,10,1,210,310,311,421,0.817807615,1
1,249.0978432,276.9276524,116.6493416,116.6492844,86.87436581,1,down,-15,10,1,208,310,313,421,0.80698657,1
1,249.3058777,276.4947224,116.2906647,116.2905693,87.69189715,1,down,-15,10,1,208,310,313,421,0.824040651,1
1,255.0901794,277.8186893,105.563736,105.5637646,85.60848832,1,down,-15,10,1,209,311,313,420,0.824538767,1
1,254.2621613,275.6442261,111.127243,111.1272812,86.98968887,1,down,-15,10,1,209,311,312,421,0.833908796,1
1,251.4704323,275.5138779,114.0522194,114.0521336,86.1194253,1,down,-15,10,1,209,310,312,424,0.820184469,1
1,249.807415,276.5283966,113.2203484,113.2203197,87.85946369,1,down,-15,10,1,209,311,313,424,0.821436465,1
1,250.6785011,275.1957035,114.3704796,114.3704224,88.24819922,1,down,-15,10,1,210,311,313,422,0.829525232,1
1,252.8559685,276.2693882,112.4683189,112.4682999,87.50876784,1,down,-15,10,1,210,310,314,425,0.825195074,1
1,253.8677788,274.1940022,112.1670341,112.1669769,88.00207973,1,down,-15,10,1,209,310,314,422,0.839405596,1
1,255.018959,275.0697327,106.4906693,106.4906788,84.968853,1,down,-15,10,1,209,313,315,426,0.851097226,1
1,252.6889992,276.1824703,110.9804726,110.9804535,85.16391516,2,down,-15,10,1,209,312,315,428,0.862640321,1
1,246.2041092,275.1813126,116.9999695,116.9999027,84.80706811,2,down,-15,10,1,209,313,314,429,0.867408991,1
1,242.0386887,277.4941349,121.5028,121.502552,83.69278312,1,down,-15,10,1,208,314,315,427,0.865605414,1
1,246.8364525,273.8202953,120.9287071,120.9286594,87.86014318,1,down,-15,10,1,208,314,315,431,0.859706402,1
1,247.5738907,272.8698635,115.875473,115.8754349,87.24153042,1,down,-15,10,1,209,312,315,430,0.882171512,1
1,246.9144058,275.5112457,119.0161514,119.0160656,88.47969174,0,down,-15,10,1,208,311,314,433,0.871073484,1
1,241.2889481,271.4378643,117.9077148,117.9076481,84.38234925,0,down,-15,10,1,209,312,315,428,0.880567908,1
1,254.9500847,274.4974136,108.2935524,108.293581,87.18422651,0,down,-15,10,1,209,311,316,438,0.875947118,1
1,239.5479774,273.2036877,119.1841316,119.1840935,90.74918628,0,down,-15,10,1,207,319,318,439,0.855420113,1
1,241.5873909,276.1908817,119.1621208,119.1620636,90.68461657,0,down,-15,10,1,208,317,317,441,0.852330804,1
1,251.3624573,277.1660614,110.327301,110.3272533,87.56905794,0,down,-15,10,1,207,318,317,439,0.853816271,1
1,241.0195541,273.2242298,118.9796066,118.9795303,91.6863203,0,down,-15,10,1,207,322,317,448,0.836244762,1
1,239.759407,272.1296597,122.3915482,122.3915291,89.40305114,0,down,-15,10,1,207,322,316,439,0.886498094,1
1,246.3427353,278.7216568,119.4552612,119.4552326,92.7965343,0,down,-15,10,1,207,323,318,441,0.863853872,1
1,248.6797714,277.4074459,113.1984711,113.1984329,85.6861949,0,down,-15,10,1,208,313,316,436,0.875434339,1
1,246.9179344,275.8148861,117.434063,117.4340057,81.7846179,0,down,-15,10,1,207,314,315,438,0.864064574,1
1,249.4376373,276.3416004,116.0000229,115.9998894,85.70407629,0,down,-15,10,1,207,313,315,438,0.87123692,1
1,247.9212379,278.2852936,118.3953667,118.3953094,85.45127511,0,down,-15,10,1,207,313,315,436,0.883117914,1
1,249.6304893,277.3732281,113.6787987,113.6787987,88.5540545,0,down,-15,10,1,208,315,314,434,0.884947062,1
1,251.0061646,277.6278305,113.9344025,113.9344025,88.78440261,0,down,-15,10,1,207,315,315,435,0.879247785,1
1,251.4540482,280.0016785,113.247261,113.2472992,79.62802052,0,down,-15,10,1,208,312,316,437,0.864581048,1
1,248.8277626,276.1794949,115.9097099,115.9096527,84.98237133,0,down,-15,10,1,208,312,315,437,0.884325564,1
1,245.7156944,277.4437809,119.3043327,119.3043423,86.66396141,0,down,-15,10,1,208,313,316,439,0.874126315,1
1,248.1880188,279.3975163,114.7489929,114.7488213,81.95111752,0,down,-15,10,1,209,313,315,435,0.884742737,1
1,247.8784943,278.635025,118.3707428,118.3706188,82.51904249,0,down,-15,10,1,208,314,314,439,0.874583125,1
1,245.1099777,275.3880215,118.2809448,118.2808685,86.81789637,0,down,-15,10,1,207,314,315,437,0.871975303,1
1,249.6598244,278.5627842,117.1322823,117.1321678,89.03585076,0,down,-15,10,1,207,316,315,439,0.869389236,1
1,250.8615685,276.424284,113.3367729,113.3367634,88.29907179,0,down,-15,10,1,206,319,316,441,0.818549514,1
1,250.6077576,277.2379017,112.7412415,112.741127,89.67933059,0,down,-15,10,1,206,318,316,443,0.814676285,1
1,249.5457077,278.2085896,113.8783264,113.8781548,87.85252571,0,down,-15,10,1,206,319,315,442,0.857718885,1
1,260.2522278,213.8787174,118.0094147,118.0095577,87.84712553,1,forward,1.811015486,6.407961432,1,158,212,263,354,0.833980441,1
1,267.7218437,284.4795847,186.9294548,186.9187975,90.88308811,2,forward,1.808391864,-5.928221042,0,0,0,0,0,0,0
1,262.6514626,279.2302323,197.2224236,197.2098827,91.60405993,2,forward,1.807884888,-4.623884721,0,0,0,0,0,0,0
1,271.9347763,287.6827407,194.6091461,194.5977116,89.31497335,1,forward,1.784724387,-4.860531729,0,0,0,0,0,0,0
1,259.565239,224.9151993,128.0698395,128.0699158,95.0530231,2,forward,1.782962519,5.569094038,1,226,355,338,451,0.846970856,1
1,263.3070564,276.803739,193.4077644,193.3973122,92.5825417,2,forward,1.776861414,-4.869096622,0,0,0,0,0,0,0
1,268.9900017,281.3239503,189.3196678,189.3086529,91.44816399,2,forward,1.774998871,-6.088013737,0,0,0,0,0,0,0
1,252.1641731,236.4860344,139.7401619,139.7404575,90.6178236,0,forward,9.050539476,11.65830268,0,0,0,0,0,0,0
1,232.9347801,173.0371857,149.1287804,149.1286755,94.22348738,0,forward,1.7708032,0.984267684,1,96,164,229,325,0.79072082,1
1,266.2405777,286.9752407,188.5590363,188.5475063,90.30057192,2,forward,1.767603094,-5.748486651,0,0,0,0,0,0,0
1,255.4272842,272.8613996,199.4870758,199.4733095,86.60889268,2,forward,1.76618351,-3.206691678,0,0,0,0,0,0,0
1,252.0684242,313.0769348,137.917881,137.9179287,95.36058307,0,forward,1.541410541,9.795172326,0,0,0,0,0,0,0
1,240.5981255,236.8724155,146.4608574,146.4610291,95.84690928,0,forward,1.75608796,4.400059273,1,224,426,351,479,0.606859982,1
1,252.0331001,245.3184414,149.4993782,149.4996357,96.75137401,0,forward,-4.370714238,3.211124545,0,0,0,0,0,0,0
1,251.9997787,297.0278835,132.430954,132.4311447,93.61395836,0,forward,1.551207659,8.292891616,0,0,0,0,0,0,0
1,261.127739,280.2079082,199.5631027,199.5508862,91.25352502,2,forward,1.749388535,-5.061882785,0,0,0,0,0,0,0
1,265.6222725,285.9710908,197.4917793,197.4786186,85.14412045,2,forward,1.737760862,-5.738069514,0,0,0,0,0,0,0
1,264.2218018,282.6245666,178.8139725,178.8071823,87.89749146,2,forward,1.731666317,-6.117079812,0,0,0,0,0,0,0
1,251.9021988,180.5962873,182.9216766,182.9111195,92.51635671,0,forward,1.135966252,0.253881294,0,0,0,0,0,0,0
1,244.1649055,293.5542583,137.6843071,137.6843834,89.03239965,0,forward,1.729726737,6.464572669,1,189,358,304,478,0.780543685,1
1,251.8142509,264.3429279,149.6702385,149.6702957,96.74195647,0,forward,7.172879216,13.41336041,0,0,0,0,0,0,1
1,255.5922127,279.3388534,207.2985649,207.2851753,86.3848567,2,forward,1.715617016,-5.213113627,0,0,0,0,0,0,0
1,409.4491959,355.4270267,127.7053833,127.7039051,79.65560555,0,down,-15,10,0,0,0,0,0,0,1
1,381.8003082,352.0590591,137.4763107,137.4741554,84.7212255,0,down,-15,10,0,0,0,0,0,0,1
1,256.8167877,317.7956772,154.3955994,154.3940449,88.69531751,0,down,-14.06062468,5.219772022,0,0,0,0,0,0,1
1,251.7731285,231.9218159,152.2188377,152.2189236,95.50596476,0,forward,7.591969396,-6.586853724,0,0,0,0,0,0,0
1,221.2156105,325.2161407,148.7050819,148.7026691,76.83752775,0,down,-17.92476313,0.154178211,0,0,0,0,0,0,1
1,227.6479721,316.6804504,146.9516754,146.9496059,78.48815322,0,down,-18.82571307,1.335361992,0,0,0,0,0,0,1
1,218.7699127,323.5733128,155.1829147,155.1803398,82.91509151,0,down,-17.55584003,1.443976344,0,0,0,0,0,0,1
1,223.96698,325.9397507,152.5530624,152.5501156,79.9667418,0,down,-15,10,0,0,0,0,0,0,1
1,220.8695412,326.5070057,154.8552513,154.8524952,84.83515382,0,down,-17.84787694,0.714819498,0,0,0,0,0,0,1
1,224.2721176,325.9055614,154.8323822,154.8305798,87.10252643,0,down,-18.22681715,1.264118483,0,0,0,0,0,0,1
1,227.725544,327.614851,153.6202812,153.618536,86.12301946,0,down,-18.5399733,2.256572323,0,0,0,0,0,0,1
1,224.1451073,330.9819031,155.6253242,155.6233406,88.42844367,0,down,-17.81368692,1.96239577,0,0,0,0,0,0,1
1,251.741848,198.2367611,125.7286263,125.7286549,58.6042583,0,forward,9.007764937,0.332069545,0,0,0,0,0,0,0
1,256.0300636,258.9408875,123.0608559,123.0609798,91.49731398,0,down,-10.72082835,9.440207709,0,0,0,0,0,0,1
1,267.0235252,269.8656178,108.112812,108.1129074,90.44779539,0,down,-15,10,0,0,0,0,0,0,1
1,256.9369698,238.1462861,137.8855705,137.885685,89.93251324,2,forward,1.706106794,-4.808889241,0,0,0,0,0,0,0
1,281.6696739,303.4100246,92.91238785,92.91252136,70.62575817,1,right,18.50276908,18.99980764,0,0,0,0,0,0,1
1,272.7638817,293.861618,103.1591988,103.1592464,70.95018029,0,right,14.54309573,17.21829489,0,0,0,0,0,0,1
1,276.6687202,290.042181,102.1832085,102.1834373,73.35444093,0,right,15.36897562,18.70066875,1,265,351,345,430,0.769016683,1
1,278.7854385,289.0308094,92.41847992,92.41873741,77.9322505,0,right,14.28898711,16.68159726,0,0,0,0,0,0,1
1,279.4257545,289.3588257,91.40874863,91.40885353,81.87429905,0,right,14.23388704,17.78801697,0,0,0,0,0,0,1
2,308.2213783,270.2322864,169.6132851,169.6132565,88.88840079,2,forward,1.701792738,-2.868028755,0,0,0,0,0,0,1
1,251.7182732,304.3100739,155.6206703,155.6205654,96.87926769,0,forward,-3.268554087,8.933133744,0,0,0,0,0,0,0
1,243.9148331,233.7203693,147.026825,147.0267105,94.96799111,0,forward,1.69614249,4.426007189,1,208,381,351,479,0.656875491,1
1,257.4602127,251.5646243,141.6483307,141.6483307,87.12505698,1,forward,1.694728963,-2.615831374,1,111,136,274,419,0.848875165,1
1,254.5974541,236.9035077,141.1009407,141.101017,90.73387384,2,forward,1.694400968,-4.938353845,0,0,0,0,0,0,0
1,245.7316208,182.9948902,152.5845337,152.5844765,94.89651322,1,forward,1.69407974,2.034725728,1,121,171,256,357,0.824725449,1
1,291.1245918,272.6483345,197.5356102,197.5237656,76.61021352,1,forward,-7.532735447,-7.181745804,0,0,0,0,0,0,0
1,251.6736794,303.4029865,158.7876701,158.7875175,96.07506394,0,forward,-3.420821531,8.981670607,0,0,0,0,0,0,0
1,251.5293884,269.8601532,105.6853104,105.6851292,76.94779038,0,forward,1.128571993,8.147371135,0,0,0,0,0,0,0
1,251.4373779,288.8935971,158.2873154,158.2871532,85.52328944,0,forward,5.663646592,-1.332766798,0,0,0,0,0,0,0
1,242.3785782,236.1024284,148.3956528,148.395853,94.46536899,0,forward,1.680074515,5.176822772,1,192,388,353,479,0.620215833,1
1,237.4113846,221.5971661,136.6943359,136.6944695,93.78977418,2,forward,1.679357018,6.003971331,0,0,0,0,0,0,0
1,259.8139,252.9141712,138.6180305,138.6181068,92.983675,2,forward,1.676486296,-2.721928206,0,0,0,0,0,0,0
1,259.7702026,277.1349024,200.5842972,200.5709553,87.79708743,2,forward,1.675743388,-5.151768202,0,0,0,0,0,0,0
1,251.4152336,310.5737972,124.5708656,124.5707703,88.9248848,0,forward,2.537417409,6.930694933,0,0,0,0,0,0,0
1,244.8514938,265.8318329,147.8751373,147.8749752,94.52971816,0,left,12.22862024,-13.29138307,0,0,0,0,0,0,1
1,239.1484261,263.2717896,157.2110558,157.2108936,94.83198524,0,left,10.79778297,-10.6608194,0,0,0,0,0,0,1
1,251.1348343,301.9433498,163.2088089,163.2085419,96.33826017,0,forward,-3.663921878,8.18463752,0,0,0,0,0,0,0
1,278.8949013,322.5735593,195.4863548,195.4811096,92.90082455,2,forward,1.667792544,-3.703325608,0,0,0,0,0,0,0
1,227.0842171,258.2175922,153.7315941,153.7316322,97.9777813,0,right,12.11636174,16.1341834,0,0,0,0,0,0,1
1,251.0996056,314.1586018,139.4603539,139.460392,94.6254015,0,forward,-1.422842663,8.559999907,0,0,0,0,0,0,0
1,225.6611061,254.4690228,147.463665,147.4638748,97.68106937,0,right,13.50909997,15.16090464,0,0,0,0,0,0,1
1,260.2225304,275.3319574,193.9032173,193.8900948,91.73077941,2,forward,1.663843599,-4.882934812,0,0,0,0,0,0,0
1,225.4290771,257.2291088,147.5169373,147.5170898,98.24892282,0,right,11.96383818,15.13468331,0,0,0,0,0,0,1
1,228.9164543,257.2533131,159.0589333,159.0589142,97.01730609,0,right,12.09699131,15.30609179,0,0,0,0,0,0,1
1,234.0834999,260.1771927,150.0034904,150.0035763,97.12474346,0,right,9.852305945,15.68581231,0,0,0,0,0,0,1
1,261.1857033,254.3151784,142.0954323,142.0953655,85.12091041,2,forward,1.663791192,-6.50453292,0,0,0,0,0,0,0
1,265.866909,275.5546403,188.2439995,188.2337952,89.81476426,2,forward,1.663132391,-4.74014883,0,0,0,0,0,0,0
1,229.6682739,168.2343006,150.9592438,150.9592724,94.1192925,1,forward,1.661788736,5.562832039,1,93,176,220,343,0.743195593,1
1,230.6105232,170.0030136,153.3572197,153.3570957,93.81341338,1,forward,1.64064073,0.62919786,1,100,156,236,330,0.672601938,1
1,258.4728622,268.803823,205.1849365,205.1741409,90.32735825,2,forward,1.633357534,-2.123489272,0,0,0,0,0,0,0
1,259.7071457,277.6335502,205.6607437,205.6476974,88.47746849,2,forward,1.628947083,-2.340855993,0,0,0,0,0,0,0
1,294.0593719,284.1964745,194.4419861,194.4326019,92.32791662,2,forward,-5.14864644,-7.098160118,0,0,0,0,0,0,0
1,251.0485077,239.3287063,139.096489,139.0966988,82.64456987,0,forward,0.540247704,-2.713215833,0,0,0,0,0,0,0
1,252.4826622,242.7170682,149.8383522,149.8384953,90.74974656,2,forward,1.615198667,-4.086248726,0,0,0,0,0,0,0
1,265.4682541,273.8140082,200.1649094,200.155077,93.47876906,1,forward,1.609425263,-4.778569954,0,0,0,0,0,0,0
1,264.4300079,304.7935629,195.8570862,195.8511686,91.97889566,1,forward,1.609248398,-8.482110981,0,0,0,0,0,0,0
1,250.7910156,242.5892258,134.7867966,134.7869968,96.85132504,0,forward,-3.242970374,4.47804761,0,0,0,0,0,0,0
1,298.9115143,222.948103,115.0868225,115.0870228,88.39772344,1,forward,1.594216223,5.096241238,1,272,307,383,447,0.869974792,1
1,244.95924,181.2988758,150.8502007,150.8502388,95.56410909,1,forward,1.59107491,2.794401116,1,124,165,263,364,0.797312498,1
1,265.5419159,287.5114501,201.1037064,201.0918331,83.42857361,2,forward,1.590610593,-5.007250433,0,0,0,0,0,0,0
1,250.7633591,175.3275895,165.8036423,165.8034897,92.30530262,0,forward,7.697071272,4.74943287,0,0,0,0,0,0,0
1,250.759201,257.2848129,137.9455566,137.9457092,95.58650851,0,forward,10.12211464,8.775939748,0,0,0,0,0,0,0
1,267.7540016,289.2871117,196.8466377,196.8344021,89.7079289,2,forward,1.562864271,-5.746231718,0,0,0,0,0,0,0
1,258.9324951,268.1349897,197.4751282,197.4658442,93.77071261,2,forward,1.560960809,-0.984677191,0,0,0,0,0,0,0
1,250.7297897,229.5360947,153.0016708,153.0014706,97.33155966,0,forward,3.225137774,4.639222768,0,0,0,0,0,0,0
1,252.5455093,224.1436672,139.9537277,139.9536324,96.2480247,0,forward,1.553583272,4.103785537,1,246,362,368,480,0.856374502,1
1,244.3850708,229.4108677,149.9089432,149.9089336,95.60216069,0,forward,1.552531983,3.915561771,1,242,382,369,480,0.727652907,1
1,250.6048775,307.7118015,153.4433937,153.4433556,97.30231762,0,forward,-2.976850899,8.720919724,0,0,0,0,0,0,0
1,208.9830971,247.7774632,197.0877647,197.0764303,93.63563657,1,forward,1.549595182,-8.246798774,0,0,0,0,0,0,0
1,268.4021378,303.9359999,199.0052414,198.9966345,91.98464751,2,forward,1.543416005,-2.180096336,0,0,0,0,0,0,0
1,243.4723473,230.094769,144.0227318,144.0228081,88.86621594,2,forward,-1.313497278,-7.094275409,0,0,0,0,0,0,0
1,225.1849556,304.6157742,169.4918251,169.485054,94.26900148,0,down,-12.43506432,2.365080258,0,0,0,0,0,0,1
1,229.4811249,303.329916,165.7257462,165.7241821,96.1592257,0,down,-15.92535757,4.351188138,0,0,0,0,0,0,1
1,231.4854431,303.3074856,163.3872604,163.3867264,95.35928965,0,down,-15.67545433,6.044895913,0,0,0,0,0,0,1
1,235.8706093,302.1096897,163.0970573,163.0967903,96.46103978,0,down,-14.16518632,4.903943619,0,0,0,0,0,0,1
1,237.3498344,293.0956364,161.6009712,161.6008186,95.37305832,0,down,-12.36940678,6.737818158,0,0,0,0,0,0,1
1,232.933712,286.232729,161.7968941,161.7967415,92.60274172,0,down,-10.78298364,8.436433242,0,0,0,0,0,0,1
1,232.6523399,279.335947,163.3863258,163.3862686,93.37185621,0,down,-10.04419943,7.344709356,0,0,0,0,0,0,1
1,272.5593948,307.6020693,203.8034821,203.7934399,90.3562665,2,forward,1.540496105,-2.03487882,0,0,0,0,0,0,0
1,263.3836937,280.3837276,196.3884163,196.3757801,90.30838609,2,forward,1.535763798,-4.582790334,0,0,0,0,0,0,0
1,250.5205345,257.3823047,157.1702766,157.1700382,91.25012755,0,forward,3.344230865,-2.016610121,0,0,0,0,0,0,0
1,270.4788017,264.3163871,182.200489,182.1955204,90.50613046,1,forward,1.531719876,-8.512034039,0,0,0,0,0,0,0
1,250.4598618,302.7318478,164.0946198,164.0942574,94.42574978,0,forward,-0.912322804,2.150909893,0,0,0,0,0,0,0
1,250.3846931,302.9057693,154.1652489,154.1652203,95.24905682,0,forward,2.79750367,8.342268719,0,0,0,0,0,0,0
1,264.405117,266.8360638,201.8527794,201.843195,89.83918428,1,forward,1.522030697,-4.72594705,0,0,0,0,0,0,0
1,206.8306732,215.8081412,151.865654,151.8656158,89.15746212,2,forward,1.517285408,13.7414801,0,0,0,0,0,0,1
1,232.6971817,170.883379,150.5610275,150.5609894,92.49809384,0,forward,1.509709285,0.76686417,1,89,171,219,333,0.759861231,1
1,267.5823593,279.7625279,193.5806656,193.5677433,84.83811617,2,forward,1.50778383,-7.238395704,0,0,0,0,0,0,0
1,251.8039513,259.757216,200.1782417,200.1678658,89.10132051,2,forward,1.498858486,-6.879331666,0,0,0,0,0,0,0
1,261.5531349,288.9229643,187.040844,187.033968,91.44202471,2,forward,1.496450321,-5.098571692,0,0,0,0,0,0,0
1,247.8480339,182.8136158,154.4236565,154.423542,94.63379979,1,forward,1.490367166,2.859629297,1,124,165,264,358,0.804225743,1
1,292.8369331,284.3124008,188.4916878,188.4867954,95.52829266,1,forward,1.489688839,-5.308934348,0,0,0,0,0,0,0
1,254.3814659,280.5641532,208.1835365,208.1694317,82.15433359,2,forward,1.482441693,-5.243287501,0,0,0,0,0,0,0
1,263.7169075,275.2703977,200.6189919,200.6078625,90.18939137,2,forward,1.481498607,-3.176228582,0,0,0,0,0,0,0
1,260.3591728,278.8275838,202.5609398,202.5474072,87.63708472,2,forward,1.476922738,-5.836479625,0,0,0,0,0,0,0
1,231.1116219,174.866066,148.8359261,148.8357925,93.39151382,0,forward,1.473629099,0.979536776,1,94,165,221,327,0.762884915,1
1,259.7550201,276.1193275,207.2491455,207.2369957,89.32318091,2,forward,1.46814355,-3.059162656,0,0,0,0,0,0,0
1,424.3215561,289.9532604,139.2935562,139.2936516,94.19322014,0,forward,-0.433076761,-7.08997848,0,0,0,0,0,0,0
1,250.301342,280.7381344,123.8803291,123.8802338,95.67378759,0,forward,0.667276322,5.640539369,0,0,0,0,0,0,0
1,250.2100754,208.5196209,122.568512,122.5686836,94.24446225,0,forward,8.535237352,6.058024127,0,0,0,0,0,0,0
1,250.1689911,264.8004627,159.8666763,159.8663521,97.01447487,0,forward,3.038885777,10.59865923,0,0,0,0,0,0,0
1,250.1401711,303.8549137,161.7714119,161.7710495,94.31676865,0,forward,-1.456100987,1.614526855,0,0,0,0,0,0,0
1,301.6094589,337.0844519,204.1498566,204.137392,85.87785959,2,forward,1.449946543,-4.756149069,0,0,0,0,0,0,0
1,274.2081833,302.479378,190.4116058,190.4023647,92.0830667,1,forward,1.440874252,-2.689452112,0,0,0,0,0,0,0
1,224.3979836,255.4544735,154.1720772,154.1720581,96.86743021,0,right,9.640597357,16.08553243,0,0,0,0,0,0,1
1,234.5035362,247.3303127,134.1765785,134.1768837,93.34058762,0,right,15.2539397,17.98364609,0,0,0,0,0,0,1
1,239.9562263,233.1039333,132.4714851,132.4713135,96.51377797,0,right,13.69781711,18.13433136,0,0,0,0,0,0,1
1,244.7649384,233.8423061,131.8756104,131.8755341,95.60090899,0,right,13.63341006,17.14188667,0,0,0,0,0,0,1
1,250.107708,267.5333691,127.8388023,127.8386879,91.39583707,0,forward,14.08095744,-8.236499788,0,0,0,0,0,0,0
1,228.3305359,288.7683105,140.2684784,140.2686024,93.99034381,0,forward,1.432768611,8.251332838,1,367,352,506,480,0.813331783,1
1,261.985302,276.7065025,194.4602394,194.4485664,90.17621279,2,forward,1.431912555,-4.805377753,0,0,0,0,0,0,0
1,249.9279022,305.614357,157.2141266,157.2140408,97.61166573,0,forward,-3.404486201,9.319127056,0,0,0,0,0,0,0
1,277.1687698,267.158215,189.5996475,189.5943546,86.97249889,0,forward,-6.151257699,-7.058904976,0,0,0,0,0,0,0
1,249.8095703,303.3700848,163.2542038,163.2538605,94.49760318,0,forward,-1.434255591,1.709027232,0,0,0,0,0,0,0
1,260.5748749,280.6414283,208.690834,208.6767483,81.86756968,2,forward,1.425180824,-7.203340041,0,0,0,0,0,0,0
1,249.7637939,277.7212429,123.436203,123.436203,92.37884879,0,forward,5.757486712,9.864433923,0,0,0,0,0,0,0
1,249.7595406,238.5155869,140.7393837,140.7393265,96.12637162,0,forward,-1.490583426,4.178237235,0,0,0,0,0,0,0
1,249.7207069,118.638134,154.2151833,154.2152309,92.53955483,0,forward,3.946582205,2.0446651,0,0,0,0,0,0,0
1,256.7435646,269.7446322,203.1494331,203.1373215,90.26638865,2,forward,1.398143739,-2.9426557,0,0,0,0,0,0,0
1,289.731884,290.0675678,192.4041557,192.3952103,91.67924523,1,forward,1.397449546,-4.738444743,0,0,0,0,0,0,0
1,267.6640129,277.5980639,189.7093391,189.6986675,91.76747203,2,forward,1.397437175,-6.381201518,0,0,0,0,0,0,0
1,267.3047066,283.3720041,197.0576286,197.0457172,89.39628601,2,forward,1.395542094,-4.997661989,0,0,0,0,0,0,0
1,276.8870735,268.3692646,179.4406319,179.4357491,91.06734991,2,forward,1.395137261,-7.774537636,0,0,0,0,0,0,0
1,245.6056595,228.1802273,136.8918991,136.8918228,89.48912621,2,forward,1.384363589,-4.450407906,0,0,0,0,0,0,0
1,255.9857941,287.3126364,187.5555801,187.5475359,89.75272179,2,forward,1.379728529,-3.82000268,0,0,0,0,0,0,0
1,329.3623352,317.5277996,177.0832443,177.0788097,87.0857656,2,forward,-7.739327462,-7.008142821,0,0,0,0,0,0,0
1,249.6544456,283.4764194,138.3899498,138.3901978,93.45732331,0,forward,2.593839791,2.062018669,0,0,0,0,0,0,0
1,253.2822037,270.1949334,215.3734207,215.3593826,85.33803821,2,forward,1.377614559,-0.959507559,0,0,0,0,0,0,0
1,268.9938736,288.6710525,193.5484314,193.5368156,86.24432683,2,forward,1.374149004,-6.582046846,0,0,0,0,0,0,0
1,249.4853783,306.4567852,155.9601402,155.9600258,96.64103389,0,forward,-2.977237846,8.135779203,0,0,0,0,0,0,0
1,229.9378395,292.8049564,131.3406944,131.3408089,94.69627738,1,forward,1.372070502,6.941024101,0,0,0,0,0,0,0
1,260.6835556,265.683043,204.857254,204.8459816,85.69425344,1,forward,1.365249425,-1.264640598,0,0,0,0,0,0,0
1,223.814888,282.1990585,163.7379837,163.7378597,95.13576031,0,down,-12.40711064,3.687996361,0,0,0,0,0,0,1
1,226.5487289,293.3766174,160.43293,160.432806,94.77533102,0,down,-13.63537674,5.418548956,0,0,0,0,0,0,1
1,229.350338,289.4276047,156.9838142,156.9836712,94.49184537,0,down,-12.85811727,5.895295643,0,0,0,0,0,0,1
1,266.7925072,289.1396928,195.912838,195.9008789,90.75077772,2,forward,1.36002655,-5.346968261,0,0,0,0,0,0,0
1,244.8792267,183.4488201,154.641304,154.6412659,96.08159065,1,forward,1.354801041,2.308865078,1,122,169,259,359,0.756033719,1
1,230.0223351,273.6762142,147.1196175,147.1196365,94.39828396,0,forward,1.354334577,8.944512357,1,281,411,411,480,0.681562185,1
1,197.1882439,209.1830349,117.6903534,117.6901245,65.98071456,1,forward,1.352612181,6.377032315,0,0,0,0,0,0,0
1,249.4189262,313.2586956,123.6892509,123.6891747,85.338974,0,forward,-1.459486323,5.039004266,0,0,0,0,0,0,0
1,249.4118118,249.4643497,135.9790039,135.9793282,88.46516013,0,forward,8.500862849,14.61509623,0,0,0,0,0,0,1
1,276.580162,292.1162891,197.2601318,197.250309,91.8890655,1,forward,1.347347155,-1.48477024,0,0,0,0,0,0,0
1,243.5494423,275.6781864,133.3581734,133.3581161,96.02758884,0,forward,1.343919254,5.630461929,1,226,395,327,478,0.818156898,1
1,249.3622398,303.0085659,159.4273186,159.4271851,96.33187652,0,forward,-4.008743589,8.993548115,0,0,0,0,0,0,0
1,261.6265678,282.868812,207.3167229,207.3052883,89.71803188,2,forward,1.324366103,-0.557145106,0,0,0,0,0,0,0
1,265.8026123,282.4017882,204.9011612,204.8910713,90.82647562,1,forward,1.320699286,-4.450007036,0,0,0,0,0,0,0
1,249.8388672,235.2578712,186.5746307,186.5684223,90.90022445,1,forward,-1.527822529,-6.975776416,0,0,0,0,0,0,0
1,264.2243576,279.4835019,187.8107071,187.7998066,91.30185246,2,forward,1.315103859,-5.268239937,0,0,0,0,0,0,0
1,277.3163795,286.7374062,191.1523247,191.1429405,90.3671205,2,forward,-0.068450611,-6.96205846,0,0,0,0,0,0,0
1,244.3789101,181.6871738,153.6566734,153.6566448,94.42871809,1,forward,1.312162988,1.369212318,1,120,171,256,361,0.805134058,1
1,180.2127838,165.9378743,150.8975983,150.8979034,90.97397923,2,forward,1.310124881,0.839713751,0,0,0,0,0,0,0
1,249.2313194,317.2818661,124.1599846,124.1601563,91.89536572,0,forward,0.222210214,8.588755093,0,0,0,0,0,0,0
1,249.2116737,220.0450802,126.4427376,126.4427376,94.58937049,0,forward,5.127770556,3.397064917,0,0,0,0,0,0,0
1,321.8052292,308.9127445,182.2183609,182.2122574,87.8331542,2,forward,-7.415192919,-6.923578485,0,0,0,0,0,0,0
1,277.8532791,284.9539661,190.8904648,190.8820438,94.08885837,2,forward,1.290650291,-3.815077425,0,0,0,0,0,0,0
1,302.5359726,340.6942797,203.1978607,203.1868029,92.27512479,2,forward,1.289976904,-3.174776469,0,0,0,0,0,0,0
1,249.0526009,308.2371426,130.5549431,130.5548286,85.28004885,0,forward,-3.03139387,7.499180215,0,0,0,0,0,0,0
1,267.3664474,288.3584523,201.9735718,201.9607258,86.56949401,1,forward,1.286560954,-4.801270643,0,0,0,0,0,0,0
1,283.6711502,289.0651798,197.5584412,197.5491428,92.59864092,1,forward,1.279670659,-4.370768813,0,0,0,0,0,0,0
1,225.2664948,330.3239822,142.8963089,142.8931904,86.14315391,0,down,-15,10,0,0,0,0,0,0,1
1,230.1508331,337.5660324,137.0303726,137.0275211,86.34882569,0,down,-15,10,0,0,0,0,0,0,1
1,233.3337021,339.3096542,137.4842834,137.4817371,87.58471012,0,down,-15,10,0,0,0,0,0,0,1
1,234.4851303,344.452486,139.4651794,139.461565,86.40634418,0,down,-15,10,0,0,0,0,0,0,1
1,230.7790565,334.9856472,147.3993874,147.3972416,88.43374848,0,down,-15,10,0,0,0,0,0,0,1
1,231.8078041,335.119772,146.9845009,146.9822216,91.01741314,0,down,-19.02012171,0.96215508,0,0,0,0,0,0,1
1,229.8242378,334.1992092,146.1303139,146.1279774,89.11232948,0,down,-19.98664187,1.601353455,0,0,0,0,0,0,1
1,233.7817001,334.1349792,146.2156296,146.2134933,88.88728023,0,down,-19.33647231,2.286326765,0,0,0,0,0,0,1
1,227.1136856,330.1498318,146.8754196,146.872673,89.06230927,0,down,-18.36906396,2.462237901,0,0,0,0,0,0,1
1,254.5292473,266.5015626,196.6656685,196.6540432,87.7335012,2,forward,1.275916008,-4.26096511,0,0,0,0,0,0,0
1,308.3340263,335.669291,192.9628181,192.9504776,86.4086926,2,forward,1.274574098,-1.591767749,0,0,0,0,0,0,0
1,223.3058739,175.0587273,151.8187523,151.8186665,95.15004754,1,forward,1.273068014,1.904294924,1,85,166,213,335,0.813917994,1
1,251.672554,271.8888998,204.870491,204.8542356,76.80004835,1,forward,1.269581272,-2.157278768,0,0,0,0,0,0,0
1,250.4195595,238.148489,146.5310478,146.5311241,89.83459473,2,forward,1.265447479,-2.841597372,0,0,0,0,0,0,0
1,283.9977074,272.8253913,153.5409355,153.5404015,81.15351796,2,forward,1.264598951,-5.177601952,0,0,0,0,0,0,0
1,249.0056038,254.411974,143.9146996,143.9148903,94.83805299,0,forward,6.3711344,7.468683534,0,0,0,0,0,0,0
1,248.9863014,252.6507282,137.5035286,137.5036812,92.95435548,0,forward,11.1125739,9.303659467,0,0,0,0,0,0,0
1,246.2733269,231.5825844,148.7140846,148.7141132,96.75818086,0,forward,1.252760797,4.112768537,1,246,408,365,479,0.719386101,1
1,264.1981125,277.0851469,198.4649277,198.4535837,90.22310972,2,forward,1.25189039,-1.120584457,0,0,0,0,0,0,0
1,263.9958,270.2035975,201.7970085,201.7869473,90.00592232,2,forward,1.250183915,-2.30220166,0,0,0,0,0,0,0
1,248.9346313,227.7869511,151.9035721,151.9034386,96.92375064,0,forward,5.273666098,4.456560425,0,0,0,0,0,0,0
1,247.3861694,222.0300579,131.9902802,131.9902039,95.14813423,1,forward,1.246765398,5.269316823,1,211,402,327,480,0.870012462,1
1,256.3687515,274.4736266,201.5335464,201.5192699,85.60700417,2,forward,1.241708458,-4.799021989,0,0,0,0,0,0,0
1,315.4790688,341.6375804,182.2027016,182.1940327,92.44171977,2,forward,1.23686351,-1.573841472,0,0,0,0,0,0,0
1,261.4861298,295.4323924,188.9160919,188.9092255,88.46595287,2,forward,1.234690095,-5.115662522,0,0,0,0,0,0,0
1,262.8359604,291.9803643,202.3289108,202.3161221,88.81379962,1,forward,1.234117687,-4.742241604,0,0,0,0,0,0,0
1,261.6935539,287.1687102,185.3582573,185.3508282,89.86589909,2,forward,1.233675237,-5.117509926,0,0,0,0,0,0,0
1,271.8214226,224.9284196,160.0476265,160.0475407,89.22344446,1,forward,1.232140744,-2.573067077,0,0,0,0,0,0,0
1,281.9719696,210.1893139,138.3413315,138.3413887,95.32673955,0,left,15.76453437,-11.96879675,0,0,0,0,0,0,1
1,290.1139832,211.6382217,133.6362076,133.6364079,93.49515438,0,left,15.50274591,-14.4704363,0,0,0,0,0,0,1
1,281.3385773,207.117033,142.7575684,142.7576065,94.45006251,0,left,15.18834553,-13.50875741,0,0,0,0,0,0,1
1,284.2910957,215.027647,131.99049,131.99049,95.64014077,0,left,14.4699353,-13.23745065,0,0,0,0,0,0,1
1,280.0159645,208.4985638,141.3155174,141.3156223,95.51958442,0,left,15.64360737,-14.52725259,0,0,0,0,0,0,1
1,281.3451958,209.7601318,141.9641304,141.964159,94.37041879,0,left,15.4231063,-13.09120202,0,0,0,0,0,0,1
1,245.16222,287.1578121,142.487545,142.4879265,87.98700571,0,forward,1.229161048,6.897429381,1,91,300,219,480,0.656329215,1
1,248.8454437,237.0778084,140.4421997,140.4420948,94.67720985,0,forward,1.306408259,4.819757754,0,0,0,0,0,0,0
1,307.2960663,313.4893656,200.4497528,200.4343557,88.68536949,2,forward,-3.076674957,-6.915780943,0,0,0,0,0,0,0
1,276.5637016,292.2460341,194.5670509,194.5558834,89.59187269,2,forward,1.222655088,-1.408552537,0,0,0,0,0,0,0
1,248.6091423,303.4147739,165.8713341,165.8666611,94.60169077,0,forward,-3.079115726,3.392184644,0,0,0,0,0,0,0
1,299.9312973,284.6005845,180.8327484,180.82798,93.8102603,1,forward,1.218239611,-9.125742735,0,0,0,0,0,0,0
1,281.8402481,293.964026,199.5713043,199.5592117,83.83293152,1,forward,1.217051962,-6.706451797,0,0,0,0,0,0,0
1,248.5831261,293.5170078,138.5811806,138.5813713,92.73018241,0,forward,3.139473566,8.07451089,0,0,0,0,0,0,0
1,286.3224602,289.5849991,198.9072609,198.8986874,93.0698812,1,forward,1.211791993,-5.285427421,0,0,0,0,0,0,0
1,248.5756874,302.9364681,141.4470482,141.4469719,93.40469837,0,forward,1.107586434,7.979363569,0,0,0,0,0,0,0
1,260.8141708,273.5009408,209.7916412,209.7803307,87.66930699,1,forward,1.206534931,-5.523115642,0,0,0,0,0,0,0
1,248.4887886,306.7399979,155.6715202,155.6713772,95.82118392,0,forward,3.275392842,8.973694191,0,0,0,0,0,0,0
1,253.5905266,223.5487175,126.8322563,126.8322945,94.51132417,0,forward,1.200347934,3.73646975,1,0,176,163,474,0.673605919,1
1,248.432827,309.554987,137.7947044,137.7947044,96.05225921,0,forward,1.3137497,7.852639601,0,0,0,0,0,0,0
1,248.3651924,285.4894924,138.063755,138.0641556,94.30955648,0,forward,0.261841674,6.529567913,0,0,0,0,0,0,0
1,248.2967758,126.8382835,154.9660492,154.9662495,90.78813195,0,forward,8.006643118,-2.771897749,0,0,0,0,0,0,0
1,289.1124344,286.7516613,159.573288,159.5733261,91.23536944,0,forward,1.195494948,14.20765903,1,473,296,638,480,0.799949646,1
1,265.0537682,275.1677132,193.2959175,193.2849598,90.91910124,2,forward,1.193637696,-7.040683723,0,0,0,0,0,0,0
1,306.4954567,317.2498775,168.6862755,168.6861134,88.53792548,1,forward,1.185592824,-8.72340907,0,0,0,0,0,0,0
1,259.6751785,281.1795139,200.304718,200.2916336,84.6090138,2,forward,1.182899534,-4.685275639,0,0,0,0,0,0,0
1,262.2198486,287.8146743,195.5954742,195.5832767,87.63772845,2,forward,1.17976221,-6.033288322,0,0,0,0,0,0,0
1,248.2380867,276.7191696,132.7547264,132.7548122,95.29308081,0,forward,5.134298391,6.459660927,0,0,0,0,0,0,0
1,282.0106316,287.7637196,191.2357903,191.2249374,87.87112236,2,forward,1.174677833,-7.444205653,0,0,0,0,0,0,0
1,285.0776482,280.0723743,166.2806892,166.2765884,92.82340407,0,forward,1.17317166,10.96694703,1,86,145,269,442,0.931509912,1
1,267.3670006,280.6567741,188.6424065,188.6309624,92.07335114,2,forward,1.169644854,-4.946254139,0,0,0,0,0,0,0
1,261.0070419,274.5986819,192.1938324,192.1823788,90.0729835,2,forward,1.168376602,-4.6441695,0,0,0,0,0,0,0
1,267.7338982,282.2909689,191.1514854,191.1388636,87.53789067,2,forward,1.164019441,-6.151788785,0,0,0,0,0,0,0
1,248.1261253,257.2010708,139.9278831,139.9279118,95.78238726,0,forward,10.143313,8.619038184,0,0,0,0,0,0,0
1,248.0823708,313.5385036,133.8912773,133.8915253,95.01700997,0,forward,1.410694178,9.163565277,0,0,0,0,0,0,0
1,262.7559471,279.1555095,201.369648,201.3582516,88.49924207,2,forward,1.151073059,-4.442285894,0,0,0,0,0,0,0
1,247.9913712,304.0783024,124.4472122,124.4471169,95.36644816,0,forward,1.031804221,7.546605355,0,0,0,0,0,0,0
1,247.9813576,287.6330853,128.424015,128.4242249,91.84602499,0,forward,0.521972674,7.207459176,0,0,0,0,0,0,0
1,241.5848732,279.0090466,132.6581383,132.6584244,95.97318172,0,forward,1.147356072,6.123487533,1,236,398,337,477,0.807823539,1
1,256.2336349,273.4619784,196.6239166,196.6100407,90.14900923,2,forward,1.147236678,-5.144724129,0,0,0,0,0,0,0
1,244.8777199,278.7027324,171.8053627,171.8013096,92.53659248,1,forward,1.14115436,-0.122354556,0,0,0,0,0,0,0
1,243.5711288,235.747633,148.1134796,148.1137276,95.17332315,0,forward,1.137247264,5.731773006,1,189,391,354,479,0.614420891,1
1,247.9412842,295.3552151,139.4348526,139.4351006,91.83314443,0,forward,-0.785352425,8.387132533,0,0,0,0,0,0,0
1,274.2929077,299.3687689,204.4458008,204.4350815,89.80301023,2,forward,1.129098847,-1.710758421,0,0,0,0,0,0,0
1,247.8972626,124.4319344,157.9951859,157.9952431,89.00973797,0,forward,8.152858168,-3.267403205,0,0,0,0,0,0,0
1,269.0081406,217.7793789,129.372139,129.3721104,93.80896688,0,left,11.22039351,-11.02899144,0,0,0,0,0,0,1
1,292.5526237,290.3218555,186.5758324,186.5711403,95.15681267,1,forward,1.118255765,-4.846231536,0,0,0,0,0,0,0
1,242.4323654,242.1080684,152.1422195,152.1423912,87.78958321,2,forward,1.117059408,-5.980459611,0,0,0,0,0,0,0
1,264.3153763,217.7603817,124.2911911,124.29142,83.41197371,1,down,-15,10,1,287,239,401,407,0.659281433,1
1,255.0040817,218.8370991,135.5958939,135.5960083,82.63130188,1,down,-15,10,1,253,227,367,396,0.806346476,1
1,258.6052513,222.9825783,126.9162178,126.9163799,80.19222021,1,down,-15,10,1,240,231,357,400,0.856749356,1
1,257.2023582,217.0336819,126.8603325,126.8604755,76.71419978,1,down,-15,10,1,237,235,357,408,0.84483093,1
1,263.1340027,223.2901382,133.3327103,133.3327961,85.33049226,1,down,-15,10,1,228,250,342,424,0.876943827,1
1,247.896862,236.7014408,144.0530968,144.0530205,96.28280997,0,forward,0.394301682,4.552495691,0,0,0,0,0,0,0
1,245.7016373,220.6580257,137.8338242,137.8338718,95.64567804,1,forward,1.113503729,6.276504966,1,211,407,328,480,0.873689413,1
1,230.1027679,173.7566757,152.0803833,152.080307,94.19070482,1,forward,1.10925453,1.19073544,1,89,169,218,340,0.75450176,1
1,247.8874969,305.6999588,160.1958466,160.1957989,96.98854089,0,forward,-3.017661846,7.689653955,0,0,0,0,0,0,0
1,263.561306,279.588685,194.5793724,194.5678854,92.06572175,2,forward,1.102794334,-6.178387606,0,0,0,0,0,0,0
1,247.8859711,264.6541214,163.0211639,163.0208874,96.98643684,0,forward,-0.021994933,8.990942601,0,0,0,0,0,0,0
1,247.7005386,292.5108719,140.1274872,140.1275539,93.50188971,0,forward,0.833401743,8.613193668,0,0,0,0,0,0,0
1,134.8738194,208.3429813,159.4070148,159.4068718,93.30103993,1,forward,1.068845492,8.453777146,0,0,0,0,0,0,0
1,233.6781502,302.4683762,141.408596,141.4084911,91.69667363,0,forward,1.067638585,6.299852796,1,191,365,306,480,0.762344599,1
1,258.0102158,238.6874319,136.2994766,136.2994766,91.51206613,2,forward,1.063777093,-5.266911603,0,0,0,0,0,0,0
1,292.003212,286.9111919,157.2281265,157.2282028,92.51671433,0,forward,1.062567718,14.57762639,1,478,298,634,480,0.853747487,1
1,247.6921654,305.7692814,155.0990868,155.0990295,96.45026922,0,forward,-2.680649045,9.29411686,0,0,0,0,0,0,0
1,255.8328056,240.1949477,141.4689827,141.4690876,90.67595005,2,forward,1.062090449,-4.401707022,0,0,0,0,0,0,0
1,255.3102493,233.576982,135.2249146,135.2249908,92.86383986,2,forward,1.047916796,-3.920521258,0,0,0,0,0,0,0
1,247.665863,284.2512989,141.4419556,141.4422798,93.93484592,0,forward,-1.525669082,6.027869464,0,0,0,0,0,0,0
1,247.6373482,291.3859463,133.3514977,133.351593,91.07635021,0,forward,0.693511151,7.70672595,0,0,0,0,0,0,0
1,247.620163,229.4674587,136.4789963,136.4788914,96.56905532,0,forward,4.088553669,3.609069963,0,0,0,0,0,0,0
1,316.5282059,303.5413361,188.0496216,188.0425358,85.61307788,2,forward,-5.878505836,-6.872491755,0,0,0,0,0,0,0
1,247.5992584,301.3823318,167.3593521,167.3540211,93.98226738,0,forward,-2.818442151,1.699246514,0,0,0,0,0,0,0
1,264.3144798,289.368236,203.6803627,203.6664104,81.59630299,2,forward,1.010076737,-5.22401427,0,0,0,0,0,0,0
1,247.3634529,279.0715885,137.9622841,137.9621887,94.5097506,0,forward,1.347674237,11.88394373,0,0,0,0,0,0,0
1,251.0220337,187.0240116,136.724968,136.7248535,53.59731317,1,down,-15,10,1,146,423,261,479,0.71167171,1
1,264.2961502,265.8542418,195.6194305,195.610199,91.5995121,2,forward,1.003807258,-2.73707574,0,0,0,0,0,0,0
1,284.6385765,273.2507324,224.2056084,224.1905308,62.75312901,2,forward,-8.062838848,-6.871634666,0,0,0,0,0,0,1
1,190.9441185,187.2814941,153.7320518,153.7321472,86.69356704,2,forward,0.998772116,-0.898702731,0,0,0,0,0,0,0
1,244.3843651,224.9174142,136.6161537,136.6160774,91.62070155,2,forward,0.997300892,-3.673789604,0,0,0,0,0,0,0
1,247.1414566,241.8032455,140.6226349,140.6228542,96.27466798,0,forward,-3.872253602,4.532453934,0,0,0,0,0,0,0
1,276.0035896,282.5543809,196.7873192,196.7768955,84.38171148,2,forward,0.984987266,-7.321774663,0,0,0,0,0,0,0
1,258.2205772,281.538608,201.0315895,201.0183907,87.56857514,2,forward,0.979462995,-4.546754986,0,0,0,0,0,0,0
1,273.6239052,269.7496152,190.4490471,190.4419041,93.44332218,2,forward,0.979031237,-2.957505109,0,0,0,0,0,0,0
1,247.0275116,306.0989857,153.8439941,153.8437843,94.96478438,0,forward,0.650483466,9.285316002,0,0,0,0,0,0,0
1,253.6412048,236.0755324,137.0685196,137.0685768,89.38466907,2,forward,0.971620445,-4.832422896,0,0,0,0,0,0,0
1,174.2588234,246.1474228,174.5262337,174.5228863,95.35355568,1,forward,0.966603039,4.636144761,0,0,0,0,0,0,0
1,292.995491,291.6974163,195.0784683,195.0686932,93.14907789,1,forward,0.96087065,-5.037918325,0,0,0,0,0,0,0
1,279.733963,300.9688759,195.2791214,195.2683926,90.84208608,1,forward,0.956318094,-3.195203131,0,0,0,0,0,0,0
1,247.0192909,304.8897171,160.3572655,160.3571606,96.64306045,0,forward,-3.125385811,8.038578644,0,0,0,0,0,0,0
1,246.9818687,127.9675412,144.3948555,144.3950272,90.33157229,0,forward,10.33757802,-1.270547042,0,0,0,0,0,0,0
1,258.2847595,220.8610153,130.1588058,130.1590061,94.32298541,0,forward,0.948336499,-2.848518142,1,318,301,461,480,0.847896039,1
1,301.5942955,339.5889342,196.0912514,196.081152,94.53792572,2,forward,0.948297299,-3.491751051,0,0,0,0,0,0,0
1,258.2225609,264.6314454,207.4381828,207.4270821,87.41775751,2,forward,0.941123434,-2.699823618,0,0,0,0,0,0,0
1,224.6663475,158.0827045,152.4825859,152.4827099,96.25948668,2,forward,0.938634049,2.969087769,1,99,152,229,331,0.70183897,1
1,253.6135674,280.1083816,207.5151253,207.5011253,82.58238435,2,forward,0.936976717,-4.409775602,0,0,0,0,0,0,0
1,268.5351181,292.539494,217.51194,217.497797,81.51285052,1,forward,0.936811503,-4.706782561,0,0,0,0,0,0,0
1,269.724865,264.0060735,188.6786461,188.6697292,90.4353857,1,forward,0.921946643,-9.117237722,0,0,0,0,0,0,0
1,257.197361,270.8532739,198.7157631,198.7017059,88.75492811,1,forward,0.915911401,-5.495758554,0,0,0,0,0,0,0
1,264.9891853,224.4081402,119.8835564,119.883728,82.5316608,1,forward,0.897278208,6.046533186,1,207,262,315,434,0.831208229,1
1,246.9805336,311.7200947,139.5796394,139.5797539,94.29087043,0,forward,-0.213565293,9.62766141,0,0,0,0,0,0,0
1,246.955471,236.1170483,144.5907021,144.5906639,96.70369029,0,forward,0.324119279,4.20086797,0,0,0,0,0,0,0
1,268.7381935,250.5297923,191.2440681,191.2372684,87.21914291,2,forward,-7.196668658,-6.854839823,0,0,0,0,0,0,0
1,309.2895508,336.6829658,190.7952881,190.7824516,90.72452188,2,forward,0.876577372,-4.173004485,0,0,0,0,0,0,0
1,246.9237709,298.3424664,169.362812,169.3572235,94.82172728,0,forward,-1.245098865,1.447293112,0,0,0,0,0,0,0
1,229.3167877,175.7670593,150.5885315,150.5885696,94.90405917,1,forward,0.873060444,1.578920305,1,95,170,221,329,0.707411706,1
1,246.9075584,286.3955784,135.3382683,135.3385735,93.96901131,0,forward,1.254823793,4.67646684,0,0,0,0,0,0,0
1,302.3597717,338.4566045,198.685379,198.673439,88.82377744,2,forward,0.871586534,-3.433191481,0,0,0,0,0,0,0
1,304.4851875,340.5644321,196.9997978,196.9889832,88.85096312,1,forward,0.866142178,-1.41635445,0,0,0,0,0,0,0
1,253.2651329,210.9769535,123.8588905,123.8592911,92.63898134,0,right,16.88999211,15.12644659,1,112,306,234,479,0.905117512,1
1,246.8276215,220.7173634,123.1121445,123.1121349,88.76039386,0,forward,4.521503515,3.412267509,0,0,0,0,0,0,0
1,286.011467,293.8479305,204.5999527,204.5876884,92.62754321,1,forward,0.861348638,-4.507374159,0,0,0,0,0,0,0
1,246.7687798,307.9039764,151.9714928,151.9713879,94.59459782,0,forward,0.492507563,9.518545926,0,0,0,0,0,0,0
1,246.7024612,304.5495129,160.7445526,160.7444572,97.36968875,0,forward,-2.015871301,7.993260363,0,0,0,0,0,0,0
1,246.6343498,275.131216,134.3714714,134.3714905,95.72406411,0,forward,8.32930802,6.496022323,0,0,0,0,0,0,0
1,246.581192,297.3031139,137.9133987,137.9133797,93.4441328,0,forward,1.813575592,8.204049493,0,0,0,0,0,0,0
1,298.6962318,332.8447687,197.0627785,197.0513535,84.46010351,2,forward,0.844135073,-1.328646967,0,0,0,0,0,0,0
1,274.0183449,216.0669422,120.1524925,120.1525497,91.56278372,0,left,20.93654699,-16.19274128,1,124,300,245,479,0.913136363,1
1,282.0126152,210.3382015,129.8840904,129.8842049,94.67544556,0,left,27.81160298,-23.32521995,1,126,303,248,479,0.904517591,1
1,286.8008232,212.3567677,126.6186714,126.6186333,94.68537569,1,left,23.21663872,-20.21624154,1,125,300,246,479,0.904191971,1
1,285.7534218,213.5535908,124.8812675,124.8812485,95.37554383,0,left,21.61051395,-21.14831325,1,129,301,252,480,0.886468053,1
1,284.1233444,213.3276558,130.1130295,130.1129723,93.44921708,0,left,22.86082967,-20.23236894,1,128,303,253,479,0.895043433,1
1,275.871582,210.9891701,140.1347351,140.1350498,92.44168997,0,left,18.23623768,-19.78036117,1,131,303,254,479,0.874612749,1
1,246.5683746,230.981741,149.5964432,149.5964527,96.53611183,0,forward,1.572321064,2.228502616,0,0,0,0,0,0,0
1,246.4746475,287.0682621,138.8339996,138.8342857,91.63608551,0,forward,2.39760043,10.30053636,0,0,0,0,0,0,0
1,263.0826187,284.0705609,189.1421127,189.1300678,87.34275699,2,forward,0.837589788,-4.989825273,0,0,0,0,0,0,0
1,281.8115044,273.5721517,196.383152,196.3768959,89.45606351,1,forward,-5.32119723,-6.847937926,0,0,0,0,0,0,0
1,246.4059448,304.0738964,159.9426651,159.9426842,96.98749781,0,forward,-2.884487986,8.078622044,0,0,0,0,0,0,0
1,246.3264084,232.2932625,147.7070236,147.7070332,96.99730277,0,forward,1.0923493,3.49284501,0,0,0,0,0,0,0
1,246.2779427,289.6832943,141.1063576,141.1066818,95.37161589,0,forward,-4.024216044,5.592764633,0,0,0,0,0,0,0
1,246.2248802,226.8823528,138.6452675,138.6452579,95.99937797,0,forward,3.905488546,3.656005107,0,0,0,0,0,0,0
1,308.1615257,345.8291888,200.7663918,200.7558918,90.15408754,1,forward,0.812562207,-1.173199159,0,0,0,0,0,0,0
1,265.3017044,288.699615,202.4594116,202.4463558,85.21626592,2,forward,0.80390916,-5.46284688,0,0,0,0,0,0,0
1,233.1833649,211.4122295,115.047493,115.0476551,93.92846227,0,forward,0.796886205,3.241482441,1,95,307,223,480,0.883355796,1
1,246.1766052,210.2045345,117.1906662,117.190876,67.17503071,0,forward,7.22833619,10.35180601,0,0,0,0,0,0,0
1,246.039772,227.9760933,154.6378326,154.637661,95.35602927,0,forward,6.96562222,-2.434607772,0,0,0,0,0,0,0
1,259.9496651,279.9511266,182.0756721,182.0694065,89.29179907,2,forward,0.785182138,-3.707846808,0,0,0,0,0,0,0
1,172.9520035,216.853323,137.1873283,137.1874809,92.23382473,1,forward,0.784956153,6.626645341,0,0,0,0,0,0,0
1,252.0975685,255.9222054,200.8376122,200.828104,80.00237942,2,forward,-8.516021629,-6.821034958,0,0,0,0,0,0,1
1,263.6724281,219.2334938,122.4787712,122.4789906,77.96016335,1,down,-15,10,0,0,0,0,0,0,1
1,255.6459236,232.929697,125.807476,125.8075619,61.51841879,1,down,-15,10,0,0,0,0,0,0,1
1,244.7352219,223.2185555,149.7001266,149.700079,80.95132709,1,down,-15,10,0,0,0,0,0,0,1
1,253.5906029,220.9609222,138.9467049,138.9468384,86.6353333,1,down,-15,10,0,0,0,0,0,0,1
1,259.7385788,216.5076542,142.4155807,142.4154854,87.49178052,1,down,-15,10,0,0,0,0,0,0,1
1,235.2241325,298.406868,130.8660316,130.8661366,95.09913325,1,forward,0.778373221,6.754376814,1,330,361,474,480,0.785036325,1
1,246.0051537,305.1169682,156.6512489,156.6511345,96.51902914,0,forward,-1.993952789,8.245933644,0,0,0,0,0,0,0
1,269.1063881,269.9717259,197.6547432,197.6465893,92.19166636,2,forward,0.762648511,-2.182160742,0,0,0,0,0,0,0
1,245.991993,276.5655041,121.8934441,121.8932533,96.02032304,0,forward,8.666305219,6.09881474,0,0,0,0,0,0,0
1,265.1866722,257.0770168,196.4175606,196.4118004,88.30264211,2,forward,-6.851404328,-6.81845946,0,0,0,0,0,0,0
1,245.9396935,120.0717068,154.6562386,154.6562576,86.96961403,0,forward,7.74837992,-3.385254071,0,0,0,0,0,0,0
1,245.8802795,246.1324596,143.6216736,143.6217213,64.61330056,0,forward,1.430458934,9.6089547,0,0,0,0,0,0,0
1,269.4536018,269.4438815,194.8385048,194.8291397,89.81381059,1,forward,0.747717479,-3.455722413,0,0,0,0,0,0,0
1,303.7075233,282.7842331,183.077755,183.0680752,91.76761508,2,forward,-5.80030798,-6.806076945,0,0,0,0,0,0,0
1,272.3617744,231.5113163,139.2191887,139.2190361,77.85476446,1,down,-15,10,0,0,0,0,0,0,1
1,275.3147316,220.8318901,133.7687111,133.7687588,84.56289768,1,down,-15,10,0,0,0,0,0,0,1
1,245.7695007,280.3592777,149.4609451,149.4612694,91.07504487,0,forward,0.68744124,6.109512477,0,0,0,0,0,0,0
1,255.7152176,237.0926476,140.9428024,140.9429169,91.79019928,2,forward,0.728791755,-4.060613415,0,0,0,0,0,0,0
1,245.7420158,282.9888439,128.9774132,128.9777184,96.22765183,0,forward,-0.892885525,6.710013691,0,0,0,0,0,0,0
1,245.7304192,215.4168034,111.9867134,111.98699,92.29957461,0,forward,-0.776433474,5.574891952,0,0,0,0,0,0,0
1,265.4184914,289.1386533,196.7285728,196.7165279,88.3867681,2,forward,0.698162071,-6.244437724,0,0,0,0,0,0,0
1,267.1816444,267.4279427,198.5712242,198.5617161,91.63370728,1,forward,0.694826186,-3.798205456,0,0,0,0,0,0,0
1,245.6825638,301.9618607,165.6658936,165.6609249,94.58544254,0,forward,-1.106535852,4.751392141,0,0,0,0,0,0,0
1,249.5109749,236.003685,146.3397408,146.3398361,88.63105774,2,forward,0.692675694,-3.590099358,0,0,0,0,0,0,0
1,245.6324387,263.4389019,204.6001053,204.5941544,93.01838279,0,forward,-2.236169851,9.202292618,0,0,0,0,0,0,0
1,245.5687141,279.3966579,125.4978371,125.4978561,96.85967565,0,forward,1.771477607,6.288531292,0,0,0,0,0,0,0
1,282.1953011,277.587874,211.0229683,211.0072517,69.9491322,1,forward,-8.29908913,-6.80374796,0,0,0,0,0,0,1
1,248.5198021,181.505785,146.6713905,146.6714859,94.54715252,0,forward,0.677537455,3.088413724,1,128,165,265,358,0.818628192,1
1,245.4946518,282.5939083,138.8857651,138.8860703,94.93437409,0,forward,2.356887024,5.625185375,0,0,0,0,0,0,0
1,280.859127,295.6954121,193.9142418,193.9044857,92.11903214,1,forward,0.668128056,-0.895302902,0,0,0,0,0,0,0
1,245.4603004,316.6498089,130.8779716,130.8778954,94.716537,0,forward,-3.949461779,5.644007137,0,0,0,0,0,0,0
1,268.741436,263.2923031,196.4879799,196.4826679,90.81398845,2,forward,-5.424769151,-6.795254947,0,0,0,0,0,0,0
1,270.6116295,264.3915653,192.648716,192.6430893,81.56191111,1,forward,0.655237097,-9.602969582,0,0,0,0,0,0,0
1,279.2617035,309.3869448,188.8610458,188.851676,85.98437309,1,forward,0.65283621,-6.989125073,0,0,0,0,0,0,0
1,245.3732872,228.4981728,155.1404762,155.1404858,96.54923677,0,forward,3.903764444,6.283520565,0,0,0,0,0,0,0
1,245.3386497,301.5720749,136.8361855,136.8361187,95.73535919,0,forward,2.509004534,7.729132548,0,0,0,0,0,0,0
1,259.7522545,278.0321813,196.1183357,196.1053276,87.19918728,2,forward,0.644656766,-4.548085119,0,0,0,0,0,0,0
1,233.3106232,238.7247944,150.8607483,150.8609676,92.41870046,2,forward,0.641379377,-5.660509069,0,0,0,0,0,0,0
1,219.4387245,301.5798283,134.81493,134.8150635,92.59381294,0,forward,0.639408249,5.011917772,1,95,286,200,470,0.638713777,1
1,290.2640343,280.8426571,174.0366173,174.0315342,88.7802422,2,forward,0.63453374,-7.918241254,0,0,0,0,0,0,0
1,245.2011108,280.42099,134.1677856,134.1680431,93.07137728,0,forward,4.278689322,2.375330301,0,0,0,0,0,0,0
1,245.1453972,236.7928791,148.1324577,148.1326962,95.2401638,0,forward,0.762182803,5.639984044,0,0,0,0,0,0,0
1,245.119381,302.9423904,155.7435036,155.7432461,93.31870675,0,forward,1.292496963,9.519784946,0,0,0,0,0,0,0
1,268.8956642,270.6266188,200.0119209,200.0030708,91.55743122,1,forward,0.614658624,-3.392494061,0,0,0,0,0,0,0
1,234.6162987,218.5527706,142.1330452,142.132988,94.14119124,2,forward,0.610622281,-4.215183555,0,0,0,0,0,0,0
1,263.8757896,283.1625676,202.9073524,202.8944492,86.95170283,1,forward,0.607859567,-5.613176869,0,0,0,0,0,0,0
1,242.2851753,221.1205864,131.7408943,131.7407799,86.65549159,1,forward,0.599301418,-5.027121785,0,0,0,0,0,0,0
1,253.9146614,258.9228606,200.0790977,200.0685883,87.11121678,2,forward,0.591136803,-5.726941631,0,0,0,0,0,0,0
1,266.1806107,291.2466336,202.9930496,202.9808807,88.44391108,2,forward,0.590048458,-1.812383327,0,0,0,0,0,0,0
1,260.5436134,280.1150202,196.4288521,196.4160919,89.99565244,2,forward,0.587844992,-5.543915695,0,0,0,0,0,0,0
1,227.9834747,161.8149376,154.3749237,154.3749046,96.15129232,2,forward,0.587318529,2.454328665,1,110,155,236,325,0.798573852,1
1,245.0915909,298.4282398,169.2632294,169.2586327,97.38689065,0,forward,-3.943150017,8.16470125,0,0,0,0,0,0,0
1,244.6275139,244.5753932,150.5474281,150.5475998,87.55886555,2,forward,0.569768491,-5.079886035,0,0,0,0,0,0,0
1,245.0816154,307.3241138,155.3773689,155.377121,58.65389109,0,forward,5.633772041,-0.245641377,0,0,0,0,0,0,0
1,265.4020119,250.9875489,200.6181908,200.6110382,86.77919507,2,forward,-7.299698143,-6.788777162,0,0,0,0,0,0,0
1,278.6018753,290.9855747,137.7653503,137.7653503,84.60735679,0,down,-15,10,0,0,0,0,0,0,1
1,296.9099236,288.1364822,126.0974312,126.0973263,69.32160854,0,down,-15,10,0,0,0,0,0,0,1
1,292.1801949,284.2835999,121.0502815,121.0501957,80.77856898,0,down,-15,10,0,0,0,0,0,0,1
1,293.8090324,280.7451153,107.541256,107.5410175,86.54084802,0,down,-15,10,0,0,0,0,0,0,1
1,278.2943344,216.8629646,129.3292618,129.3293953,89.07141685,1,forward,0.558658996,6.872895972,0,0,0,0,0,0,0
1,282.740097,303.5860967,193.4925461,193.4831858,88.40803504,1,forward,0.555842553,-1.889290901,0,0,0,0,0,0,0
1,195.7283211,190.0544643,143.4667778,143.4665394,84.60488319,1,forward,0.552078948,4.791764045,0,0,0,0,0,0,0
1,245.0081825,266.1633396,149.4842339,149.4841003,92.59943962,0,forward,2.81413134,8.84656625,0,0,0,0,0,0,0
1,245.0001907,301.1163425,138.0885696,138.0884743,94.74256635,0,forward,1.749500125,8.081290751,0,0,0,0,0,0,0
1,331.8498993,363.711263,153.9787674,153.9785242,77.05542445,2,forward,0.543335266,-3.574739736,0,0,0,0,0,0,0
1,244.9400711,219.9059772,131.9219589,131.9219398,94.23389435,0,forward,0.679569811,4.313735956,0,0,0,0,0,0,0
1,244.8702621,303.7570667,141.6831589,141.6830063,95.54488659,0,forward,1.686977958,7.170088708,0,0,0,0,0,0,0
1,244.8615837,238.2849598,140.2049828,140.2051449,96.66073322,0,forward,1.159776489,4.955783057,0,0,0,0,0,0,0
1,291.8646812,298.8728499,200.5051231,200.4950809,91.70355201,1,forward,0.534564938,-5.62693496,0,0,0,0,0,0,0
1,244.8327827,300.7416916,146.6282845,146.6281986,93.37179661,0,forward,3.114569791,9.747567738,0,0,0,0,0,0,0
1,257.4237823,265.013554,201.2520981,201.2413216,90.13726115,2,forward,0.52595077,-4.980431177,0,0,0,0,0,0,0
1,244.8186493,234.8754787,134.2301178,134.2300415,96.97604179,0,forward,4.387882655,4.160535317,0,0,0,0,0,0,0
1,281.3597298,309.4838787,181.6292381,181.6234875,86.9228065,2,forward,0.515419973,-8.762321409,0,0,0,0,0,0,0
1,244.7615623,229.5769787,153.6432838,153.643198,96.77115083,0,forward,5.490994185,4.069261598,0,0,0,0,0,0,0
1,244.7593307,281.8553925,136.9441223,136.944437,95.1701045,0,forward,-4.735784601,7.383079063,0,0,0,0,0,0,0
1,244.6552086,306.7919254,137.8062248,137.8061485,96.98809385,0,forward,1.954050763,7.867427996,0,0,0,0,0,0,0
1,244.6278191,231.7321301,150.805645,150.8055496,96.00771666,0,forward,4.706155816,3.750185345,0,0,0,0,0,0,0
1,244.6136665,232.119627,142.023716,142.0236969,95.87181211,0,forward,2.122061135,4.031320304,0,0,0,0,0,0,0
1,244.6085167,311.0788822,142.6759529,142.6760101,95.14186978,0,forward,0.280871366,9.618664114,0,0,0,0,0,0,0
1,198.3586121,284.5375156,140.8401108,140.8403206,87.45068312,0,down,-15,10,0,0,0,0,0,0,1
1,193.3183861,281.4452076,151.923008,151.9233513,80.8645606,0,down,-15,10,0,0,0,0,0,0,1
1,290.2786255,282.5811863,197.8516006,197.8407383,83.9132905,1,forward,-7.685273344,-6.784305069,0,0,0,0,0,0,0
1,190.00597,214.601841,129.9661255,129.9661732,90.85355997,1,forward,0.496138241,4.945462664,0,0,0,0,0,0,0
1,244.5763588,301.9822025,163.761692,163.761692,97.03534842,0,forward,-3.941008446,8.062448769,0,0,0,0,0,0,0
1,255.0105476,268.6320209,201.5184212,201.5059662,89.1957581,2,forward,0.493239169,-5.566726983,0,0,0,0,0,0,0
1,244.460125,227.4737263,152.8991508,152.8991318,95.94972134,0,forward,3.351402597,4.996110338,0,0,0,0,0,0,0
1,284.8295593,290.892446,196.019249,196.0101986,90.80535769,1,forward,0.490569702,-3.06262854,0,0,0,0,0,0,0
1,262.7907181,281.3841701,193.7781906,193.7660122,87.50329018,2,forward,0.48476099,-6.121128297,0,0,0,0,0,0,0
1,253.7508774,270.5335021,205.6053543,205.5910492,85.81264019,2,forward,0.478556711,-4.249033519,0,0,0,0,0,0,0
1,307.6330566,333.7976122,186.949501,186.9369936,90.42001963,2,forward,0.477353498,-5.708520665,0,0,0,0,0,0,0
1,262.3726463,253.77671,135.5054665,135.5053997,88.18015456,1,forward,0.468923034,-4.009287227,1,115,137,277,413,0.783937454,1
1,244.4520187,230.1813412,155.4430771,155.4430389,96.83391452,0,forward,4.145899137,3.204921717,0,0,0,0,0,0,0
1,244.4004822,306.6868973,149.1285324,149.1286182,94.71159577,0,forward,-2.370915714,6.071858703,0,0,0,0,0,0,0
1,258.7595749,216.4874554,114.5754623,114.5755577,88.19033504,1,forward,0.463354656,8.170514656,1,161,220,269,358,0.831289947,1
1,295.0800133,284.7775269,185.2576256,185.2519512,93.30450892,1,forward,0.443620668,-4.875446775,0,0,0,0,0,0,0
1,244.2919159,299.7925472,139.6133041,139.6133423,94.940871,0,forward,2.656650563,7.584212844,0,0,0,0,0,0,0
1,242.0008278,219.1726112,132.1650124,132.1651554,94.18025613,0,forward,0.435666245,5.0869088,1,0,143,57,452,0.747447073,1
1,253.8704681,238.8541674,140.2263641,140.2264595,89.14410472,2,forward,0.435486557,-2.36479938,0,0,0,0,0,0,0
1,244.260807,234.3676972,144.3974113,144.3974876,86.90039515,0,forward,1.003105038,-4.805586223,0,0,0,0,0,0,0
1,144.7417068,210.3250122,151.8213844,151.8212986,93.70994568,1,forward,0.432911819,7.479887578,0,0,0,0,0,0,0
1,244.1741753,304.2112827,161.6818047,161.6817284,96.48370743,0,forward,-3.022495699,7.640752646,0,0,0,0,0,0,0
1,244.1206932,233.0943966,142.2101402,142.2101784,86.00991368,0,forward,0.820824833,-2.29005514,0,0,0,0,0,0,0
1,244.0270996,229.0775013,156.8461609,156.8461418,97.13724256,0,forward,3.29033619,3.125168097,0,0,0,0,0,0,0
1,200.1845741,211.415205,132.7778435,132.7779007,90.59295654,1,forward,0.422005812,3.554165719,0,0,0,0,0,0,0
1,271.0199738,261.722014,199.1655731,199.1596413,88.26583028,2,forward,-7.342571473,-6.777362997,0,0,0,0,0,0,0
1,243.9230537,274.8502064,120.2784157,120.2782345,97.62789011,0,forward,6.098609737,11.34031971,0,0,0,0,0,0,0
1,254.5738792,237.0071697,138.7132835,138.7133217,91.15547538,2,forward,0.40057199,-5.147746328,0,0,0,0,0,0,0
1,287.0952797,287.6380944,189.3874931,189.3792915,93.56821775,2,forward,0.399790021,-4.040246197,0,0,0,0,0,0,0
1,243.8627243,229.2041302,157.4416351,157.4416351,97.02790976,0,forward,3.745975769,3.548801867,0,0,0,0,0,0,0
1,243.8572121,219.8073578,126.2495613,126.2495327,94.69038844,0,forward,1.223726872,4.834504792,0,0,0,0,0,0,0
1,243.8300896,233.9354324,143.6883354,143.6882401,95.36762834,0,forward,1.464420431,3.930655424,0,0,0,0,0,0,0
1,243.7371063,286.2026596,143.2852554,143.2855511,94.63790059,0,forward,-0.91360626,5.335215151,0,0,0,0,0,0,0
1,272.9895782,276.5207314,168.6501694,168.6501503,89.74709511,1,forward,0.386777686,-5.682712916,0,0,0,0,0,0,0
1,258.2439232,258.8553596,199.8871422,199.877758,91.81854129,2,forward,0.385890173,-0.856545697,0,0,0,0,0,0,0
1,243.7292671,303.3264542,162.3212242,162.3211956,97.41286039,0,forward,-3.831265697,7.746665882,0,0,0,0,0,0,0
1,242.9948807,307.4475574,140.4367828,140.4366875,91.80311561,0,forward,0.373678562,6.39935336,1,183,355,301,480,0.827121317,1
1,300.4124832,332.112782,208.7149429,208.6956882,78.90127897,2,forward,0.371955489,-2.016001411,0,0,0,0,0,0,0
1,270.9147072,274.9771023,195.7976723,195.7893562,93.87518764,1,forward,0.365183823,-3.728906567,0,0,0,0,0,0,0
1,243.7187767,226.1339092,154.3330193,154.3330193,95.85754871,0,forward,5.199134534,3.928411103,0,0,0,0,0,0,0
1,243.7145615,229.9198151,157.0043945,157.004385,96.84169888,0,forward,4.669051379,3.855191348,0,0,0,0,0,0,0
1,263.1383514,290.9233474,206.981163,206.9692612,85.49649119,2,forward,0.35876336,-2.617616605,0,0,0,0,0,0,0
1,243.6894035,284.9113369,135.8501244,135.8504105,95.41910887,0,forward,-2.378134768,6.304217246,0,0,0,0,0,0,0
1,190.4673386,217.5377941,127.2688484,127.2688293,90.82111716,1,forward,0.343682758,4.949608818,0,0,0,0,0,0,0
1,232.0895195,213.787365,113.1614876,113.1615543,94.9190557,0,forward,0.34193935,3.23501185,1,93,302,223,480,0.868433893,1
1,243.6765289,115.0192451,153.5254288,153.5254383,88.00781965,0,forward,6.501461433,1.386538913,0,0,0,0,0,0,0
1,243.6058235,230.7661057,151.9725227,151.9723606,96.53916955,0,forward,4.174646483,5.01892761,0,0,0,0,0,0,0
1,243.6017418,228.3868504,154.8845863,154.8845673,96.64413929,0,forward,3.575587345,5.180919418,0,0,0,0,0,0,0
1,309.5269775,313.6619782,202.2848892,202.2712898,88.58554959,2,forward,-2.236046404,-6.72924416,0,0,0,0,0,0,0
1,243.5265923,227.8864288,157.7391624,157.7390957,96.82102203,0,forward,5.208989408,3.822976375,0,0,0,0,0,0,0
1,243.4999084,230.3944302,147.2811508,147.2811699,95.67423463,0,forward,3.272320365,3.600160378,0,0,0,0,0,0,0
1,224.007206,161.5312958,156.405468,156.4054012,95.25766373,2,forward,0.32086477,2.477132647,1,100,163,240,351,0.618391275,1
1,228.2951355,178.1405926,147.2119522,147.2119617,94.81148124,1,forward,0.320537649,1.708426657,1,85,171,215,350,0.828797281,1
1,264.7525024,285.2068352,201.6025925,201.5902519,84.46105719,2,forward,0.319258363,-5.489949116,0,0,0,0,0,0,0
1,243.3935738,228.3282566,157.8709602,157.8709602,97.06457853,0,forward,5.037760218,3.381692006,0,0,0,0,0,0,0
1,265.2569962,261.816094,194.7750854,194.7707748,93.73145103,2,forward,0.309764168,-2.400285366,0,0,0,0,0,0,0
1,243.1217575,278.7926912,176.5193176,176.5148878,93.31057072,1,forward,0.309654969,-3.13352622,0,0,0,0,0,0,0
1,285.4686737,278.5780787,197.2161102,197.2056484,91.59274697,1,forward,0.309631782,-4.158579402,0,0,0,0,0,0,0
1,226.3259888,291.2115097,151.8048096,151.8048191,94.39886808,0,forward,0.307195877,7.225761466,1,352,364,507,480,0.792420805,1
1,243.3503914,228.3106899,159.4927406,159.4928169,97.39708304,0,forward,5.265134096,3.597781671,0,0,0,0,0,0,0
2,294.0372467,262.4478626,188.4821701,188.4708595,80.43505549,2,forward,0.302562259,-5.558826817,0,0,0,0,0,0,1
1,281.8501091,283.0300164,186.925602,186.917038,90.00264406,2,forward,0.293058082,-6.998217086,0,0,0,0,0,0,0
1,243.2587051,232.1970177,146.0850906,146.0850334,94.70595121,0,forward,-0.223623544,3.984093738,0,0,0,0,0,0,0
1,295.810051,322.2925055,203.6827469,203.6674404,77.28949189,2,forward,0.285858784,-1.661124222,0,0,0,0,0,0,0
1,243.2359505,268.7300205,169.1986656,169.1947174,97.13258743,0,forward,-2.236762526,8.058240982,0,0,0,0,0,0,0
1,293.8184166,299.8068595,198.1223106,198.1111908,91.5573597,1,forward,0.280820574,-4.135593817,0,0,0,0,0,0,0
1,243.2257843,292.1536732,143.4647369,143.4647942,93.64455342,0,forward,2.303655498,8.47000064,0,0,0,0,0,0,0
1,243.1930733,285.6753159,143.153286,143.1535435,94.48356628,0,forward,-0.143249842,6.161680604,0,0,0,0,0,0,0
1,243.1414032,212.3810863,113.8334274,113.83358,91.86453223,0,forward,1.672998237,4.98957747,0,0,0,0,0,0,0
1,243.057785,316.5840912,136.6555786,136.6554165,90.38840532,0,forward,5.104972964,9.041090895,0,0,0,0,0,0,0
1,243.0548096,277.5763035,121.5155411,121.5153408,97.49230146,0,forward,4.412498035,9.456508647,0,0,0,0,0,0,0
1,263.6062622,254.4353461,145.8865738,145.8865929,86.24815941,1,forward,0.258451411,-0.594863797,0,0,0,0,0,0,0
1,228.4923744,334.1643906,157.0648003,157.0648384,91.85737967,0,down,-10.02103897,4.782738472,0,0,0,0,0,0,1
1,242.9788971,227.8303242,155.5257416,155.5257225,96.26426697,0,forward,4.363150631,3.118461987,0,0,0,0,0,0,0
1,275.7297707,303.7262321,196.0568047,196.0470486,86.76464558,2,forward,0.250696985,-3.364283048,0,0,0,0,0,0,0
1,260.0164223,270.6628037,203.30019,203.2893848,90.53233266,1,forward,0.247201862,-3.610703587,0,0,0,0,0,0,0
1,241.8455505,217.7390385,125.2016068,125.2017975,92.48470664,0,forward,0.237606022,5.038502461,1,69,271,178,469,0.813407063,1
1,242.9319572,221.1238003,121.7237282,121.723938,91.53297544,0,forward,-2.656598913,5.378539607,0,0,0,0,0,0,0
1,242.8495216,164.5149064,183.267498,183.2585621,92.80827045,0,forward,-4.886270293,0.569228795,0,0,0,0,0,0,0
1,242.7587128,295.3772449,140.0415421,140.0414658,95.18842101,0,forward,2.273471769,8.849245834,0,0,0,0,0,0,0
1,242.6403427,228.1234646,152.6338959,152.6338005,95.68869472,0,forward,3.760489819,4.914616275,0,0,0,0,0,0,0
1,203.7478638,286.2595654,125.5907059,125.5908966,89.80938792,0,down,-15,10,0,0,0,0,0,0,1
1,199.5072746,282.4701977,133.4009361,133.4015465,84.79645252,0,down,-15,10,0,0,0,0,0,0,1
1,262.515049,268.8872266,185.898838,185.889473,94.24790144,2,forward,0.223181861,-4.961179638,0,0,0,0,0,0,0
1,257.1821785,269.0394664,189.9394798,189.9275494,88.1989181,2,forward,0.222380628,-2.557781608,0,0,0,0,0,0,0
1,242.612896,312.3360157,129.1946983,129.1945839,96.42561674,0,forward,-1.832869708,6.033951387,0,0,0,0,0,0,0
1,242.5933838,283.0495834,146.2981796,146.2986088,94.49691176,0,forward,4.060492739,3.069709508,0,0,0,0,0,0,0
1,254.8001099,239.5407653,142.5261307,142.526207,90.87669849,2,forward,0.216000445,-3.706974536,0,0,0,0,0,0,0
1,242.5438309,287.3321915,136.6296387,136.6297245,95.21566033,0,forward,-6.84303278,6.961090546,0,0,0,0,0,0,0
1,242.4907112,230.8715916,151.0227776,151.0227585,96.08784318,0,forward,1.981810605,4.391454186,0,0,0,0,0,0,0
1,242.4186134,231.6238117,150.6334114,150.6333733,95.68210244,0,forward,4.381242151,4.438317147,0,0,0,0,0,0,0
1,242.40839,228.8963985,155.9281349,155.9280968,95.85812688,0,forward,4.50598362,3.736698416,0,0,0,0,0,0,0
1,195.1833725,259.9660206,181.5570068,181.5509605,94.40852404,0,forward,0.175973955,6.402036446,1,49,379,228,479,0.797436774,1
1,242.3803711,228.3007908,156.6330719,156.6330242,96.77773714,0,forward,3.925747206,3.525667462,0,0,0,0,0,0,0
1,242.3439217,228.8522243,158.229084,158.2290745,97.08407521,0,forward,4.558072057,3.562357112,0,0,0,0,0,0,0
1,286.0843086,300.2224445,114.8184013,114.8186874,78.78288627,0,left,11.95122041,-19.09935914,0,0,0,0,0,0,1
1,278.4446907,292.9868317,129.0671349,129.067297,80.83726168,0,left,8.08267992,-16.00884776,0,0,0,0,0,0,1
1,292.832489,299.944582,124.1656494,124.1657066,75.80795884,0,left,8.143234034,-14.67737768,0,0,0,0,0,0,1
1,282.4628258,296.9033718,129.1890526,129.1892052,85.88019013,0,left,7.133849633,-12.21479988,0,0,0,0,0,0,1
1,258.4637451,240.9368682,140.3741455,140.3742599,92.46090651,2,forward,0.148599815,-4.899522035,0,0,0,0,0,0,0
1,242.2851753,235.247488,148.3285332,148.3285618,85.63928008,0,forward,1.309043586,-3.151208095,0,0,0,0,0,0,0
1,276.176815,284.7524929,133.5033607,133.5033417,82.31437206,0,left,11.92590654,-16.3215159,0,0,0,0,0,0,1
1,261.4113808,282.502141,199.5892906,199.5761919,86.93603873,2,forward,0.143095772,-5.014743522,0,0,0,0,0,0,0
1,229.6755981,262.284193,129.4443893,129.4447517,92.03828573,0,forward,0.142186785,9.83379229,1,352,357,502,480,0.846879125,1
1,231.0229683,303.6592197,139.8353386,139.835186,92.63820648,0,forward,0.13957055,6.377169091,1,200,397,314,480,0.693721652,1
1,242.2353172,227.780571,158.7724113,158.7723827,97.30628133,0,forward,3.583046865,3.187561496,0,0,0,0,0,0,0
1,286.2345123,279.3365001,193.3355331,193.3295631,94.76614594,1,forward,0.131760404,-4.552864018,0,0,0,0,0,0,0
1,272.3044777,282.4419189,226.7788506,226.7566681,70.48256397,1,forward,-4.850618954,-6.717395591,0,0,0,0,0,0,0
1,248.9456367,236.9429802,141.2134361,141.2136269,86.77284122,2,forward,0.124663719,-3.065023968,0,0,0,0,0,0,0
1,241.6921997,174.9301529,151.3113785,151.3113785,92.93092489,0,forward,0.110281331,2.484650839,1,126,177,263,357,0.836413383,1
1,242.2122574,276.4154148,135.0850296,135.0852585,95.67132592,0,forward,5.228192157,8.912590338,0,0,0,0,0,0,0
1,253.4345055,242.4788404,136.6924477,136.6927814,83.78017545,1,forward,0.100644778,2.83941805,0,0,0,0,0,0,0
1,267.2579002,293.5138225,202.5811958,202.569437,85.09873748,1,forward,0.100294054,-4.203541216,0,0,0,0,0,0,0
1,257.808075,275.8600641,176.0798645,176.0744762,86.62617803,2,forward,0.097436042,-3.149638961,0,0,0,0,0,0,0
1,282.4967384,217.7761173,141.2574577,141.2573433,94.26743984,0,forward,0.078752785,2.167546451,1,257,376,379,479,0.882319808,1
1,248.1918144,181.631155,150.6040764,150.6041336,94.5805192,0,forward,0.078739588,2.181391185,1,128,165,264,353,0.788054585,1
1,300.4677582,336.5421355,200.0683594,200.0557423,89.63037133,2,forward,0.073380839,-2.582366139,0,0,0,0,0,0,0
1,266.2441826,263.2972431,199.8037529,199.7951317,83.98071527,2,forward,-6.309844123,-6.691487653,0,0,0,0,0,0,0
1,287.3163033,280.9649182,193.4369087,193.4274387,94.20070648,1,forward,0.058059852,-4.20635411,0,0,0,0,0,0,0
1,283.5478783,216.2016964,146.1728859,146.1729527,93.44699979,1,forward,0.037755087,2.384347981,0,0,0,0,0,0,0
1,172.1238136,249.5948124,181.0111427,181.0062218,95.43063641,1,forward,0.025636353,4.787289665,0,0,0,0,0,0,0
1,242.1668816,285.8660603,144.2045403,144.2047691,95.10867596,0,forward,0.55919656,5.342512852,0,0,0,0,0,0,0
1,242.0919991,227.5854778,155.5997658,155.5996799,96.08592987,0,forward,3.964537398,4.365703865,0,0,0,0,0,0,0
1,242.0672607,232.3144627,139.0656662,139.0655136,95.14798522,0,forward,5.494120212,6.76300561,0,0,0,0,0,0,0
1,242.0436859,229.3673801,155.623703,155.6236839,96.96481228,0,forward,4.089361172,7.395960253,0,0,0,0,0,0,0
1,242.0050049,227.966423,157.0311356,157.0309925,97.17715383,0,forward,4.74740585,4.218762511,0,0,0,0,0,0,0
1,241.961422,353.7824535,143.6974525,143.6970806,77.78457999,0,forward,-6.002672539,1.717843941,0,0,0,0,0,0,0
1,241.8824577,309.9677753,129.0668297,129.0667534,95.84650397,0,forward,-0.467893652,5.864620992,0,0,0,0,0,0,0
1,271.1216545,266.4133477,174.1308022,174.1270351,90.17076492,2,forward,-3.509146548,-6.687537095,0,0,0,0,0,0,0
1,275.3896713,272.0753407,196.426239,196.4206982,89.91472721,2,forward,-0.918672794,-6.652762326,0,0,0,0,0,0,0
1,287.0099068,281.5952707,206.1423683,206.1302948,78.69881988,1,forward,-7.126012212,-6.630414468,0,0,0,0,0,0,0
1,255.0832748,308.6632061,123.3706665,123.3706284,87.03448176,0,down,-15,10,1,231,352,333,478,0.76661545,1
1,253.8709641,315.0404263,117.5009537,117.500782,84.68956947,0,down,-15,10,1,233,354,335,480,0.786316931,1
1,241.8564034,233.614254,145.5944633,145.5943966,96.19252682,0,forward,-0.90339961,4.325851484,0,0,0,0,0,0,0
1,291.6613197,255.2132392,161.955471,161.9552708,86.10841632,0,forward,-6.286914307,-6.622016979,0,0,0,0,0,0,0
1,241.8202209,297.7844524,144.919281,144.919281,95.67269683,0,forward,-9.319747793,6.897058002,0,0,0,0,0,0,0
1,269.2398262,259.4381833,193.9162636,193.9107513,91.0972476,2,forward,-2.381799947,-6.604277839,0,0,0,0,0,0,0
1,241.7943954,293.5464764,150.7619095,150.7619476,92.77243614,0,forward,3.214990497,5.279464217,0,0,0,0,0,0,0
1,241.6923714,287.160759,131.5947151,131.5949535,95.71041465,0,forward,5.840826545,8.978316498,0,0,0,0,0,0,0
1,290.8551598,277.4725032,180.596981,180.5913734,86.85676455,2,forward,-3.309492576,-6.586828489,0,0,0,0,0,0,0
1,241.6758537,229.3370819,151.5635872,151.5635204,95.78145742,0,forward,4.127572335,3.811407096,0,0,0,0,0,0,0
1,227.3002434,173.2081318,154.3626595,154.3624306,94.42154169,1,forward,-0.087860462,4.193727517,1,92,194,221,356,0.800517917,1
1,249.5178986,254.1043568,147.4673462,147.4674797,88.40965033,1,forward,-0.093991419,8.439274249,0,0,0,0,0,0,0
1,242.3835754,271.4086246,119.4149017,119.4148064,93.47676039,0,forward,-0.097839027,9.168812078,1,240,379,339,474,0.847047448,1
1,277.9377937,258.963654,199.3846703,199.3790531,88.47851157,1,forward,-7.998582333,-6.586246588,0,0,0,0,0,0,0
1,241.5974045,259.1657352,155.6693649,155.6692314,95.52708864,0,forward,3.202440532,12.72475015,0,0,0,0,0,0,0
1,275.8167839,217.963171,130.8963585,130.896492,88.82339001,1,forward,-0.107963807,6.027882119,0,0,0,0,0,0,0
1,241.5595245,272.6751995,173.5156631,173.5108566,96.1360991,0,forward,-2.571632052,7.508351226,0,0,0,0,0,0,0
1,241.5472984,276.0156727,139.2061806,139.2065048,94.96372342,0,forward,5.26547474,7.147138903,0,0,0,0,0,0,0
1,229.6504402,212.7262402,113.4015465,113.4015369,93.4946239,0,forward,-0.120310346,2.957384829,1,125,310,259,480,0.839437962,1
1,241.5188599,282.1087646,133.0612564,133.0615139,95.30774951,0,forward,3.423819117,7.496961203,0,0,0,0,0,0,0
1,241.5176964,231.6071033,151.4529991,151.4529419,95.77743411,0,forward,0.527414849,2.953413116,0,0,0,0,0,0,0
1,241.4877129,286.2419415,136.6842842,136.6844559,96.33589387,0,forward,-2.99997569,6.620904442,0,0,0,0,0,0,0
1,269.5127869,256.4726091,196.1073303,196.0995197,88.49414587,1,forward,-9.541347398,-6.569038137,0,0,0,0,0,0,1
1,230.4851913,215.6787014,109.6702576,109.6702766,93.48384142,0,forward,-0.145655834,2.528000244,1,126,312,258,479,0.906310678,1
1,241.4195824,296.2559795,139.114933,139.1148376,95.49688697,0,forward,3.266548942,10.98784595,0,0,0,0,0,0,0
1,241.355114,226.9323063,158.2477379,158.2477856,96.91847563,0,forward,4.7886571,3.211521638,0,0,0,0,0,0,0
1,241.3428497,115.4144954,159.8367691,159.8368263,90.66560268,0,forward,3.342531756,-1.213945354,0,0,0,0,0,0,0
1,302.2455788,303.0141855,200.3005409,200.2896881,83.57664347,2,forward,-2.330994053,-6.563363199,0,0,0,0,0,0,0
1,241.3243866,263.0626249,171.4113617,171.407218,90.84252119,0,forward,0.380737186,-1.711442689,0,0,0,0,0,0,0
1,241.3223648,280.606184,138.7781525,138.7784958,95.14598846,0,forward,1.214836028,6.662034822,0,0,0,0,0,0,0
1,289.5491409,258.0097675,183.3488846,183.3448505,88.6277616,2,forward,-8.743579381,-6.554178411,0,0,0,0,0,0,1
1,260.8705711,257.4591803,192.7172661,192.7072906,88.49253058,2,forward,-0.916443306,-6.542452344,0,0,0,0,0,0,0
1,241.3000679,283.5194492,141.6129112,141.6131401,94.86166835,0,forward,-2.349170128,5.883845832,0,0,0,0,0,0,0
1,248.6821938,222.7535797,157.8791618,157.8790283,93.84016395,0,forward,-3.36456875,-6.541307487,0,0,0,0,0,0,0
1,276.783123,281.0737991,215.1026344,215.0848675,78.85577083,1,forward,-7.267720027,-6.532288797,0,0,0,0,0,0,0
1,196.1523819,189.8384833,138.5014343,138.5014343,84.60037112,1,forward,-0.197654228,11.92881879,0,0,0,0,0,0,0
1,241.2701797,232.9861164,149.8867798,149.8867035,94.71709132,0,forward,2.217027852,3.116777256,0,0,0,0,0,0,0
1,187.6856613,220.8552361,127.0862198,127.0864677,94.16847825,1,forward,-0.211787635,6.05846462,0,0,0,0,0,0,0
1,241.2678528,284.0306568,126.4515305,126.4517212,95.14757395,0,forward,4.907990997,6.403408958,0,0,0,0,0,0,0
1,241.2240982,306.8857956,132.2879028,132.2880077,95.68362236,0,forward,-0.921031824,6.31574399,0,0,0,0,0,0,0
1,258.0193138,276.9172645,196.1362648,196.1222935,87.82688379,2,forward,-3.279609383,-6.498934377,0,0,0,0,0,0,0
1,241.2211037,264.0991116,171.7858315,171.7810822,97.34622836,0,forward,-2.526150915,7.363234688,0,0,0,0,0,0,0
1,241.1914063,280.008173,142.8566742,142.8567696,89.92372155,0,forward,7.302486697,3.700437722,0,0,0,0,0,0,0
1,250.565052,235.1999187,146.3294411,146.3295078,97.21002579,1,forward,-0.269464032,3.574644717,1,234,379,361,480,0.744207382,1
1,241.1711693,284.6061802,143.8571739,143.8573837,95.11153102,0,forward,-0.645900733,6.633852341,0,0,0,0,0,0,0
1,428.2134628,292.2794437,145.4743195,145.4743767,96.57287002,0,forward,-2.609001598,-6.498902543,0,0,0,0,0,0,0
1,241.1035347,293.5781765,148.9129829,148.9130974,92.92501807,0,forward,4.397053015,7.750158054,0,0,0,0,0,0,0
1,241.0976791,232.4228382,147.618103,147.6180553,95.03748417,0,forward,0.876255402,3.881265631,0,0,0,0,0,0,0
1,241.0648727,226.0957146,159.3504715,159.3504524,96.66310549,0,forward,4.595990759,3.693661746,0,0,0,0,0,0,0
1,294.6119881,270.2417875,180.6189537,180.6138325,91.14473462,1,forward,-5.16680382,-6.49791155,0,0,0,0,0,0,0
1,241.0522079,227.8916073,160.4394531,160.439415,96.90496325,0,forward,4.183909415,3.387260372,0,0,0,0,0,0,0
1,171.3687515,251.8795109,171.2790298,171.2750816,92.61996746,1,forward,-0.319140277,5.246898891,0,0,0,0,0,0,0
1,241.0003471,229.1236782,155.7201958,155.7201004,96.65908217,0,forward,5.237647919,4.386315464,0,0,0,0,0,0,0
1,240.9981346,283.0853748,134.4332695,134.4335747,93.61323714,0,forward,0.834249085,7.715500448,0,0,0,0,0,0,0
1,133.7100983,220.7155323,159.2386436,159.2381859,94.65194345,1,forward,-0.336773495,8.002900884,0,0,0,0,0,0,0
1,267.1186447,257.0204568,194.3265533,194.3204784,89.28302526,2,forward,-8.014095697,-6.442365488,0,0,0,0,0,0,1
1,258.4272766,241.988275,184.9025345,184.8970985,95.32746077,2,forward,-6.744102538,-6.410965135,0,0,0,0,0,0,0
1,240.9304428,300.7926178,143.8561249,143.8559246,95.30502558,0,forward,-2.003366111,8.994574854,0,0,0,0,0,0,0
1,240.8441162,227.4962425,164.5701218,164.5638371,73.83028865,0,forward,10.49188101,1.901794775,0,0,0,0,0,0,0
1,240.8181381,250.5068207,148.3609772,148.3609486,94.25894618,0,forward,3.285113784,8.791648679,0,0,0,0,0,0,0
1,240.7711792,229.7015762,153.1367874,153.1366253,95.7912147,0,forward,5.002633447,4.106351261,0,0,0,0,0,0,0
1,289.502964,277.6102924,197.741375,197.7321911,86.26564145,2,forward,-4.466919333,-6.403387736,0,0,0,0,0,0,0
1,169.1018867,245.1793957,182.4932671,182.4877739,94.95890737,1,forward,-0.378718324,5.042232478,0,0,0,0,0,0,0
1,270.4620743,250.1449561,192.0962143,192.0892811,87.00466752,2,forward,-8.784565996,-6.396201967,0,0,0,0,0,0,1
1,240.7432365,214.9643612,121.4626122,121.4625549,91.44798517,0,forward,-3.355647892,5.615342283,0,0,0,0,0,0,0
1,223.1448555,210.5745506,117.0175743,117.0174122,91.72195196,0,forward,-0.399172099,2.808370843,1,111,312,240,479,0.882588387,1
1,240.7091904,311.1435699,133.8471985,133.8470364,95.84385753,0,forward,-2.744263903,5.860638982,0,0,0,0,0,0,0
1,240.6765366,229.1757202,158.2166672,158.216629,96.12371325,0,forward,4.519187178,4.122369733,0,0,0,0,0,0,0
1,244.9728394,236.0931015,144.1649246,144.1648006,96.07483745,0,forward,-0.407630976,3.966535253,1,239,431,361,479,0.70556879,1
1,240.6358719,226.1648655,158.3757782,158.3757591,96.7404902,0,forward,5.367975786,3.84712092,0,0,0,0,0,0,0
1,240.5564499,282.1157455,136.0332489,136.0335445,96.25207782,0,forward,-1.165875218,6.125193323,0,0,0,0,0,0,0
1,289.2746162,216.2169743,146.4098549,146.410017,96.14411592,1,forward,-0.42710128,1.999744638,0,0,0,0,0,0,0
1,265.1046371,284.2087674,181.3296127,181.321764,89.65141177,1,forward,-0.444380358,-6.385491201,0,0,0,0,0,0,0
1,240.481739,236.8161463,147.6998711,147.699995,87.86255717,0,forward,0.861011099,-2.478208798,0,0,0,0,0,0,0
1,240.4721069,228.6181927,145.0364304,145.0364113,96.3753283,0,forward,0.230639747,3.514682468,0,0,0,0,0,0,0
1,238.6928368,216.7658782,160.9746742,160.9743118,89.15435076,0,forward,-3.86940688,-6.378228528,0,0,0,0,0,0,0
1,240.4699516,309.6472549,132.4112892,132.411375,94.12764907,0,forward,0.496777603,8.626917804,0,0,0,0,0,0,0
1,240.4504013,307.898283,142.9579544,142.9579926,95.62212825,0,forward,-0.420847213,8.78473352,0,0,0,0,0,0,0
1,258.8074303,260.0762153,192.0391273,192.0294571,90.86047411,2,forward,-4.657785914,-6.37718449,0,0,0,0,0,0,0
1,259.9573135,279.9219894,197.3735046,197.3608589,90.51856399,2,forward,-0.918341872,-6.34480568,0,0,0,0,0,0,0
1,240.4493713,283.192091,138.9685059,138.968811,95.43162584,0,forward,-2.023942574,6.633127362,0,0,0,0,0,0,0
1,261.2925911,280.970192,136.5431404,136.5434361,95.48223615,1,forward,-0.474505802,7.145713852,1,168,371,279,479,0.711535156,1
1,384.72229,283.9490891,148.4850311,148.4852314,95.03777623,0,forward,-2.686409283,-6.310132277,0,0,0,0,0,0,0
1,240.3829956,306.0140705,148.4168243,148.4168816,94.88376379,0,forward,0.323649973,9.083620485,0,0,0,0,0,0,0
1,292.7682686,278.5128141,182.6486397,182.6422405,84.35245752,2,forward,-9.546286877,-6.307925512,0,0,0,0,0,0,1
1,240.2462578,252.5230694,154.9176979,154.9177551,88.78611326,0,forward,3.929725692,11.76710769,0,0,0,0,0,0,0
1,285.2413177,269.5067883,181.3700867,181.3658524,94.33112144,0,forward,-0.507307585,14.96418982,1,132,352,313,480,0.640707135,1
1,240.2145386,271.6534424,139.732399,139.732275,95.37912011,0,forward,5.006269987,10.40517943,0,0,0,0,0,0,0
1,240.203495,311.1090374,152.8507805,152.8507233,93.07363033,0,forward,-3.085934221,6.865438989,0,0,0,0,0,0,0
1,281.3066292,312.6879501,118.0397224,118.0397129,91.77628756,1,forward,-0.534803282,10.87743567,0,0,0,0,0,0,0
1,237.7157593,319.6789169,119.4270706,119.4272518,93.60213876,0,down,-15,10,0,0,0,0,0,0,1
1,258.8232613,253.5483003,198.1607628,198.1552219,85.64594388,2,forward,-7.657519647,-6.283478138,0,0,0,0,0,0,0
1,240.1702309,319.5572376,124.5731163,124.5734024,95.14977932,0,right,4.772831517,15.15914602,0,0,0,0,0,0,1
1,173.9133072,251.7407227,175.8501434,175.8465672,95.35076022,1,forward,-0.542575012,4.716729674,0,0,0,0,0,0,0
1,249.1265297,258.6472344,195.4354668,195.4248619,84.74739194,2,forward,-5.149334999,-6.259298005,0,0,0,0,0,0,0
1,240.1261902,296.7771435,135.6245041,135.6244469,93.86126995,0,forward,3.068190587,7.678660043,0,0,0,0,0,0,0
1,308.6862755,285.7208514,187.3818016,187.3703384,87.45097518,1,forward,-7.306816111,-6.252329693,0,0,0,0,0,0,0
1,426.0747528,287.7989101,140.1961517,140.1964188,94.96290684,0,forward,-0.685832143,-6.23617965,0,0,0,0,0,0,0
1,240.0968552,228.5972238,139.8772812,139.8772717,89.26947713,0,forward,0.394581898,-2.800364326,0,0,0,0,0,0,0
1,225.3822327,157.9474354,154.2401886,154.2401791,95.78950405,2,forward,-0.587532017,2.718924676,1,103,153,235,331,0.793429434,1
1,240.0834084,231.5031052,150.8719826,150.8718967,94.57452297,0,forward,2.82889349,4.187373614,0,0,0,0,0,0,0
1,284.6736526,281.9740391,161.9343948,161.9344139,92.5917387,0,forward,-0.594043224,14.07981116,1,65,170,237,468,0.919847369,1
1,240.0159073,297.6570511,139.9168015,139.9167538,96.25575542,0,forward,2.990052111,10.4694074,0,0,0,0,0,0,0
1,239.9942589,215.2053165,134.0742302,134.074173,92.11432934,0,forward,0.535128736,4.965471806,0,0,0,0,0,0,0
1,305.6628227,338.9273214,204.4784737,204.4611311,85.42863131,2,forward,-0.338659292,-6.228729082,0,0,0,0,0,0,0
1,259.6157455,221.6846752,131.1471558,131.1473465,94.8230803,0,forward,-0.616502491,0.001505743,1,331,278,464,476,0.904840529,1
1,287.0951653,287.0848012,189.5325661,189.5236301,91.96462035,2,forward,-2.409657319,-6.209896012,0,0,0,0,0,0,0
1,239.8508072,220.3677464,130.1360703,130.1361465,93.83730292,0,forward,1.148755021,4.994193011,0,0,0,0,0,0,0
1,242.913475,270.4662418,197.2969818,197.2849846,85.75757742,2,forward,-0.626526712,0.091261673,0,0,0,0,0,0,0
1,239.5260811,321.9607258,122.9043007,122.9046822,93.5218811,0,forward,4.739752902,13.70295965,0,0,0,0,0,0,1
1,239.4945526,235.9049606,143.4580994,143.4582996,96.72797918,0,forward,-0.727074281,4.541380224,0,0,0,0,0,0,0
1,274.336319,231.6200066,127.8295898,127.8295326,91.33954048,0,forward,-0.631855547,4.086233641,1,111,223,304,474,0.842988133,1
1,270.7383728,131.0108185,164.6871567,164.6870899,93.41924191,0,forward,-1.428881693,-6.186177037,0,0,0,0,0,0,0
1,289.2882729,294.9699998,192.6466942,192.6381683,93.86498928,2,forward,-1.66563834,-6.177310007,0,0,0,0,0,0,0
1,256.5109062,314.7298336,121.1961555,121.1964226,90.54403901,1,down,-15,10,0,0,0,0,0,0,1
1,269.6966171,258.8017058,200.7624435,200.7574081,90.31668901,2,forward,-5.907734354,-6.175874673,0,0,0,0,0,0,0
1,239.416523,214.8763847,130.3425026,130.3427696,92.88221598,0,forward,0.273121894,4.470972418,0,0,0,0,0,0,0
1,239.3114471,212.2996902,126.3593674,126.3595963,91.37373567,0,forward,0.872299108,5.344316035,0,0,0,0,0,0,0
1,239.2853355,225.9209919,162.681942,162.6819134,97.18611836,0,forward,4.0463653,2.712415715,0,0,0,0,0,0,0
1,239.1382027,308.9355755,141.8151283,141.8150711,94.99269128,0,forward,-0.489312725,6.689082983,0,0,0,0,0,0,0
1,239.1132736,228.8085627,144.8348618,144.8348236,90.26481509,0,forward,1.409282253,-2.935715444,0,0,0,0,0,0,0
1,268.383007,257.2994113,199.5183754,199.5119762,83.45073462,2,forward,-8.136608954,-6.165958881,0,0,0,0,0,0,1
1,273.045578,281.0216165,200.9701538,200.9604263,86.58824563,2,forward,-2.687564823,-6.1624915,0,0,0,0,0,0,0
1,295.1912117,277.4504447,175.8064079,175.8009911,85.52531004,2,forward,-8.579926045,-6.162413379,0,0,0,0,0,0,1
1,270.1786995,284.5809031,202.6952553,202.6829481,81.95946813,2,forward,-1.897074531,-6.16016782,0,0,0,0,0,0,0
1,238.9743423,226.8621826,154.978714,154.9786663,96.56473994,0,forward,8.102989917,14.71493529,0,0,0,0,0,0,1
1,291.4809799,265.918262,185.3931046,185.3883648,87.23725677,2,forward,-7.463480272,-6.148479875,0,0,0,0,0,0,0
1,424.1630173,284.8697376,145.0717545,145.071888,95.41931748,0,forward,-1.665040837,-6.130012022,0,0,0,0,0,0,0
1,238.9363289,252.3575306,161.3873482,161.3873291,94.72244382,0,forward,0.684474158,7.237016616,0,0,0,0,0,0,0
1,238.8925552,291.24753,142.3472595,142.3473358,94.54410076,0,forward,4.695543722,7.980629504,0,0,0,0,0,0,0
1,274.7226143,256.5984845,190.3428841,190.337677,91.33508801,1,forward,-4.676819445,-6.129224503,0,0,0,0,0,0,0
1,250.3561211,313.9353275,129.419384,129.4193459,89.54393864,0,forward,-0.733085749,6.561954277,1,221,368,321,468,0.674223006,1
1,287.0980263,256.6120744,189.3103981,189.3048477,84.69371796,2,forward,-8.714552229,-6.119590522,0,0,0,0,0,0,1
1,429.1854095,293.2247829,145.49263,145.49263,97.00662494,0,forward,-0.795469424,-6.0935697,0,0,0,0,0,0,0
1,245.6425285,308.465395,124.5701027,124.5701408,96.47549391,0,forward,-0.742259735,5.346553007,1,267,397,377,479,0.776770651,1
1,238.761673,301.068964,134.5251846,134.5251846,92.80922413,0,forward,-0.74492741,7.007130904,1,173,370,295,480,0.747473359,1
1,238.8848495,234.0000629,141.4651871,141.4653969,96.6165781,0,forward,7.20311838,13.19948689,0,0,0,0,0,0,1
1,238.8127136,292.9351044,144.6376419,144.6376705,95.24981976,0,forward,-1.00557029,8.151027408,0,0,0,0,0,0,0
1,286.7578316,277.0052982,216.1050987,216.0900021,66.65194035,1,forward,-5.517754035,-6.092701433,0,0,0,0,0,0,0
1,238.7562752,268.2961476,176.4409447,176.4334059,86.12446189,0,forward,-4.817625041,0.819237983,0,0,0,0,0,0,0
1,228.1996727,170.985918,152.5464058,152.5463104,95.18176913,1,forward,-0.78249433,5.282351671,1,97,180,227,359,0.799212992,1
1,238.7054443,231.5692234,155.6381226,155.6379604,95.33165693,0,forward,4.875062049,3.636225708,0,0,0,0,0,0,0
1,249.0394211,230.3805733,177.2047806,177.2001743,89.8604691,1,forward,-1.642517307,-6.086824503,0,0,0,0,0,0,0
1,155.6599522,212.6706219,145.866251,145.8662224,94.78361607,1,forward,-0.793944699,6.84555143,0,0,0,0,0,0,0
1,283.1505585,284.1770077,197.8521347,197.8410244,82.90086389,2,forward,-3.21882256,-6.075457424,0,0,0,0,0,0,0
1,238.5416985,265.503273,163.027668,163.0276394,97.30221629,0,forward,-2.137639545,10.10532414,0,0,0,0,0,0,0
1,238.472023,307.685194,140.762825,140.7629013,94.04633641,0,forward,0.794276366,9.581865426,0,0,0,0,0,0,0
1,238.4446907,310.2471256,134.1295433,134.1295624,92.88694859,0,forward,1.524501383,9.621145037,0,0,0,0,0,0,0
1,238.4190559,300.8211422,153.1537819,153.15382,95.04690766,0,forward,-1.472224561,7.369337113,0,0,0,0,0,0,0
1,264.0514183,250.715611,204.1593742,204.1520405,83.22739601,2,forward,-8.819036376,-6.061398267,0,0,0,0,0,0,1
1,269.3603134,249.050827,190.5537033,190.5470181,90.37055373,2,forward,-7.779832022,-6.057221221,0,0,0,0,0,0,0
1,238.4165573,230.3035927,186.415329,186.4036274,87.88866997,0,forward,9.200494529,13.07871255,0,0,0,0,0,0,1
1,238.3327866,224.7903728,155.2026749,155.2025414,95.15558481,0,forward,2.872911308,3.394601947,0,0,0,0,0,0,0
1,238.221817,291.6917038,144.1040421,144.1040325,94.00916696,0,forward,3.40424023,8.159245227,0,0,0,0,0,0,0
1,238.1773376,283.143568,143.3290863,143.3292389,94.94473934,0,forward,-2.160693182,7.199985543,0,0,0,0,0,0,0
1,404.3657303,287.3743916,149.5034409,149.503727,93.25554967,0,forward,-3.840891046,-6.030357465,0,0,0,0,0,0,0
1,240.576992,231.9786453,150.8876991,150.8876896,88.88062239,2,forward,-0.855760286,12.46376473,0,0,0,0,0,0,0
1,271.4129829,130.9414196,165.6751442,165.6750298,94.83430386,0,forward,-0.299238572,-6.020041058,0,0,0,0,0,0,0
1,238.1759453,262.4242687,152.1898079,152.1897697,93.1049943,0,forward,4.959005695,11.13295512,0,0,0,0,0,0,0
1,238.1747437,292.139883,140.9922028,140.9921837,95.16654015,0,forward,3.834158453,7.979603616,0,0,0,0,0,0,0
1,269.5451736,268.9552807,201.6794968,201.6714191,88.00228834,2,forward,-1.812031845,-6.007055414,0,0,0,0,0,0,0
1,237.0582962,275.8215916,171.8165588,171.8130541,89.71167803,2,forward,-0.892739348,1.258209491,0,0,0,0,0,0,0
1,238.1586266,227.7283573,155.6169701,155.6168747,97.00862169,0,forward,5.922462888,10.89011874,0,0,0,0,0,0,0
1,226.3126945,158.2474995,157.6136208,157.6135826,96.36164904,2,forward,-0.893811872,2.428509339,1,109,156,235,323,0.795413673,1
1,270.5319405,262.3951269,199.2725182,199.2654991,83.39543343,2,forward,-6.003157293,-6.007051223,0,0,0,0,0,0,0
1,278.9752007,270.9102417,185.5679131,185.562973,86.646837,2,forward,-6.779336749,-5.988590374,0,0,0,0,0,0,0
1,238.1554604,119.2101694,150.5278969,150.5279732,92.90973544,0,forward,6.965594702,1.285629958,0,0,0,0,0,0,0
1,238.1458092,286.1592865,144.7943306,144.7944546,94.66266632,0,forward,-1.908651374,6.818834288,0,0,0,0,0,0,0
1,238.0571938,291.0161304,141.7007256,141.7006302,94.11357045,0,forward,0.51446839,7.217057254,0,0,0,0,0,0,0
1,268.0949593,277.013383,193.8280296,193.8162088,87.03072667,1,forward,-5.984795835,-5.973062477,0,0,0,0,0,0,0
1,282.0129967,281.1233974,156.0582924,156.0584164,88.55527043,2,forward,-3.686791436,-5.968199873,0,0,0,0,0,0,0
1,262.3648071,279.4008755,190.507164,190.4942036,90.26557207,2,forward,-2.253393041,-5.936567266,0,0,0,0,0,0,0
1,237.9312515,228.4479618,151.821785,151.8216133,95.23692131,0,forward,5.228637462,3.699933345,0,0,0,0,0,0,0
1,237.9110718,304.3788815,147.0864105,147.086277,94.95375752,0,forward,-1.504100202,6.963642371,0,0,0,0,0,0,0
1,263.9186096,263.1264996,202.0640182,202.0553684,85.77436209,2,forward,-3.895555731,-5.936491439,0,0,0,0,0,0,0
1,230.8069229,213.3883953,116.3614273,116.3614655,92.71033406,0,forward,-0.946035123,3.749533709,1,93,308,221,479,0.877101541,1
1,275.2999878,270.3490734,190.6471252,190.6383705,84.79343653,2,forward,-9.178146755,-5.916172337,0,0,0,0,0,0,1
1,237.8956795,289.3763065,143.1944084,143.1944275,95.31778097,0,forward,-5.22571797,6.718532575,0,0,0,0,0,0,0
1,237.884388,229.1094303,152.5305367,152.5305462,94.84650493,0,forward,4.005366707,3.53877911,0,0,0,0,0,0,0
1,237.8676033,262.7065659,170.7531929,170.7495975,96.80345654,0,forward,-1.538059342,10.25036099,0,0,0,0,0,0,0
1,240.9839439,282.5987148,135.3071785,135.3075027,95.85888386,0,forward,-0.957632257,6.749221552,1,232,425,336,479,0.819481432,1
1,255.0875092,244.8724843,199.1436768,199.1373253,84.95779634,2,forward,-7.584095209,-5.896184584,0,0,0,0,0,0,0
1,237.8606033,281.7342281,132.1878052,132.1880722,94.52428818,0,forward,4.130301712,8.441355058,0,0,0,0,0,0,0
1,255.2977943,221.4047527,129.0937233,129.0938759,94.78018284,0,forward,-0.981055248,0.306361669,1,326,284,453,476,0.826333761,1
1,237.8493881,232.5579357,153.7430191,153.7431335,94.32541132,0,forward,4.462607181,4.05564176,0,0,0,0,0,0,0
1,237.8176117,232.4691868,151.5342331,151.5344524,95.22299767,0,forward,2.554506248,3.899705137,0,0,0,0,0,0,0
1,295.8912849,273.3697629,179.9111748,179.9066162,90.26674032,2,forward,-1.912243282,-5.885272778,0,0,0,0,0,0,0
1,237.7831268,309.9027157,141.412468,141.4125824,92.56953597,0,forward,0.630780397,8.737016499,0,0,0,0,0,0,0
1,191.3855553,214.6429253,130.0904274,130.0903988,91.64370894,2,forward,-1.010839441,4.74507497,0,0,0,0,0,0,0
1,264.6167183,259.5245552,198.5235405,198.5184002,89.6977663,2,forward,-6.158124455,-5.883009022,0,0,0,0,0,0,0
1,237.7615738,289.731102,149.1090775,149.1091633,92.74449348,0,forward,2.94900103,7.320784897,0,0,0,0,0,0,0
1,249.5748138,316.8727112,129.5272827,129.5271778,90.39521217,0,forward,-1.028501222,6.028447188,1,220,369,323,480,0.722994328,1
1,237.7232933,246.356163,151.9207954,151.920805,94.59205866,0,forward,2.752964835,5.30068892,0,0,0,0,0,0,0
1,237.5059128,303.3926868,154.4276047,154.4275475,95.42533159,0,forward,-2.424724289,6.732013177,0,0,0,0,0,0,0
1,276.900959,252.5994301,187.8149986,187.8090763,90.90331793,1,forward,-8.308040044,-5.877870021,0,0,0,0,0,0,1
1,237.4524879,290.7610703,147.1983147,147.1984005,93.80964637,0,forward,1.439891148,7.673809609,0,0,0,0,0,0,0
1,293.2490349,273.4762264,177.5643349,177.5598621,91.43409133,1,forward,-3.955857848,-5.87172269,0,0,0,0,0,0,0
1,263.4937286,253.4386706,196.6312408,196.6253757,84.94820595,2,forward,-5.393438471,-5.857580954,0,0,0,0,0,0,0
1,239.370079,278.0263996,137.8409195,137.8411674,95.43482065,0,forward,-1.072601901,6.689805352,1,233,430,339,479,0.721633673,1
1,316.3854218,315.3172088,192.2840881,192.2729301,86.40156388,2,forward,-6.730253293,-5.846452937,0,0,0,0,0,0,0
1,237.1624565,283.2590961,141.1950493,141.1950874,92.39462614,0,forward,8.16275072,8.480500907,0,0,0,0,0,0,0
1,195.3828049,214.1913128,130.7022095,130.7022572,92.25575328,1,forward,-1.095056139,4.529304476,0,0,0,0,0,0,0
1,272.0789337,277.7807879,191.15345,191.1411953,83.09274316,1,forward,-1.097429068,1.591213959,0,0,0,0,0,0,0
1,265.0421715,265.8500028,200.3746605,200.3657055,87.04368472,2,forward,-6.895762031,-5.846034743,0,0,0,0,0,0,0
1,244.2928123,284.9947357,135.0177574,135.0179958,94.99502778,0,forward,-1.108836037,6.763174369,1,241,413,346,480,0.838836551,1
1,205.3886795,212.8548717,131.7502213,131.7502213,92.0040369,2,forward,-1.113155408,4.069251059,0,0,0,0,0,0,0
1,234.9008942,303.5307312,127.206459,127.2064877,94.75489259,0,forward,-1.115978424,5.755719045,1,298,392,412,479,0.805477679,1
1,258.450985,251.7427946,197.2849846,197.2795773,86.9086504,1,forward,-6.487847973,-5.843524053,0,0,0,0,0,0,0
1,236.8889618,240.2341461,126.8400574,126.8402195,95.40411234,0,forward,12.50047727,10.0257291,0,0,0,0,0,0,0
1,245.7785416,303.8777447,127.8774261,127.8774834,94.30648685,0,forward,-1.147720682,6.822332572,1,192,378,307,480,0.777409375,1
1,245.0445557,278.1278229,130.1585007,130.1584911,96.08909488,0,forward,-1.150018503,7.539231808,1,245,398,343,480,0.84554106,1
1,236.8124008,218.9748287,133.7220383,133.7221241,94.89709139,0,forward,2.156969888,4.634108857,0,0,0,0,0,0,0
1,236.7770386,226.1260009,150.7103729,150.7103062,90.9969449,0,forward,0.537926572,-1.875897336,0,0,0,0,0,0,0
1,236.7379189,238.9929771,148.8228035,148.8229465,96.11650109,0,forward,1.941639776,3.860734969,0,0,0,0,0,0,0
1,236.6966438,227.3117065,152.0934868,152.0933247,94.78754997,0,forward,4.178747237,3.698682581,0,0,0,0,0,0,0
1,273.0183411,280.5001665,194.9534225,194.9434376,86.71076894,1,forward,-2.909953905,-5.749638632,0,0,0,0,0,0,0
1,236.676693,224.5091343,153.2867241,153.2866287,95.22206783,0,forward,3.998095308,3.04540307,0,0,0,0,0,0,0
1,236.6064835,257.5380707,147.5036621,147.5036716,95.47036886,0,forward,1.958731898,10.65016833,0,0,0,0,0,0,0
1,290.1009369,262.759893,189.312439,189.3043041,84.37780738,2,forward,-9.751166684,-5.745368131,0,0,0,0,0,0,1
1,236.5984535,229.428606,151.2970924,151.2969017,95.303756,0,forward,5.610760777,4.4378005,0,0,0,0,0,0,0
1,236.529808,244.6011829,127.0225525,127.0226097,95.07671595,0,forward,15.96278844,9.865341168,0,0,0,0,0,0,0
1,236.5140152,224.9606609,153.2712936,153.2712364,94.54914331,0,forward,4.162023976,3.889786224,0,0,0,0,0,0,0
1,236.4938354,271.7263126,157.6646042,157.6643944,94.18134689,0,forward,4.337190793,12.79552819,0,0,0,0,0,0,0
1,236.2948227,238.9313698,153.432045,153.4321117,86.93792224,0,forward,1.53127066,-3.561735604,0,0,0,0,0,0,0
1,286.8464661,257.1667219,186.0613251,186.0569572,90.93976021,2,forward,-6.841467916,-5.720880494,0,0,0,0,0,0,0
1,236.2320518,277.9572201,152.8186989,152.8189659,95.29438019,0,forward,-1.387695127,6.639039595,0,0,0,0,0,0,0
1,236.2203598,227.1722889,156.8524551,156.852293,94.53875422,0,forward,7.847487373,-4.760896511,0,0,0,0,0,0,0
1,298.3058548,312.982893,125.7595062,125.7593536,77.46958137,0,left,7.02675837,-11.49564873,0,0,0,0,0,0,1
1,228.9821625,174.1996193,151.7358017,151.7358112,94.84508038,1,forward,-1.23948211,5.470950762,1,95,185,224,354,0.8111673,1
1,299.2817688,308.0703735,127.4741364,127.474165,82.69095421,0,down,-15,10,0,0,0,0,0,0,1
1,236.2057686,218.8871098,130.9104729,130.9105968,92.1421349,0,forward,0.615289828,5.376656774,0,0,0,0,0,0,0
1,268.7137604,244.4540954,191.2248611,191.2191582,89.47525024,2,forward,-7.171870469,-5.701378129,0,0,0,0,0,0,0
1,297.6940918,312.3384762,143.3230591,143.3231735,80.99243045,0,left,9.491370598,-12.46245258,0,0,0,0,0,0,1
1,290.3894234,311.0503006,144.1035652,144.1036892,81.16684556,0,left,10.03768118,-10.56222949,0,0,0,0,0,0,1
1,185.740242,220.5871868,173.6203766,173.6166573,96.18704915,1,forward,-1.288188185,6.142124075,0,0,0,0,0,0,0
1,236.1034966,294.2773819,118.6562157,118.6564922,94.06428933,0,forward,7.007362425,8.075364829,0,0,0,0,0,0,0
1,269.1296768,221.5254021,137.2846222,137.2847557,96.74387574,0,forward,-1.299846295,5.479478293,1,234,395,352,480,0.88502878,1
1,236.0833359,226.9499302,151.9748306,151.9746208,95.52103877,0,forward,4.997207604,3.650173603,0,0,0,0,0,0,0
1,236.0214806,225.9512615,153.8638878,153.8637543,94.68140602,0,forward,3.302214692,3.945075013,0,0,0,0,0,0,0
1,264.8796082,257.1384812,192.3861694,192.3803329,90.98907709,2,forward,-5.748470439,-5.700801148,0,0,0,0,0,0,0
1,267.1570206,257.9896164,200.2599335,200.2537823,87.41487265,2,forward,-7.134486332,-5.68588828,0,0,0,0,0,0,0
1,235.9322357,286.6095257,139.4222641,139.4224548,94.86567974,0,forward,1.155395399,9.03746183,0,0,0,0,0,0,0
1,279.529686,272.9071045,208.65345,208.6438179,89.42400217,2,forward,-4.828548207,-5.638189583,0,0,0,0,0,0,0
1,292.7705765,284.7088218,182.3644257,182.3593712,94.39586997,0,forward,-2.171326529,-5.632766351,0,0,0,0,0,0,0
1,295.3662109,284.7952747,203.2452393,203.2335091,82.65804052,2,forward,-2.923079081,-5.610674402,0,0,0,0,0,0,0
1,235.928669,270.50354,159.9838829,159.9838543,95.41068673,0,forward,3.963283531,12.0111856,0,0,0,0,0,0,0
1,244.2518044,277.8868961,131.5540123,131.5539551,96.93933725,0,forward,-1.367991971,7.021312697,1,236,405,336,480,0.788337708,1
1,272.0241165,258.8154316,199.0808487,199.0740395,86.82041168,2,forward,-6.674663672,-5.592834765,0,0,0,0,0,0,0
1,286.1244202,354.4151402,128.3687592,128.3684635,74.13671613,0,down,-11.98985977,-0.21696115,0,0,0,0,0,0,1
1,281.2219048,259.1571451,189.0312004,189.0254402,87.06995845,1,forward,-9.240689484,-5.583202949,0,0,0,0,0,0,1
1,283.9027977,316.9369125,128.6689949,128.6690426,90.89522958,0,down,-15,10,0,0,0,0,0,0,1
1,235.9173775,309.5346451,135.6178856,135.6177807,95.38062811,0,forward,-1.193532311,5.406519365,0,0,0,0,0,0,0
1,235.8975601,295.101614,156.8701553,156.8701172,94.21479106,0,forward,0.289848204,7.649943605,0,0,0,0,0,0,0
1,235.8367729,230.8898735,156.5244865,156.5244198,96.29765153,0,forward,4.58146141,-0.662262528,0,0,0,0,0,0,0
1,235.7343292,288.6897182,133.5180664,133.518219,96.12227082,0,forward,-2.602145491,8.386861459,0,0,0,0,0,0,0
1,235.6793594,234.6777248,184.6762848,184.6709061,91.2659049,0,forward,4.110881208,12.94804568,0,0,0,0,0,0,0
1,288.1946182,305.4588318,121.0687256,121.0685635,89.68376517,0,down,-15,10,0,0,0,0,0,0,1
1,266.4915657,279.5424724,194.4470406,194.435463,89.53482509,2,forward,-0.072911374,-5.57803597,0,0,0,0,0,0,0
1,235.6709671,226.7234516,152.2646332,152.2644424,95.22169828,0,forward,5.450806445,6.766033722,0,0,0,0,0,0,0
1,268.5495567,273.8807654,185.3425789,185.3310013,81.49340153,1,forward,-1.39783313,2.996688001,0,0,0,0,0,0,0
1,328.4531403,314.3765712,170.4042435,170.4008102,89.34181929,2,forward,-4.179286155,-5.564627959,0,0,0,0,0,0,0
1,409.9145508,295.0079441,151.9668198,151.9670677,95.77176571,0,forward,-6.771805277,-5.501140808,0,0,0,0,0,0,0
1,235.5147934,228.9690113,166.458168,166.4527416,75.07890463,0,forward,11.08114986,3.452206747,0,0,0,0,0,0,0
1,235.5071259,283.9213085,141.3919067,141.3920975,95.7541585,0,forward,-2.919933114,6.379027091,0,0,0,0,0,0,0
1,278.6473274,321.2283611,133.6997414,133.6997223,85.44440866,0,down,-15,10,0,0,0,0,0,0,1
1,235.4063225,261.6386032,155.8124352,155.8123684,95.97337842,0,forward,7.37867223,13.9678594,0,0,0,0,0,0,1
1,235.3794289,231.0742092,154.3272591,154.3275261,95.57521343,0,forward,5.309966287,1.647937055,0,0,0,0,0,0,0
1,235.3649521,307.3055649,153.4692383,153.4690762,94.03120875,0,forward,-4.410597835,6.663825383,0,0,0,0,0,0,0
1,235.3574753,302.4127293,145.6576538,145.6575966,96.25219703,0,forward,3.073067663,9.312423907,0,0,0,0,0,0,0
1,235.2271461,225.6459618,154.2039299,154.2037868,94.87235546,0,forward,5.284846508,3.278459717,0,0,0,0,0,0,0
1,235.2118492,284.0406704,142.4800682,142.4802017,95.13232708,0,forward,-3.769161996,6.976948906,0,0,0,0,0,0,0
1,269.5584488,263.6736894,199.3156433,199.3095589,87.9001379,1,forward,-6.395855707,-5.466351773,0,0,0,0,0,0,0
1,244.9801254,284.2317867,131.8352509,131.8354797,96.73059583,0,forward,-1.441429864,7.341647362,1,229,404,329,480,0.625270844,1
1,281.1735344,258.0507541,188.7704659,188.7654591,88.95069361,1,forward,-7.153357235,-5.462692978,0,0,0,0,0,0,0
1,264.1184616,249.1855526,191.3388824,191.3315105,89.04809356,2,forward,-3.62431376,-5.438465836,0,0,0,0,0,0,0
1,235.0955391,228.0493355,154.5144081,154.5142937,96.4322865,0,forward,8.058347493,14.33678015,0,0,0,0,0,0,1
1,234.9328041,238.635664,186.4029503,186.3967323,90.56646228,0,forward,4.334768819,13.41917417,0,0,0,0,0,0,1
1,289.598465,289.990418,189.8579025,189.8495579,94.45170164,2,forward,-2.479340379,-5.38755477,0,0,0,0,0,0,0
1,234.6841049,243.8855267,129.1418076,129.1420841,94.44342852,0,forward,16.81433083,10.15582846,0,0,0,0,0,0,1
1,318.1151581,302.8076935,125.612793,125.6128979,81.6735208,0,down,-15,10,0,0,0,0,0,0,1
1,327.5547409,303.7990093,132.0909882,132.0909691,86.80685163,0,down,-15,10,0,0,0,0,0,0,1
1,317.6203156,311.0155964,118.5868835,118.5868263,80.9779346,0,down,-15,10,0,0,0,0,0,0,1
1,284.7781372,275.2976441,189.1624069,189.1563606,90.72583914,1,forward,-3.076195446,-5.373908654,0,0,0,0,0,0,0
1,234.6454811,261.2935638,147.485714,147.4856472,96.46012783,0,forward,9.709346663,14.29041629,0,0,0,0,0,0,1
1,270.627079,248.9660811,186.4896965,186.4836502,91.03906751,1,forward,-7.40581288,-5.362152966,0,0,0,0,0,0,0
1,234.6277618,279.1096115,150.4037476,150.4038334,94.7259903,0,forward,-0.402470217,8.433621186,0,0,0,0,0,0,0
1,234.5703506,231.1713123,153.6016846,153.6019421,95.33882737,0,forward,5.91907718,1.982193462,0,0,0,0,0,0,0
1,240.3767967,279.9686909,139.5168495,139.5171547,95.29321194,0,forward,-1.495742763,7.408675216,1,233,426,336,479,0.802392364,1
1,234.528904,284.3402195,147.0336342,147.0336914,94.36181784,0,forward,-2.573448276,7.830811843,0,0,0,0,0,0,0
1,136.6002846,220.4227924,164.4861221,164.4858742,94.3018496,1,forward,-1.503761473,7.37616692,0,0,0,0,0,0,0
1,234.4787407,306.8810749,153.0403328,153.0401802,94.85603571,0,forward,-4.013721131,8.306124771,0,0,0,0,0,0,0
1,234.4253349,271.3185883,159.8247337,159.824667,95.16789317,0,forward,5.130968595,12.29937989,0,0,0,0,0,0,0
1,234.2079163,305.4720783,138.2992935,138.2991028,92.76842475,0,forward,3.284664673,7.269272041,0,0,0,0,0,0,0
1,234.1416931,263.4200764,153.0556488,153.0556297,95.05859017,0,forward,5.907127897,11.21528641,0,0,0,0,0,0,0
1,267.1508408,251.6692734,191.7205048,191.7141438,86.76214218,2,forward,-5.866825028,-5.35973698,0,0,0,0,0,0,0
1,314.6032906,308.9140678,184.0605736,184.0512085,90.52530527,2,forward,-4.399514373,-5.34578231,0,0,0,0,0,0,0
1,309.9378777,337.7415276,182.7356911,182.7246952,82.87072182,1,forward,-4.493863333,-5.309780173,0,0,0,0,0,0,0
1,234.0812111,243.530817,129.4080925,129.4082451,73.94481301,0,forward,7.726881834,13.42861439,0,0,0,0,0,0,1
1,177.0242882,222.1839237,172.1908379,172.187233,96.35569453,2,forward,-1.538136761,7.286765955,0,0,0,0,0,0,0
1,234.0387726,267.5849247,158.6842346,158.6841202,94.1677928,0,forward,5.759055823,12.44941669,0,0,0,0,0,0,0
1,234.0205765,259.583559,154.0932465,154.0931511,96.07661963,0,forward,6.415196231,10.49985975,0,0,0,0,0,0,0
1,238.8993645,270.048945,167.4947929,167.4946404,89.48883414,1,forward,-1.552990774,0.202309387,0,0,0,0,0,0,0
1,257.012291,308.9307404,119.1795349,119.1794872,86.87365651,0,forward,-1.556647919,6.11592255,1,217,366,320,480,0.851910651,1
1,234.0049171,304.6460724,147.7816963,147.7815914,96.10939622,0,forward,2.167118113,9.251894215,0,0,0,0,0,0,0
1,233.9660072,254.8506832,181.4532661,181.4437866,94.6271956,0,forward,-1.801511282,10.43927255,0,0,0,0,0,0,0
1,233.9296341,227.4673748,157.8086853,157.8086185,96.70243263,0,forward,7.604370695,14.83623614,0,0,0,0,0,0,1
1,233.9191055,253.0284977,155.3656387,155.3655052,95.0922966,0,forward,4.249648143,9.033318008,0,0,0,0,0,0,0
1,233.7136269,268.5304642,160.4640007,160.4638767,93.89529824,0,forward,6.50854094,12.85445661,0,0,0,0,0,0,0
1,286.154995,309.0893269,124.8499107,124.8499489,90.54627419,0,down,-15,10,0,0,0,0,0,0,1
1,233.4664536,295.1791477,145.1763153,145.1763725,95.18889785,0,forward,-0.522369876,7.321062075,0,0,0,0,0,0,0
1,233.4227753,224.2422581,151.5546036,151.554451,94.94437575,0,forward,4.704298877,6.182224809,0,0,0,0,0,0,0
1,271.1353302,263.0013919,196.5248108,196.5191746,91.48319364,2,forward,-2.325802988,-5.294349115,0,0,0,0,0,0,0
1,244.106102,259.5400715,200.6563187,200.6508064,92.61069298,0,forward,-1.649500618,9.162299206,1,35,377,151,479,0.85101527,1
1,245.9116745,312.1812057,130.1701736,130.1701641,96.05383277,0,forward,-1.656592357,5.736406088,1,243,423,342,480,0.751236856,1
1,233.4132385,228.3351517,160.5567169,160.5566311,96.17265463,0,forward,5.133866901,-1.070582999,0,0,0,0,0,0,0
1,286.4990425,250.98068,187.0601463,187.0543098,85.59720516,1,forward,-9.668407991,-5.286724201,0,0,0,0,0,0,1
1,233.3181,351.5232182,145.086937,145.086565,85.02129912,0,forward,-2.673427914,1.081834641,0,0,0,0,0,0,0
1,243.9622307,283.9506912,133.4803581,133.4805965,96.0190475,0,forward,-1.670782245,6.858937716,1,239,404,340,479,0.802468717,1
1,233.2152939,282.4032497,153.0018997,153.0019569,95.32385468,0,forward,2.18539554,8.084174169,0,0,0,0,0,0,0
1,278.2976913,293.8942575,203.3633041,203.3523989,86.12673879,2,forward,-3.143874856,-5.277534465,0,0,0,0,0,0,0
1,233.0184555,238.0838013,155.6687546,155.6686306,83.75833035,0,forward,11.5251353,4.919557648,0,0,0,0,0,0,0
1,224.9619293,157.1076965,152.9258728,152.9259396,96.36380672,2,forward,-1.703148818,2.96831633,1,102,153,231,336,0.73426497,1
1,232.9664803,293.0017948,148.1510353,148.1508636,95.297575,0,forward,1.013141404,7.797298361,0,0,0,0,0,0,0
1,199.9347305,209.4420719,136.6815186,136.6814232,91.77263379,1,forward,-1.7186674,4.153181247,0,0,0,0,0,0,0
1,287.2163963,275.8436584,186.3798714,186.3740444,89.70165253,2,forward,-6.961572322,-5.262128143,0,0,0,0,0,0,0
1,232.8842735,291.560297,134.0186501,134.0187836,93.23793054,0,forward,4.542790363,9.695355466,0,0,0,0,0,0,0
1,268.7896919,266.6948223,201.0617638,201.0542393,92.14670062,2,forward,-0.082704573,-5.258685453,0,0,0,0,0,0,0
1,232.8218079,283.1306934,151.806221,151.8061638,94.45305467,0,forward,4.329724008,8.733266043,0,0,0,0,0,0,0
1,232.8086281,125.1268697,130.4684639,130.4683399,95.78731656,0,forward,10.06295685,-6.556005692,0,0,0,0,0,0,0
1,262.9066658,275.0770354,190.24683,190.2370834,93.45900416,2,forward,-0.576066441,-5.24806575,0,0,0,0,0,0,0
1,232.78368,228.3824444,150.0178337,150.0175667,95.15103102,0,forward,4.447256264,3.606218061,0,0,0,0,0,0,0
1,261.8013,261.0369706,190.1977539,190.1857281,84.50856805,2,forward,-1.838417278,-5.239016365,0,0,0,0,0,0,0
1,241.7328453,246.9273329,183.4840584,183.4739256,83.33157301,2,forward,-1.791121995,3.267067527,0,0,0,0,0,0,0
1,264.5110703,257.92099,198.7397766,198.733263,83.74810219,2,forward,-5.670845855,-5.23661718,0,0,0,0,0,0,0
1,232.7802849,282.5092793,151.0048866,151.0049629,94.63489056,0,forward,1.709771315,7.342179076,0,0,0,0,0,0,0
1,232.7423286,266.9020557,148.4680748,148.4679222,95.91684341,0,forward,4.521466826,7.480111627,0,0,0,0,0,0,0
1,232.5436592,226.5603161,154.5017433,154.5015049,95.13248205,0,forward,4.939646853,3.698211249,0,0,0,0,0,0,0
1,232.4612999,256.2157917,154.5510292,154.5510292,95.8319664,0,forward,2.703336623,8.455828735,0,0,0,0,0,0,0
1,232.4474525,301.9108486,154.7691917,154.7689819,94.23059225,0,forward,0.892895788,7.953637349,0,0,0,0,0,0,0
1,267.1523476,263.7133122,202.1742439,202.1676922,82.59745836,2,forward,-6.862976512,-5.236059846,0,0,0,0,0,0,0
1,257.3163605,258.0241132,198.4043503,198.3952045,90.32489061,1,forward,-5.605625586,-5.233437156,0,0,0,0,0,0,0
1,232.3770714,307.1555614,155.6254768,155.6252289,94.85774636,0,forward,-3.831680919,6.328767758,0,0,0,0,0,0,0
1,251.0885429,211.2203884,136.0112953,136.010685,87.01577783,0,forward,-2.789474885,-5.231770062,0,0,0,0,0,0,0
1,232.285099,266.4652348,145.3478432,145.3476334,96.17668986,0,forward,4.50513455,7.512872784,0,0,0,0,0,0,0
1,265.7685661,262.7098536,199.5920372,199.5871639,91.75286293,1,forward,-1.186155597,-5.224407349,0,0,0,0,0,0,0
1,265.7211304,255.2819729,193.4738541,193.4683514,92.32391119,2,forward,-2.185401678,-5.214163833,0,0,0,0,0,0,0
1,279.2052269,253.9000583,190.8434486,190.8379841,90.60655832,1,forward,-9.188316428,-5.211707665,0,0,0,0,0,0,1
1,232.2795677,265.243578,151.9960213,151.9959068,95.30861974,0,forward,3.752750591,7.658573402,0,0,0,0,0,0,0
1,232.2070122,266.3491344,147.957325,147.9571152,95.72554827,0,forward,4.294642273,7.23779735,0,0,0,0,0,0,0
1,270.4177284,275.0303054,186.9770622,186.969223,91.51206613,2,forward,-2.395137591,-5.211199441,0,0,0,0,0,0,0
1,287.3581886,254.6118855,182.911396,182.9067707,90.78065157,2,forward,-7.405009483,-5.201262318,0,0,0,0,0,0,0
1,232.1546745,263.4297466,148.0795097,148.0793953,96.38532996,0,forward,4.886420058,7.483162051,0,0,0,0,0,0,0
1,232.1269989,253.2709122,155.3866959,155.3865337,95.03653646,0,forward,3.383009774,8.7098406,0,0,0,0,0,0,0
1,232.1195984,301.3808727,155.9325027,155.9323883,95.21849155,0,forward,1.987090756,8.462710538,0,0,0,0,0,0,0
1,232.0792961,283.8726711,144.3797874,144.3798637,95.16455531,0,forward,-3.09437362,6.837704324,0,0,0,0,0,0,0
1,232.0694733,281.229372,151.3667297,151.3668251,94.0474987,0,forward,0.501857348,7.573339335,0,0,0,0,0,0,0
1,232.0117188,225.6358337,155.9270096,155.9267807,95.51486969,0,forward,4.910026999,0.252771873,0,0,0,0,0,0,0
1,265.9345818,241.0890794,185.5491066,185.5425453,88.87261748,2,forward,-5.911382227,-5.180984778,0,0,0,0,0,0,0
1,309.8212814,303.5320162,191.510582,191.5005398,89.94912505,2,forward,-6.877216335,-5.119848838,0,0,0,0,0,0,0
1,231.9462395,288.6921215,133.4969521,133.4972763,95.80440521,0,forward,5.852296937,8.011973178,0,0,0,0,0,0,0
1,308.4905243,305.2252674,191.3095093,191.3000679,89.25023079,2,forward,-5.724776094,-5.115786358,0,0,0,0,0,0,0
1,268.9454269,312.7070618,127.029686,127.0297909,88.03509474,0,down,-15,10,0,0,0,0,0,0,1
1,269.1878128,309.8990536,130.425148,130.4251099,69.20640469,0,down,-15,10,0,0,0,0,0,0,1
1,260.1066017,309.6505451,139.6657372,139.6660423,72.10182548,0,down,-15,10,0,0,0,0,0,0,1
1,260.722599,310.674448,127.1546745,127.1550179,74.21405315,0,down,-15,10,0,0,0,0,0,0,1
1,263.8368607,310.7056904,130.6038666,130.6040955,83.76976848,0,down,-15,10,0,0,0,0,0,0,1
1,409.3790054,295.9281063,148.7591934,148.759346,95.81922293,0,forward,-3.511949345,-5.084944866,0,0,0,0,0,0,0
1,302.8533936,300.9286594,128.3646774,128.3646584,72.20827937,0,down,-15,10,0,0,0,0,0,0,1
1,299.7807884,304.0959263,130.24683,130.2467537,70.23555636,0,down,-15,10,0,0,0,0,0,0,1
1,283.4120178,298.4679794,145.6602859,145.6602001,79.8738718,0,down,-15,10,0,0,0,0,0,0,1
1,287.1302795,307.5619984,141.9205475,141.9206429,82.8348577,0,down,-15,10,0,0,0,0,0,0,1
1,294.6940613,281.8299651,197.4127197,197.4032021,87.03085184,2,forward,-2.50276898,-5.067720328,0,0,0,0,0,0,0
1,267.5046921,246.2151838,188.0768204,188.070116,92.05520749,2,forward,-7.067579779,-5.061629869,0,0,0,0,0,0,0
1,231.7507362,290.3090572,151.3497353,151.3496017,95.00669837,0,forward,1.709810157,7.663038171,0,0,0,0,0,0,0
1,284.5450592,261.4342308,177.023735,177.0191002,89.50419426,0,forward,-8.849345174,-5.059461221,0,0,0,0,0,0,1
1,231.724205,201.0829067,120.0094986,120.0095558,87.73994446,0,forward,-9.648281749,2.607207478,0,0,0,0,0,0,0
1,269.9891853,254.8923039,186.067791,186.0622215,90.55432677,2,forward,-8.000361195,-5.049183223,0,0,0,0,0,0,1
1,288.4418297,312.0292282,132.5721931,132.5720501,87.68612742,1,left,5.724222703,-11.16795727,0,0,0,0,0,0,1
1,301.6622734,309.1714382,125.6554222,125.6554413,77.49323845,1,down,-15,10,0,0,0,0,0,0,1
1,311.4418411,310.4626179,118.1821823,118.1822777,80.05002141,1,down,-15,10,0,0,0,0,0,0,1
1,315.7730103,307.643652,120.9800339,120.9802437,79.69036698,1,down,-15,10,0,0,0,0,0,0,1
1,231.697979,260.2964115,149.4500923,149.4499969,96.05308771,0,forward,1.626457002,11.98996059,0,0,0,0,0,0,0
1,231.5960503,281.7922497,139.708271,139.7083282,94.46871281,0,forward,0.189678805,7.037289406,0,0,0,0,0,0,0
1,231.5422249,291.8173599,145.6749916,145.6747913,94.01080012,0,forward,0.199936181,7.185986618,0,0,0,0,0,0,0
1,259.1516113,250.9478497,197.9502106,197.9445076,90.76351523,2,forward,-1.793336494,-5.046617232,0,0,0,0,0,0,0
1,288.8034248,259.5409393,180.8274269,180.8233738,92.36518741,2,forward,-8.858472888,-5.02715562,0,0,0,0,0,0,1
1,256.4175987,309.0299892,119.7439003,119.7441673,74.34104681,1,down,-15,10,0,0,0,0,0,0,1
1,231.5062523,293.2820892,138.7697029,138.7698269,94.37760115,0,forward,-6.212972132,7.299155206,0,0,0,0,0,0,0
1,305.1313591,334.6575594,184.5092583,184.5011759,92.82625318,1,forward,-0.216635647,-5.021823572,0,0,0,0,0,0,0
1,231.4381027,253.0937576,155.0699615,155.0698185,95.48127651,0,forward,1.961484826,8.864788546,0,0,0,0,0,0,0
1,242.9310226,278.3136463,134.4602585,134.4604683,96.09354734,0,forward,-1.970572171,6.370822017,1,234,398,337,480,0.841323972,1
1,290.9321213,278.0904413,192.0134735,192.0039368,90.47943354,2,forward,-2.363888927,-5.005502496,0,0,0,0,0,0,0
1,269.1024971,251.1912346,183.5089684,183.5033798,93.34762692,2,forward,-3.153288382,-4.991391274,0,0,0,0,0,0,0
1,261.1689568,256.701448,196.1406517,196.1348534,86.01151109,2,forward,-1.06935579,-4.98367792,0,0,0,0,0,0,0
1,231.4134598,227.7955914,155.3339767,155.3338337,94.76828575,0,forward,5.964882096,2.946360428,0,0,0,0,0,0,0
1,231.3890076,177.84482,221.2897491,221.2506866,53.62795591,0,forward,15.4481762,11.4746372,0,0,0,0,0,0,0
1,231.2117958,280.2647495,137.7030754,137.7031517,93.98676157,0,forward,2.186511606,7.329411527,0,0,0,0,0,0,0
1,230.8628464,309.6564388,147.5117874,147.5115395,96.56637311,0,forward,-1.909003178,6.328882135,0,0,0,0,0,0,0
1,230.7839584,257.0320129,179.0267944,179.0174389,95.6944406,0,forward,-1.493566244,10.12220153,0,0,0,0,0,0,0
1,242.5587654,285.2194977,137.3573875,137.357626,95.98410726,0,forward,-2.004543585,7.411985744,1,232,422,336,479,0.782110751,1
1,230.7548141,248.75247,175.7288742,175.7195663,91.02365375,0,forward,1.856239033,10.06999105,0,0,0,0,0,0,0
1,230.6552315,307.2628498,164.4890022,164.4870186,93.2813406,0,forward,-7.715914416,1.207360262,0,0,0,0,0,0,0
1,230.6082153,288.86796,134.5412064,134.541378,95.05474567,0,forward,2.033925236,9.044705589,0,0,0,0,0,0,0
1,258.6647415,278.9539361,195.6694794,195.6568623,88.26249838,2,forward,-0.697807871,-4.982190725,0,0,0,0,0,0,0
1,276.8425941,251.7554497,184.2314339,184.2259026,90.28075337,1,forward,-8.611032548,-4.941488754,0,0,0,0,0,0,1
1,198.503437,222.7619076,174.1596031,174.155817,96.93074822,1,forward,-2.050290061,6.371243271,0,0,0,0,0,0,0
1,230.535183,265.916748,150.7849312,150.78475,95.91804147,0,forward,4.272560843,7.88501639,0,0,0,0,0,0,0
1,248.7075233,303.4913635,146.2213707,146.2213039,94.56045032,0,forward,-2.054100235,7.026914711,1,151,365,277,480,0.877642035,1
1,230.5099869,298.9760971,157.5686646,157.5685787,95.75141072,0,forward,-2.516992529,7.412245154,0,0,0,0,0,0,0
1,267.4897003,288.0291057,203.0459213,203.0340099,86.42338514,1,forward,-0.049909571,-4.928531456,0,0,0,0,0,0,0
1,230.4009056,290.7355785,135.9399986,135.9400177,93.9555943,0,forward,-1.180678071,7.470260744,0,0,0,0,0,0,0
1,246.3767242,265.6212616,201.4209747,201.4151287,94.79729533,0,forward,-2.069291387,8.928391004,1,52,388,164,478,0.730593622,1
1,230.2599144,288.6962986,143.1519127,143.1519127,95.22092938,0,forward,4.523229632,9.891887092,0,0,0,0,0,0,0
1,318.7550926,302.3123717,184.3136406,184.3075275,84.09228921,2,forward,-7.813609421,-4.902173772,0,0,0,0,0,0,0
1,230.2503777,263.1767178,151.3125038,151.312294,96.13803625,0,forward,4.681709089,7.597702373,0,0,0,0,0,0,0
1,230.1201248,247.5176239,202.8384018,202.8265285,83.08205605,0,forward,-3.691334372,12.19219513,0,0,0,0,0,0,0
1,246.1239815,281.8130779,124.8710823,124.8713493,96.43259645,0,forward,-2.109351806,6.769611476,1,242,398,339,478,0.828958333,1
1,174.0562057,220.9390354,173.1140518,173.1099987,96.3252306,2,forward,-2.118734303,6.550901757,0,0,0,0,0,0,0
1,230.0973701,170.9197998,152.1497917,152.1496582,93.10170412,0,forward,3.537372862,0.65779016,0,0,0,0,0,0,0
1,257.9266548,280.6356239,202.5213432,202.5085831,90.17943144,2,forward,-0.615427305,-4.888535561,0,0,0,0,0,0,0
1,230.0826073,235.4065419,148.9865685,148.9866257,91.74072146,0,forward,6.525582912,-1.929717127,0,0,0,0,0,0,0
1,255.9610939,230.531702,148.7039757,148.7040138,95.79142332,0,left,8.726603222,-16.22622463,0,0,0,0,0,0,1
1,257.5062943,235.1524544,141.3255692,141.325779,95.31350136,0,left,11.11793998,-14.86538767,0,0,0,0,0,0,1
1,250.3876305,228.8632965,141.4737129,141.4738083,95.5072403,0,left,11.7078733,-15.60912907,0,0,0,0,0,0,1
1,246.2968254,228.4813499,140.7219887,140.7219601,96.0790813,0,left,9.095057595,-12.20102384,0,0,0,0,0,0,1
1,229.9024963,267.8539753,149.6709442,149.6707535,95.7271874,0,forward,4.622935055,7.061121099,0,0,0,0,0,0,0
1,229.7584534,283.5514355,130.8409882,130.8411598,94.66992021,0,forward,0.671517227,7.793089833,0,0,0,0,0,0,0
1,229.7569656,235.104289,128.9875031,128.9876032,92.8632319,0,forward,9.833104549,1.549808937,0,0,0,0,0,0,0
1,229.7092056,262.2127247,149.0102768,149.0100861,95.63767314,0,forward,6.603502052,7.849704139,0,0,0,0,0,0,0
1,229.5868874,288.4648132,146.7637444,146.7636395,94.06759143,0,forward,1.86951358,7.507635477,0,0,0,0,0,0,0
1,229.5690346,215.2242279,107.8798485,107.8798199,94.23959851,0,forward,-0.361163647,1.372520477,0,0,0,0,0,0,0
1,229.5306206,343.6372375,147.5335121,147.5325394,85.07789969,0,forward,-4.59708489,3.95171726,0,0,0,0,0,0,0
1,229.4174957,224.0838146,148.8727951,148.8725281,96.41664624,0,forward,6.40340164,4.933083295,0,0,0,0,0,0,0
1,250.8993912,318.9580536,122.1311951,122.1312046,95.03014088,0,forward,-2.172541835,6.108953113,1,227,412,337,480,0.661388457,1
1,229.3815041,292.0137119,136.497097,136.4970589,93.50406528,0,forward,-0.707995981,7.206232269,0,0,0,0,0,0,0
1,257.7127075,269.6718263,176.8618774,176.8531179,88.40532303,1,forward,-0.478534305,-4.887579332,0,0,0,0,0,0,0
1,251.2970734,239.4411874,186.9583893,186.9528008,81.96081519,1,forward,-2.189106671,2.049332331,0,0,0,0,0,0,0
1,229.3755913,166.5695858,148.7732124,148.7731647,93.90878677,0,forward,0.252000056,2.231812704,0,0,0,0,0,0,0
1,260.506134,240.1004958,133.0542374,133.0542755,91.03309512,2,forward,-0.166549464,-4.884534909,0,0,0,0,0,0,0
1,229.3445396,227.1948338,148.8419533,148.8416862,96.13958001,0,forward,3.722432859,4.11581321,0,0,0,0,0,0,0
1,229.2940712,264.6506023,149.712162,149.7120094,95.28993964,0,forward,4.089254096,9.454095757,0,0,0,0,0,0,0
1,292.7962303,272.7141595,190.104847,190.0954056,90.92165232,2,forward,-7.929840782,-4.872024647,0,0,0,0,0,0,0
1,242.4945641,282.6082706,139.6924782,139.6927071,94.85121369,0,forward,-2.248712747,5.968685124,1,222,402,329,480,0.651664317,1
1,278.7012672,282.7926516,196.0363197,196.0268497,87.79223561,2,forward,-2.659683412,-4.861340889,0,0,0,0,0,0,0
1,278.2854652,282.3998236,195.5956841,195.5871391,94.22829747,2,forward,-1.076436607,-4.843423213,0,0,0,0,0,0,0
1,288.4764671,281.3100981,183.3663368,183.361845,93.97844672,2,forward,-3.199889019,-4.836749577,0,0,0,0,0,0,0
1,261.4580917,291.5179693,190.2824783,190.2746773,91.08456373,1,forward,-1.881911372,-4.822401086,0,0,0,0,0,0,0
1,281.562767,274.0676665,194.8113251,194.8053932,92.1728313,2,forward,-2.623787598,-4.816186116,0,0,0,0,0,0,0
1,294.8523331,266.6248298,181.8117905,181.8073082,91.52910709,2,forward,-2.492208612,-4.814087909,0,0,0,0,0,0,0
1,229.2163277,210.5578423,113.3060646,113.3062649,94.09675598,0,forward,2.971013652,14.13997481,0,0,0,0,0,0,1
1,253.9512062,232.3691583,133.0029488,133.0030346,90.75788856,2,forward,-2.308577381,2.528110518,0,0,0,0,0,0,0
1,229.1172981,257.3198605,148.8159752,148.8158798,96.28149271,0,forward,3.56779028,7.60272976,0,0,0,0,0,0,0
1,228.8637543,300.5385876,149.1595078,149.1593742,95.72989941,0,forward,-1.912608899,6.715048313,0,0,0,0,0,0,0
1,252.0078278,237.8900457,143.4402084,143.4402752,88.95670772,2,forward,-1.060128077,-4.810498266,0,0,0,0,0,0,0
1,308.4649467,291.3153529,208.5433388,208.5306072,72.55273461,1,forward,-2.049164529,-4.80537159,0,0,0,0,0,0,0
1,228.6674309,265.655365,152.6111031,152.6108837,94.62007284,0,forward,4.146645716,7.028319077,0,0,0,0,0,0,0
1,228.6656189,230.339253,125.831337,125.8315945,92.51883626,0,forward,9.362224536,10.74172333,0,0,0,0,0,0,0
1,268.6305809,274.9656796,186.3320351,186.3229179,92.00249314,2,forward,-1.826359456,-4.802730195,0,0,0,0,0,0,0
1,228.6553574,294.4398594,150.226593,150.2265358,95.36569715,0,forward,0.826423258,7.771089602,0,0,0,0,0,0,0
1,228.5373688,215.5746746,116.5148926,116.5149879,94.00746822,0,forward,0.752400456,3.116712044,0,0,0,0,0,0,0
1,294.2477608,282.277298,198.0733681,198.0643272,92.62709618,2,forward,-1.450458853,-4.795861883,0,0,0,0,0,0,0
1,228.5184288,348.0393505,148.7971306,148.7965107,83.15864801,0,forward,-7.023912978,3.929718119,0,0,0,0,0,0,0
1,306.9176483,278.6114883,188.8388443,188.8275719,80.48819304,2,forward,-9.479370847,-4.779001203,0,0,0,0,0,0,1
1,308.4036636,297.6585769,189.1020584,189.0917015,85.62368155,2,forward,-4.876636359,-4.7713933,0,0,0,0,0,0,0
1,297.569313,278.3498835,185.4382706,185.4306507,76.34783387,1,forward,-9.073315798,-4.729177815,0,0,0,0,0,0,1
1,243.1204033,261.0260296,185.6178474,185.6073761,84.29495096,1,forward,-2.394643902,11.49480257,0,0,0,0,0,0,0
1,281.3042259,252.7781677,190.2934074,190.2879238,86.17578149,1,forward,-7.846139815,-4.727263674,0,0,0,0,0,0,0
1,298.6707115,279.5419407,188.9691353,188.9590073,89.91529346,2,forward,-2.237442129,-4.726828993,0,0,0,0,0,0,0
1,228.5039711,243.5917568,193.09412,193.0838013,91.11890793,0,forward,0.418551203,12.60700858,0,0,0,0,0,0,0
1,256.8769264,265.869801,192.4450493,192.4338627,90.15750885,2,forward,-2.877077722,-4.70360957,0,0,0,0,0,0,0
1,228.493557,257.6441288,152.0148659,152.0146751,95.71633339,0,forward,3.873930105,7.609943266,0,0,0,0,0,0,0
1,228.3189201,272.9878521,161.7438698,161.7437553,94.94112134,0,forward,4.208376142,11.61803528,0,0,0,0,0,0,0
1,242.1316338,281.8453217,138.5555077,138.5557652,95.67332268,0,forward,-2.421202946,6.651081621,1,232,422,331,479,0.801130295,1
1,228.3048248,288.8559437,136.7578888,136.7580986,93.67086291,0,forward,3.743099373,8.268287737,0,0,0,0,0,0,0
1,228.2350349,263.7847137,188.3324623,188.3219433,93.89862418,0,forward,2.694937809,8.890667229,0,0,0,0,0,0,0
1,298.356514,286.4632201,195.4866409,195.4753876,88.38684559,1,forward,-1.368718913,-4.689174733,0,0,0,0,0,0,0
1,228.1369591,254.7748661,183.0133247,183.0035591,95.46861649,0,forward,-2.420616891,9.669824548,0,0,0,0,0,0,0
1,228.1268692,155.9551835,183.3890152,183.3783531,90.40000439,0,forward,-6.084192166,1.503816441,0,0,0,0,0,0,0
1,228.0370903,225.7855511,150.1987267,150.1984119,96.39166594,0,forward,2.788718785,3.878961099,0,0,0,0,0,0,0
1,292.2358131,290.5676722,189.5575142,189.5515251,91.52487516,2,forward,-2.425849352,-4.685666171,0,0,0,0,0,0,0
1,250.3787422,278.567276,122.2049904,122.2048473,95.4017818,0,forward,-2.488665328,7.29450381,1,240,378,340,477,0.802003264,1
1,220.2942467,220.4355526,148.4604454,148.4603691,96.9201982,0,right,13.11298039,16.63337861,0,0,0,0,0,0,1
1,227.953968,282.0338058,141.8504906,141.8505192,92.99885035,0,forward,-1.565213954,7.021613409,0,0,0,0,0,0,0
1,281.2125206,293.7885904,195.7283974,195.718646,87.95866966,2,forward,-0.279774426,-4.662267765,0,0,0,0,0,0,0
1,259.2020798,238.1944394,132.4838257,132.483902,90.04472494,2,forward,-0.737165545,-4.658032831,0,0,0,0,0,0,0
1,300.4879951,299.7998046,193.9012718,193.8906384,84.93378758,1,forward,-4.441005874,-4.647797297,0,0,0,0,0,0,0
1,227.9057884,114.3204236,128.654232,128.6542797,96.09117508,0,forward,8.134058893,-5.161310642,0,0,0,0,0,0,0
1,227.8879929,215.4496765,118.5494232,118.54949,94.42160726,0,forward,0.404410226,10.24138978,0,0,0,0,0,0,0
1,318.9201927,307.5305819,189.4186974,189.4132233,87.01568842,2,forward,-6.122260796,-4.629518612,0,0,0,0,0,0,0
1,255.4258156,244.0042186,143.3533287,143.3533573,89.17691112,2,forward,-1.065785886,-4.603741048,0,0,0,0,0,0,0
1,227.8574371,272.620039,134.0880585,134.0879059,95.36197782,0,forward,0.847445054,11.39032779,0,0,0,0,0,0,0
1,277.0488167,283.9823556,197.3820686,197.3721886,88.50296736,2,forward,-1.387370671,-4.586830994,0,0,0,0,0,0,0
1,227.8570175,223.9235973,150.1899719,150.1897144,96.52578235,0,forward,6.29329833,4.978985504,0,0,0,0,0,0,0
1,250.5609322,321.4013958,122.9554558,122.9554367,94.01360154,0,forward,-2.518019924,5.378050846,1,229,420,336,479,0.686967731,1
1,227.8146553,121.6688371,138.9323235,138.9320755,96.46753073,0,forward,8.455925244,-4.308564487,0,0,0,0,0,0,0
1,244.8046112,285.6612682,132.6828003,132.6830292,96.26609087,0,forward,-2.54024838,6.77094138,1,243,413,347,480,0.676584482,1
1,143.0889416,224.0717411,170.7313156,170.7311153,95.51990628,1,forward,-2.546041137,6.189416753,0,0,0,0,0,0,0
1,227.4629974,251.5306091,158.1998825,158.1998348,94.08245683,0,forward,4.042822476,12.78206865,0,0,0,0,0,0,0
1,227.4388123,252.4110889,182.6570129,182.6471329,95.19120455,0,forward,-2.066163279,9.623726551,0,0,0,0,0,0,0
1,227.4046135,288.8845539,139.0076256,139.0077782,94.95201707,0,forward,-1.989560309,8.519081195,0,0,0,0,0,0,0
1,227.303009,251.8854046,154.521904,154.5217896,93.11986566,0,forward,3.154708058,8.334708126,0,0,0,0,0,0,0
1,227.2553062,267.2502422,155.4937553,155.4935074,96.78709507,0,forward,-0.620594742,7.604635363,0,0,0,0,0,0,0
1,227.2344398,241.4362049,195.4142189,195.4037476,91.02191329,0,forward,0.861666749,13.08960285,0,0,0,0,0,0,1
1,227.2092056,243.5799694,194.5832062,194.572506,88.35873604,0,forward,0.75206709,12.87023413,0,0,0,0,0,0,0
1,227.149353,255.725441,152.611618,152.6115131,96.62364721,0,forward,3.144382232,7.609228985,0,0,0,0,0,0,0
1,249.168644,321.2165165,125.5581856,125.5580521,95.7418859,0,forward,-2.620837983,5.667768589,1,230,425,341,478,0.664899409,1
1,227.0357513,223.6871052,148.2976151,148.2973766,96.3807106,0,forward,5.276489577,4.096600486,0,0,0,0,0,0,0
1,273.1999207,296.3690675,210.2324677,210.2207708,80.42557836,2,forward,-4.000309459,-4.5618994,0,0,0,0,0,0,0
1,226.9916725,291.4124393,138.8206673,138.8207245,93.82701516,0,forward,-2.296428589,6.814649725,0,0,0,0,0,0,0
1,226.6706085,251.1587048,145.3644562,145.3645134,95.38959861,0,forward,5.138832674,7.220733717,0,0,0,0,0,0,0
1,258.279686,258.9019489,139.1783905,139.1784954,89.86546993,1,forward,-2.64123634,8.902312737,0,0,0,0,0,0,0
1,287.1468353,276.8488192,196.8584824,196.8490505,92.2717452,1,forward,-2.973581103,-4.557242062,0,0,0,0,0,0,0
1,246.4842415,280.9773731,125.9438133,125.9438896,94.26810145,0,forward,-2.645065896,6.637696457,1,239,375,341,474,0.81372869,1
1,226.6146088,275.705452,130.8839798,130.8838749,96.33021951,0,forward,3.63624079,8.220005949,0,0,0,0,0,0,0
1,226.6102791,287.1958923,144.1545677,144.1546154,94.91892457,0,forward,2.115803741,8.725121771,0,0,0,0,0,0,0
1,226.5777016,248.0250263,151.5248299,151.5246391,91.93639755,0,forward,8.380220776,7.131751815,0,0,0,0,0,0,0
1,273.0909157,275.6462169,199.6883965,199.6794605,92.27347374,2,forward,-2.494071973,-4.556604358,0,0,0,0,0,0,0
1,290.7555771,277.4663043,200.2758408,200.2658558,91.83673263,2,forward,-1.401884313,-4.556444249,0,0,0,0,0,0,0
1,226.4731216,253.209343,184.3823624,184.3727016,95.43712139,0,forward,-2.4070661,9.711545682,0,0,0,0,0,0,0
1,287.7032852,266.5601611,187.3171997,187.3122597,91.53577089,1,forward,-4.299622609,-4.549076733,0,0,0,0,0,0,0
1,226.4369774,248.5915375,183.1156349,183.1056118,96.00550532,0,forward,-0.999460602,9.168230091,0,0,0,0,0,0,0
1,277.251358,284.1102957,198.3046722,198.294096,81.00322485,2,forward,-5.0750341,-4.538641247,0,0,0,0,0,0,0
1,230.300293,172.0235538,154.9972534,154.9970913,92.48616695,1,forward,-2.676967195,3.30118369,1,92,192,222,362,0.796861172,1
1,226.3724709,277.2959232,147.463398,147.4633598,93.48264337,0,forward,1.178757764,6.885182652,0,0,0,0,0,0,0
1,226.2985992,270.017767,165.2207184,165.2205276,94.86907125,0,forward,5.198957617,13.129924,0,0,0,0,0,0,1
1,291.7342949,309.0203881,192.7775002,192.7671432,86.00380421,0,forward,-1.720694471,-4.528206141,0,0,0,0,0,0,0
1,238.5213089,285.5416489,134.3225098,134.3227673,96.38088942,0,forward,-2.730521928,6.945315218,1,229,438,338,480,0.696316361,1
1,283.8746452,277.3094487,200.7050133,200.6931782,81.3619554,2,forward,-5.831951988,-4.511306446,0,0,0,0,0,0,0
1,225.9996033,264.9072933,146.782074,146.7819214,95.91575861,0,forward,6.426257659,13.12324413,0,0,0,0,0,0,1
1,225.9776115,278.2056427,149.012661,149.0127468,94.21842098,0,forward,0.425503311,9.935877985,0,0,0,0,0,0,0
1,280.7414055,255.3168035,181.392498,181.3872242,90.75898528,1,forward,-7.825387279,-4.511011813,0,0,0,0,0,0,0
1,226.2422562,170.7791519,156.2729645,156.2728214,91.71980619,1,forward,-2.776051811,3.456649629,1,93,191,222,357,0.81982857,1
1,225.8614922,290.0756836,165.9129906,165.9128094,95.04122138,0,forward,-9.987390813,7.252990518,0,0,0,0,0,0,0
1,239.7283745,262.7735424,204.8482323,204.8388863,92.94868112,0,forward,-2.779094576,9.927415499,1,33,381,148,478,0.831988215,1
1,225.6832123,243.10112,196.2335587,196.2230587,88.40722442,0,forward,-0.296440235,13.02245021,0,0,0,0,0,0,1
1,225.6520462,263.9428997,166.6942978,166.6941833,96.70293331,0,forward,7.287486882,12.83010403,0,0,0,0,0,0,0
1,225.6495857,289.8531818,132.0180702,132.0181274,92.71854162,0,forward,5.79601647,10.71514892,0,0,0,0,0,0,0
1,225.626297,272.9404163,153.6075974,153.6076927,93.68152022,0,forward,1.009228982,10.87168709,0,0,0,0,0,0,0
1,225.6184387,263.0534649,156.1514282,156.1511421,96.21317387,0,forward,0.995033204,7.765889445,0,0,0,0,0,0,0
1,225.500927,253.1259441,200.6597328,200.6493187,93.44700575,0,forward,-3.224340038,9.997932646,0,0,0,0,0,0,0
1,225.411911,265.4421329,161.0230637,161.0227203,95.36480904,0,forward,-5.931079854,6.971487686,0,0,0,0,0,0,0
1,225.2249718,265.445509,159.5646095,159.5642853,97.02267051,0,forward,-0.947697846,7.444636007,0,0,0,0,0,0,0
1,250.4352951,255.9406042,176.871109,176.8655062,88.37524056,1,forward,-6.995807618,-4.498161001,0,0,0,0,0,0,0
1,225.1932335,263.7243176,157.2194099,157.2191048,95.41144967,0,forward,0.634285807,7.274480151,0,0,0,0,0,0,0
1,257.0113373,237.6644922,138.2505417,138.2506371,92.56178737,2,forward,-0.31727156,-4.477654098,0,0,0,0,0,0,0
1,225.0869942,251.9611645,156.7405891,156.7404556,94.87235546,0,forward,5.175810082,7.810052193,0,0,0,0,0,0,0
1,225.0082588,244.7773361,152.3892021,152.3890972,88.35571408,0,forward,8.311078846,7.455381112,0,0,0,0,0,0,0
1,261.785984,263.2547402,190.0576591,190.0492859,90.99462628,1,forward,-4.708717287,-4.473172912,0,0,0,0,0,0,0
1,224.9517632,226.0313702,152.7227211,152.722435,95.89492679,0,forward,5.941127016,4.326844347,0,0,0,0,0,0,0
1,279.9705124,276.1250758,187.3316193,187.3230457,92.0582056,2,forward,-5.327946071,-4.470179972,0,0,0,0,0,0,0
1,307.9311371,289.6308398,192.4649429,192.4538612,86.99348569,2,forward,-4.588536479,-4.463509675,0,0,0,0,0,0,0
1,224.7895622,246.4631367,150.0946617,150.0946426,92.75570512,0,forward,3.390441316,6.634561836,0,0,0,0,0,0,0
1,224.731617,171.251936,158.9704323,158.9704227,95.25386691,0,forward,2.535411066,2.114396349,0,0,0,0,0,0,0
1,224.6822357,249.9205112,185.7687759,185.7583809,94.38626766,0,forward,-2.107469689,10.17502574,0,0,0,0,0,0,0
1,262.5515938,256.2970042,195.5262184,195.5207634,88.40212226,2,forward,-1.956615009,-4.453688439,0,0,0,0,0,0,0
1,242.1927834,279.8585129,131.9039345,131.9041729,94.15037036,0,forward,-2.913457602,7.189370958,1,242,384,341,473,0.856665373,1
1,224.5157242,274.8276901,154.1542053,154.1541195,95.5042243,0,forward,0.364099338,0.858270786,0,0,0,0,0,0,0
1,278.5033989,290.0823593,193.5523796,193.5420513,85.34688354,2,forward,-6.122115424,-4.44439239,0,0,0,0,0,0,0
1,269.7422409,251.2841797,185.8388901,185.8325386,88.39409947,2,forward,-6.816771901,-4.439848397,0,0,0,0,0,0,0
1,224.3823433,170.5440044,156.3305092,156.330471,92.70983934,0,forward,1.333056001,1.374238476,0,0,0,0,0,0,0
1,280.813694,273.6719584,186.8281746,186.8224525,90.62193632,2,forward,-3.53943477,-4.426741836,0,0,0,0,0,0,0
1,224.370079,280.5348873,143.7115479,143.7115288,92.70952344,0,forward,-0.58955465,8.741281245,0,0,0,0,0,0,0
1,202.9497337,227.8670025,184.0688896,184.0611649,96.56265974,1,forward,-2.95686602,6.806287704,0,0,0,0,0,0,0
1,224.187088,249.7327709,183.557663,183.5473251,94.65118647,0,forward,-1.901359335,9.413237927,0,0,0,0,0,0,0
1,224.1565514,295.3738689,158.4079933,158.4078598,95.85669041,0,forward,-1.606419992,7.52515836,0,0,0,0,0,0,0
1,266.3939667,255.4332519,196.9419479,196.9349384,87.43319511,1,forward,-0.100141347,-4.406585863,0,0,0,0,0,0,0
1,224.1481018,114.8676324,130.5558777,130.5558872,95.90941668,0,forward,9.667303872,-5.056346964,0,0,0,0,0,0,0
1,299.6084976,274.3179488,176.3185883,176.3145161,87.17389703,2,forward,-9.930150101,-4.363374503,0,0,0,0,0,0,1
1,224.1073418,248.5644436,149.8647118,149.8647022,93.18446517,0,forward,8.325437972,7.902803524,0,0,0,0,0,0,0
1,224.0141869,257.5833035,156.3062096,156.3061523,96.96244597,0,forward,3.757221017,7.647492044,0,0,0,0,0,0,0
1,224.0109825,171.9976902,161.4880943,161.4879799,93.56903434,0,forward,2.412810605,1.42151654,0,0,0,0,0,0,0
1,276.5673447,281.1138749,199.3204117,199.3113899,93.551898,2,forward,-1.015824674,-4.328915448,0,0,0,0,0,0,0
1,223.9290428,252.1490765,158.5095406,158.5094833,95.99298239,0,forward,7.778010596,8.290557383,0,0,0,0,0,0,0
1,223.2024574,266.6419315,141.7419243,141.7418289,96.02101445,0,forward,2.474314108,10.6594377,0,0,0,0,0,0,0
1,223.069191,282.2453785,133.9522552,133.9524651,96.88841701,0,forward,6.834892605,14.60441053,0,0,0,0,0,0,1
1,222.9246521,216.488924,121.5280151,121.5279579,90.83347917,0,forward,7.152659725,-0.241918486,0,0,0,0,0,0,0
1,241.6214371,281.9145298,136.1778641,136.1782265,95.71393132,0,forward,-3.02363154,6.837378848,1,233,426,336,479,0.789949656,1
1,197.2962189,228.3021069,181.7090988,181.7008209,95.15882134,1,forward,-3.02763133,6.358239186,0,0,0,0,0,0,0
1,312.9213142,298.7970233,183.0447197,183.0356884,88.49418163,2,forward,-5.594081031,-4.327847285,0,0,0,0,0,0,0
1,222.8627968,270.7927322,167.5706673,167.5673962,96.07179761,0,forward,6.294043497,14.13762722,0,0,0,0,0,0,1
1,266.7329979,249.1714096,192.8939247,192.886591,85.78091264,2,forward,-4.789574637,-4.319230973,0,0,0,0,0,0,0
1,287.453804,281.8514633,187.6277924,187.6220226,91.17677808,2,forward,-3.907436665,-4.318580162,0,0,0,0,0,0,0
1,245.9318161,260.9820056,203.6433029,203.6300755,87.43377328,2,forward,-6.614403931,-4.302691693,0,0,0,0,0,0,0
1,318.8951111,318.5535264,184.1278458,184.1170692,90.17044902,2,forward,-5.489892666,-4.280908505,0,0,0,0,0,0,0
1,222.6410866,252.8567219,182.224102,182.2154045,95.58475614,0,forward,-1.89570623,10.77942933,0,0,0,0,0,0,0
1,222.5979233,232.4141646,141.3672638,141.3672209,90.08406997,0,forward,9.80618874,3.732320158,0,0,0,0,0,0,0
1,222.4233246,250.6664944,187.9364014,187.9275513,95.37439346,0,forward,-3.580561333,10.57564238,0,0,0,0,0,0,0
1,221.8324661,244.7133923,153.8075638,153.8073921,93.56147051,0,forward,8.27569214,6.557226732,0,0,0,0,0,0,0
1,291.6897011,289.504602,196.3601494,196.3506889,91.98432565,2,forward,-0.5609532,-4.231036606,0,0,0,0,0,0,0
1,221.7551422,248.7792206,153.3301544,153.3301449,91.53293371,0,forward,9.321256985,6.629431591,0,0,0,0,0,0,0
1,221.4583588,291.1857319,132.9324341,132.9327965,93.82187128,0,forward,5.164466675,9.181058803,0,0,0,0,0,0,0
1,221.4456177,260.1058674,161.2906265,161.2903404,96.35306001,0,forward,0.225532045,6.863369162,0,0,0,0,0,0,0
1,221.4003754,253.4204865,154.7800827,154.7801685,97.49361277,0,forward,13.34922544,14.92625409,0,0,0,0,0,0,1
1,250.0690842,224.1601181,137.1792221,137.179184,96.08845711,0,right,10.72462434,16.33112772,0,0,0,0,0,0,1
1,221.3767052,112.421248,130.3320122,130.3319263,95.57895064,0,forward,11.67117051,-5.765622976,0,0,0,0,0,0,0
1,236.8683052,227.1259117,127.5868416,127.5870037,95.35209537,0,right,18.55666673,15.12899351,1,220,333,355,479,0.89759022,1
1,244.8431587,225.3243828,125.0898933,125.0900745,96.18340731,0,right,16.73704319,18.82698484,1,233,337,362,480,0.879918873,1
1,250.8981323,226.3181305,139.1865158,139.1864491,96.93008661,0,right,11.80915668,16.86163952,1,245,368,374,480,0.696690738,1
1,282.8662109,276.1160636,198.3763504,198.3669662,89.37515616,1,forward,-1.781486662,-4.219022168,0,0,0,0,0,0,0
1,232.5639343,259.0155649,188.5171127,188.5052633,92.82187223,1,forward,-1.852414033,-4.130035768,0,0,0,0,0,0,0
1,222.7747917,200.3127575,121.2550926,121.2552452,86.11868024,1,forward,-3.149148272,7.128209996,0,0,0,0,0,0,0
1,221.3632202,264.8676682,161.1372757,161.136961,96.30636573,0,forward,-0.920812608,6.807272995,0,0,0,0,0,0,0
1,277.2373772,284.2939759,195.8408546,195.8308697,89.6178782,2,forward,-2.942394784,-4.129843327,0,0,0,0,0,0,0
1,295.7332611,271.116612,185.2490234,185.2413368,92.18918085,2,forward,-3.705493634,-4.121067128,0,0,0,0,0,0,0
1,221.2541389,224.9472188,125.4826927,125.4827929,89.33699727,0,forward,10.37858176,1.901155366,0,0,0,0,0,0,0
1,221.2137222,268.8850021,144.6192169,144.6191311,96.48960233,0,forward,1.683453444,9.683321147,0,0,0,0,0,0,0
1,287.6436806,292.298615,205.5821037,205.5672169,83.1035018,1,forward,-1.528904927,-4.111073985,0,0,0,0,0,0,0
1,225.8052254,175.3370476,153.5551262,153.5550785,94.77201104,1,forward,-3.194357048,4.750920457,1,94,191,223,361,0.749551892,1
1,280.6248474,291.9123483,194.3722534,194.3620491,88.46106529,2,forward,-5.007269073,-4.094644405,0,0,0,0,0,0,0
1,264.9494553,243.0963135,141.1701965,141.1705399,96.93259597,0,left,2.952846678,-11.45469683,0,0,0,0,0,0,1
1,264.6822357,244.284296,139.8088455,139.8090649,96.08629346,0,left,1.005906936,-10.09670784,0,0,0,0,0,0,1
1,220.991478,262.7675915,165.4746246,165.4743004,95.90470195,0,forward,-1.954190959,7.021170803,0,0,0,0,0,0,0
1,268.8887024,257.2932553,196.9776917,196.9721317,91.70207977,2,forward,-4.193290956,-4.080739206,0,0,0,0,0,0,0
1,220.9321022,265.3287792,159.119091,159.1189384,97.21469879,0,forward,9.697578539,14.51870575,0,0,0,0,0,0,1
1,220.8807373,245.3737736,151.5278244,151.5278435,93.56021285,0,forward,8.815499656,6.245513513,0,0,0,0,0,0,0
1,220.8111763,241.2229443,166.0354424,166.032486,95.76168656,0,forward,-1.047685357,10.89172214,0,0,0,0,0,0,0
0,0,0,0,0,0,0,forward,-3.226380902,6.101297957,0,0,0,0,0,0,1
1,167.8209114,227.1694851,164.7733879,164.7732639,97.30837941,1,forward,-3.236855381,7.031490741,0,0,0,0,0,0,0
1,220.5337906,253.3964539,148.3742142,148.3747387,97.40582108,0,forward,15.8086772,14.3094903,0,0,0,0,0,0,1
1,220.5144119,266.0700703,155.8103561,155.8098793,96.27097249,0,forward,-1.218399073,6.52952997,0,0,0,0,0,0,0
1,256.9992828,235.1892113,134.267807,134.2679214,91.4347291,2,forward,-1.004623291,-4.074373503,0,0,0,0,0,0,0
1,220.4797745,263.5889053,169.6475983,169.6442127,95.55445313,0,forward,-0.274801028,10.56371648,0,0,0,0,0,0,0
1,293.6320877,305.3090739,133.7828827,133.782692,87.91317344,2,forward,-4.90515699,-4.066207962,0,0,0,0,0,0,0
1,198.6609459,228.6393356,179.325695,179.3181896,96.56003714,1,forward,-3.293479304,6.602082708,0,0,0,0,0,0,0
1,220.3022575,280.7339001,169.8144341,169.8108673,94.14250851,0,forward,-7.118594722,8.618136217,0,0,0,0,0,0,0
1,220.2548409,231.3303972,128.8132286,128.8133669,90.60454369,0,forward,10.99907668,10.68019741,0,0,0,0,0,0,0
1,219.704628,241.2628841,157.4272919,157.4270439,86.84171438,0,forward,10.24060445,5.922109714,0,0,0,0,0,0,0
1,290.2547646,271.1024261,183.107357,183.1022072,91.39606953,2,forward,-0.899513241,-4.06100621,0,0,0,0,0,0,0
1,219.6251869,265.9214115,156.8220711,156.8216515,95.42444944,0,forward,-2.628968145,5.883348413,0,0,0,0,0,0,0
1,298.6234665,269.0547943,181.7512512,181.7408752,91.20538235,0,forward,-2.324863428,-4.053555472,0,0,0,0,0,0,0
1,219.4110298,245.0303364,153.4732628,153.4731674,92.1613574,0,forward,9.23451119,7.719392871,0,0,0,0,0,0,0
1,299.6855927,297.6046849,194.6130371,194.6024323,86.55852079,2,forward,-4.892652423,-4.026564111,0,0,0,0,0,0,0
1,236.9302177,172.1014595,156.4206123,156.4204216,87.43319511,0,left,2.831491585,-13.29471088,0,0,0,0,0,0,1
1,239.3399048,172.6648808,158.9395523,158.9394379,85.17768979,0,left,5.296277458,-13.6149014,0,0,0,0,0,0,1
1,241.0647011,173.5427284,155.9878349,155.9876347,85.31814218,0,left,3.310006202,-13.22694456,0,0,0,0,0,0,1
1,239.0920067,173.9330864,156.3632011,156.3629723,86.88477874,0,left,4.52918371,-13.32682498,0,0,0,0,0,0,1
1,237.2214699,181.2011433,157.2392464,157.2391319,88.64117265,0,left,1.286017511,-11.84564771,0,0,0,0,0,0,1
1,219.2252159,169.5564365,157.1355247,157.1353912,93.6059773,0,forward,0.971869318,2.189570703,0,0,0,0,0,0,0
1,219.088192,171.9683361,155.2837181,155.2836227,94.77021098,0,forward,-1.440189308,3.349158999,0,0,0,0,0,0,0
1,298.2210922,305.669558,203.764267,203.7493515,83.95716548,2,forward,-3.834357111,-4.013278572,0,0,0,0,0,0,0
1,294.0813255,281.2930321,192.7127647,192.7033424,88.13856244,2,forward,-2.260169742,-4.013174233,0,0,0,0,0,0,0
1,205.4234886,196.0387802,166.545887,166.5413189,91.30259156,0,down,-10.14453326,5.599656595,0,0,0,0,0,0,1
1,249.77005,324.652319,123.6193466,123.6193085,94.52866316,0,forward,-3.372141116,5.518111912,1,226,427,337,479,0.753844082,1
1,206.5377235,238.4091282,181.932354,181.9279289,96.56373858,1,forward,-3.375296523,6.370595531,0,0,0,0,0,0,0
1,283.1460571,274.6565938,201.1782074,201.1675358,89.57362771,2,forward,-1.903276487,-4.00701549,0,0,0,0,0,0,0
1,262.5444412,260.7480693,192.8684235,192.8590393,89.85379934,2,forward,-3.94043875,-4.00655348,0,0,0,0,0,0,0
1,235.8653831,258.0013275,210.8112144,210.8027172,93.44121814,0,forward,-3.395534294,9.879266817,1,32,397,165,479,0.750534952,1
1,219.0366554,114.7272277,134.5305061,134.5305061,94.59872246,0,forward,10.93258972,-5.71368801,0,0,0,0,0,0,0
1,218.9539528,170.3623295,154.4347954,154.4347286,94.72059011,0,forward,-0.399503762,2.275625847,0,0,0,0,0,0,0
1,218.9259911,267.2403431,157.3931694,157.3929405,96.33972049,0,forward,-3.421309898,7.018950297,0,0,0,0,0,0,0
1,218.8414383,229.4961524,132.2405624,132.2405434,91.4276123,0,forward,12.07420396,2.124337261,0,0,0,0,0,0,0
1,205.9216499,234.7485065,183.2386208,183.2319832,96.64040208,1,forward,-3.416902336,7.246701149,0,0,0,0,0,0,0
1,218.6929893,171.9029903,155.0249672,155.0248718,94.04146671,0,forward,-0.888481971,3.167317277,0,0,0,0,0,0,0
1,218.5530663,259.3920422,163.8726997,163.8723564,96.22268677,0,forward,-0.100216316,6.467523701,0,0,0,0,0,0,0
1,218.5529137,172.0388031,155.859623,155.8595181,95.42756677,0,forward,0.197458888,3.376373458,0,0,0,0,0,0,0
1,218.501606,262.253809,158.5703468,158.5702515,96.25675678,0,forward,12.61432767,9.123933236,0,0,0,0,0,0,0
1,270.6443024,288.4810281,186.1288071,186.1170673,80.40735126,2,forward,-2.511593078,-3.996786697,0,0,0,0,0,0,0
1,218.4331131,173.3004856,155.2072906,155.207119,95.14200687,0,forward,-0.579499432,2.901575924,0,0,0,0,0,0,0
1,249.2791748,272.3928642,206.8501663,206.8358517,88.94876838,2,forward,-0.847311496,-3.99042181,0,0,0,0,0,0,0
1,218.3238602,228.5835743,187.2627258,187.2517776,90.52453637,0,forward,-0.813698502,5.137502158,0,0,0,0,0,0,0
1,218.1034851,172.4218082,162.4582672,162.4580669,95.30102611,0,forward,0.505020902,2.31756936,0,0,0,0,0,0,0
1,245.789547,197.3629356,150.8503914,150.8501244,80.5711031,0,forward,-9.118034106,-3.958300391,0,0,0,0,0,0,1
1,218.041954,247.9892635,146.6597366,146.6599274,94.66986656,0,forward,8.690273963,7.403165542,0,0,0,0,0,0,0
1,218.0065536,223.4998226,139.5059586,139.5058537,76.74709558,0,forward,19.73711863,6.250566489,0,0,0,0,0,0,1
1,217.8588104,240.3224659,182.8433609,182.8373337,93.96584034,0,forward,-1.611204136,7.918568079,0,0,0,0,0,0,0
1,295.0642586,301.6653323,199.3923378,199.3773651,83.58896375,2,forward,-2.836690144,-3.955035521,0,0,0,0,0,0,0
1,217.6092911,249.2049694,158.7973022,158.7971878,95.54501772,0,forward,7.095815528,7.935795429,0,0,0,0,0,0,0
1,271.853466,262.1695041,182.6838112,182.6785469,91.44831896,0,forward,-1.193085974,-3.928703621,0,0,0,0,0,0,0
1,217.5570869,249.8641205,145.836277,145.8364391,94.84962225,0,forward,4.294341476,7.399714767,0,0,0,0,0,0,0
1,217.4277115,266.2980652,157.478981,157.4786854,96.17401361,0,forward,1.024467005,11.48839191,0,0,0,0,0,0,0
1,259.2027473,273.8070321,174.4658089,174.4603729,84.14998055,2,forward,-2.676506114,-3.906603347,0,0,0,0,0,0,0
1,298.1592751,296.4915848,197.3564339,197.3462963,84.99103189,2,forward,-3.757628657,-3.890260838,0,0,0,0,0,0,0
1,289.154129,290.9347081,192.2125626,192.2044659,93.38132739,2,forward,-2.932112257,-3.889729211,0,0,0,0,0,0,0
1,217.2838974,248.7797642,171.8268967,171.8230247,96.58777714,0,forward,-0.113985263,11.20287408,0,0,0,0,0,0,0
1,217.0821381,266.2861919,161.202507,161.2020493,96.03400826,0,forward,-2.778897003,6.118042107,0,0,0,0,0,0,0
1,217.0773697,293.4642792,131.8878174,131.8880367,91.27978086,0,forward,1.464059584,6.198530567,0,0,0,0,0,0,0
1,216.8086243,261.3430023,164.134407,164.1303921,95.52183151,0,forward,-2.348027032,8.340832192,0,0,0,0,0,0,0
1,216.614666,266.4687824,166.9997215,166.9960213,96.07719779,0,forward,5.776544256,14.50495182,0,0,0,0,0,0,1
1,256.4308167,257.2964979,166.9778061,166.9774532,77.4051249,1,forward,-6.147393168,-3.872261384,0,0,0,0,0,0,0
1,216.3328934,241.5919876,154.9433517,154.9431896,90.75421095,0,forward,5.88522012,7.522947445,0,0,0,0,0,0,0
1,296.1863327,282.789886,195.3157425,195.3064442,91.02733135,2,forward,-3.454998069,-3.866180184,0,0,0,0,0,0,0
1,216.099205,175.3603077,166.1449814,166.1447525,93.44030619,0,forward,0.545705756,2.195691277,0,0,0,0,0,0,0
1,268.2066154,279.1183352,189.4286537,189.4190884,92.57266521,2,forward,-1.720557513,-3.859956426,0,0,0,0,0,0,0
1,292.9974174,311.0230994,206.4606285,206.439085,82.27933049,2,forward,-1.472779122,-3.821793824,0,0,0,0,0,0,0
1,215.9454727,299.9568558,133.6681366,133.6685085,88.10884356,0,forward,2.771935663,9.124549749,0,0,0,0,0,0,0
1,215.7460976,262.4047852,160.0401497,160.0397015,96.11549973,0,forward,-2.833295374,6.016281815,0,0,0,0,0,0,0
1,215.5989647,269.4209003,140.9628487,140.9626007,95.43964267,0,forward,4.120981852,8.758171106,0,0,0,0,0,0,0
1,215.5112648,246.8772125,158.9557076,158.9555454,93.7271893,0,forward,8.194722121,8.031705254,0,0,0,0,0,0,0
1,252.3317146,239.6009564,145.0656319,145.065794,89.75820541,2,forward,-0.19474964,-3.814727472,0,0,0,0,0,0,0
1,215.0917435,237.6513863,185.3665161,185.3600979,95.13578415,0,forward,-0.3242424,7.6158389,0,0,0,0,0,0,0
1,253.1710052,274.4994807,185.7250977,185.7175255,81.79489374,1,forward,-1.73089819,-3.808887405,0,0,0,0,0,0,0
1,244.6330833,171.6228962,147.3715019,147.3715496,88.31397295,1,left,6.837366247,-12.37920132,1,95,171,229,351,0.736662269,1
1,257.3179245,171.0391903,145.0123596,145.0123787,86.46231294,1,left,13.25142286,-18.73385837,1,95,174,227,347,0.713868856,1
1,257.2250557,170.9561062,143.721714,143.7215424,84.47111845,1,left,14.22653786,-21.09480801,1,94,175,219,349,0.768007815,1
1,259.1473198,171.7679787,141.7329979,141.7330742,84.8833859,1,left,12.2481227,-19.57925217,1,89,179,217,352,0.82156986,1
1,248.0387306,169.6924782,151.0492134,151.0492229,85.02085209,1,left,7.035439135,-12.39430927,1,94,180,220,344,0.737433076,1
1,214.725132,226.7653966,130.5035591,130.5036879,91.21677279,0,forward,11.13466258,11.50559757,0,0,0,0,0,0,0
1,217.383976,168.5549068,134.0516472,134.0520573,91.4303124,1,right,13.77073713,15.70950879,1,110,181,234,344,0.804756463,1
1,215.0884819,168.8685322,122.4453926,122.4457455,86.87521219,1,right,9.972933934,15.97191711,1,107,179,235,342,0.797079921,1
1,217.5081253,163.3833218,129.3262482,129.3263054,93.35311055,1,right,13.65585124,17.1340896,1,106,181,228,348,0.834852874,1
1,214.6759224,262.4331379,161.6162682,161.6161537,95.89449763,0,forward,9.623279743,14.60015635,0,0,0,0,0,0,1
1,214.5817947,267.3137569,160.6726456,160.6724167,96.07608914,0,forward,9.093479374,14.10406847,0,0,0,0,0,0,1
1,214.2320824,240.6362915,150.0649452,150.0650024,91.24894142,0,forward,9.17177071,10.20315866,0,0,0,0,0,0,0
1,267.6134109,322.3581219,133.4168625,133.4172249,96.9055295,0,forward,-3.665875693,7.283202219,1,187,435,301,480,0.737276673,1
1,261.671257,316.8059921,137.2213745,137.2214985,95.58791518,0,forward,-3.680803567,7.147644703,1,184,427,305,478,0.640633464,1
1,275.0505447,292.1281552,199.4268036,199.4147015,85.00711322,2,forward,-3.463175381,-3.80484094,0,0,0,0,0,0,0
1,214.2035484,246.3143635,157.3216057,157.3215866,93.4158504,0,forward,9.556982829,7.437557882,0,0,0,0,0,0,0
1,284.2580223,286.4859867,194.0921593,194.082098,91.5782392,1,forward,-1.374463797,-3.793013455,0,0,0,0,0,0,0
1,214.1882706,269.0950298,155.4015732,155.4016113,96.78672552,0,forward,8.534116789,14.03504993,0,0,0,0,0,0,1
1,214.1741371,283.4873199,109.6280098,109.6279907,93.66619587,0,down,-10.51670002,4.970215157,0,0,0,0,0,0,1
1,256.6008377,267.9700065,186.2953949,186.2838078,79.46048975,1,forward,-3.652186571,-3.788302987,0,0,0,0,0,0,0
1,212.8674126,281.7117405,114.1160011,114.115963,93.05008054,0,down,-11.51915453,4.24516868,0,0,0,0,0,0,1
1,170.1495552,210.4080391,149.5075226,149.5076466,91.98513031,0,down,-15.88400145,-3.858650618,0,0,0,0,0,0,1
1,186.9439507,211.5511036,143.7959862,143.7961864,94.14778352,0,down,-16.82614078,3.188705124,0,0,0,0,0,0,1
1,192.105999,203.5853291,146.5522957,146.5523815,94.10079718,0,down,-12.68984337,6.786077394,0,0,0,0,0,0,1
1,191.5365791,202.071619,141.4238548,141.423912,94.9100554,0,down,-13.43440488,2.54315081,0,0,0,0,0,0,1
1,193.6708832,205.0469112,127.5747299,127.5749016,95.02035379,0,down,-10.81230252,6.10085084,0,0,0,0,0,0,1
1,276.5956116,284.6477247,192.5035858,192.4931145,91.42489433,2,forward,-5.133018757,-3.785121361,0,0,0,0,0,0,0
1,214.1048241,263.7879181,140.0312614,140.0311375,95.51584125,0,forward,3.712031356,8.008660422,0,0,0,0,0,0,0
1,214.0663338,268.1508636,157.2468758,157.246542,94.89783645,0,forward,6.786722937,14.73491991,0,0,0,0,0,0,1
1,230.460968,198.1862354,124.8190308,124.8189926,87.99527287,0,down,-12.00719811,0.860457279,0,0,0,0,0,0,1
1,226.2379265,195.9969807,127.3051262,127.3051071,88.88276815,0,down,-15,10,0,0,0,0,0,0,1
1,227.4341774,193.6499119,129.5824623,129.5824814,89.34904337,0,left,26.06733645,-34.26528146,0,0,0,0,0,0,1
1,233.9766693,194.9133396,124.8991776,124.8991585,89.16618228,0,left,20.72694507,-29.32790197,0,0,0,0,0,0,1
1,229.2195702,193.9779282,128.4666634,128.4666538,86.87872887,0,left,13.91187523,-19.923204,0,0,0,0,0,0,1
1,213.8088226,281.2277985,127.5324631,127.5325298,92.41167903,0,forward,3.40952139,10.55645765,0,0,0,0,0,0,0
1,295.6009483,298.1752038,199.4523811,199.4408798,84.25966501,2,forward,-1.948868328,-3.783543047,0,0,0,0,0,0,0
1,257.9928207,261.4710617,201.2405014,201.2326527,90.58033824,1,forward,-3.723980935,9.011161949,0,0,0,0,0,0,0
1,257.5814247,240.1557922,136.1566734,136.156826,90.42517543,2,forward,-1.849743693,-3.777728218,0,0,0,0,0,0,0
1,294.5757866,287.5014424,191.6258812,191.6170692,94.18324828,0,forward,-2.156007909,-3.767423952,0,0,0,0,0,0,0
1,252.0874023,257.911005,135.9937668,135.9938622,85.15940309,1,forward,-3.730326791,8.76220408,0,0,0,0,0,0,0
1,213.8060188,245.7503128,177.7662849,177.7613354,96.40996456,0,forward,0.495633971,8.166317592,0,0,0,0,0,0,0
1,156.2799835,207.2581673,112.0781898,112.0783138,93.45728159,0,right,10.76522559,16.39925644,0,0,0,0,0,0,1
1,159.3352699,203.999176,111.4183617,111.4186764,94.88909841,0,right,13.28846286,17.27929036,0,0,0,0,0,0,1
1,155.314045,208.1627941,112.7387619,112.7388954,93.66149306,0,right,9.658158724,18.7013312,0,0,0,0,0,0,1
1,268.3141518,267.7577901,201.289959,201.2814045,91.78474545,1,forward,-0.892525302,-3.742123132,0,0,0,0,0,0,0
1,258.3561516,250.4240728,147.7657127,147.7656269,86.07491255,2,forward,-3.802320116,-3.738906833,0,0,0,0,0,0,0
1,213.6993027,219.5442581,131.8134689,131.8134785,81.66573048,0,forward,18.93699953,6.101396455,0,0,0,0,0,0,1
1,251.4368248,236.9699979,139.5319939,139.5320892,86.88393235,1,forward,-1.225126521,-3.731919284,0,0,0,0,0,0,0
1,284.8184967,264.451189,193.5120773,193.5062885,86.52377725,2,forward,-2.643117071,-3.728716619,0,0,0,0,0,0,0
1,194.2957306,304.5089722,121.9039154,121.8988323,57.01780915,0,down,-15,10,0,0,0,0,0,0,1
1,196.0091209,306.837759,121.5912437,121.5890694,65.29288888,0,down,-15,10,0,0,0,0,0,0,1
1,190.3788948,307.2502041,130.246067,130.2441216,77.93653011,0,down,-15,10,0,0,0,0,0,0,1
1,185.3556061,248.5899639,132.0712662,132.0705128,83.97684097,0,down,-13.94569227,5.066388861,0,0,0,0,0,0,1
1,213.6584854,242.8557873,186.535759,186.5302849,96.98001146,0,forward,-2.962396432,8.047343802,0,0,0,0,0,0,0
1,262.1165085,269.4600034,191.6360855,191.6256809,89.87913132,2,forward,-4.440212112,-3.720195617,0,0,0,0,0,0,0
1,180.0279617,199.200983,112.3463058,112.34725,54.38008904,0,down,-15,10,0,0,0,0,0,0,1
1,190.6153488,192.9203796,111.2032509,111.2036991,63.96069527,0,down,-15,10,0,0,0,0,0,0,1
1,209.6062279,269.036293,165.7489967,165.7443523,91.20563269,1,forward,-3.772794874,9.862183598,1,2,101,241,326,0.738080084,1
1,261.1576843,318.0684185,136.8955231,136.895771,95.80383897,0,forward,-3.774757005,7.514883362,1,184,432,306,478,0.679615438,1
1,213.2496834,254.6015453,189.8548698,189.8446083,94.03637648,0,forward,-2.85883346,10.17870266,0,0,0,0,0,0,0
1,213.2285881,277.7533436,113.4837914,113.483448,91.75208807,0,forward,-9.905619198,5.257462419,0,0,0,0,0,0,0
1,213.1184959,269.3540955,143.0237007,143.0234814,94.72026825,0,forward,2.974070504,7.992705212,0,0,0,0,0,0,0
1,212.9491997,302.2025585,135.5031776,135.5034256,81.46191835,0,forward,0.834941083,8.081109719,0,0,0,0,0,0,0
1,212.7961731,240.1781845,184.8303223,184.8245716,96.10272646,0,forward,-2.757703,8.1789492,0,0,0,0,0,0,0
1,212.0720291,307.6517487,135.8593369,135.8594227,87.71641254,0,forward,-0.207835044,8.3276631,0,0,0,0,0,0,0
1,263.1358719,289.6400881,150.0193405,150.0191832,89.69352245,2,forward,-3.095687066,-3.690745885,0,0,0,0,0,0,0
1,255.2716637,177.803309,193.3792686,193.3708477,92.05493331,1,forward,-3.809916885,2.843450101,0,0,0,0,0,0,0
1,211.9039345,268.496933,139.8039055,139.8036289,95.25279403,0,forward,3.4020969,8.560759738,0,0,0,0,0,0,0
1,211.2708282,291.9470215,143.5971832,143.5973454,92.53829122,0,forward,1.594865197,7.406952677,0,0,0,0,0,0,0
1,210.8176804,177.6348209,167.5152588,167.5124645,96.55725956,0,forward,-1.308513704,3.345682491,0,0,0,0,0,0,0
1,267.8136826,261.1600662,157.6579666,157.6578426,87.09223866,1,forward,-5.441591979,-3.667167606,0,0,0,0,0,0,0
1,210.7868767,176.0484695,161.4798164,161.4795685,95.39304972,0,forward,-0.318627913,6.88980796,0,0,0,0,0,0,0
1,210.2622032,248.3837128,187.6164436,187.6100636,96.559304,0,forward,-2.949946115,8.551626955,0,0,0,0,0,0,0
1,209.9469376,204.5578766,132.4553299,132.4553776,92.28494167,0,forward,1.221543696,-2.909277549,0,0,0,0,0,0,0
1,209.2926598,172.0351124,168.1071281,168.1036949,96.02982998,0,forward,-1.421630542,5.471986382,0,0,0,0,0,0,0
1,208.8759232,177.2041225,164.5580673,164.5577717,96.41834497,0,forward,1.035603311,5.101837715,0,0,0,0,0,0,0
1,292.1495628,270.2927994,185.6976891,185.6921482,88.96545768,2,forward,-3.592800167,-3.643548147,0,0,0,0,0,0,0
1,208.5342216,198.6577892,145.1481819,145.1481628,86.41033173,0,forward,4.209344793,3.097157318,0,0,0,0,0,0,0
1,208.1255341,176.3755703,168.2324219,168.2290077,96.18784189,0,forward,0.952874991,5.837344679,0,0,0,0,0,0,0
1,207.944355,178.274231,166.6068077,166.6064358,96.42243385,0,forward,0.74155826,5.687069154,0,0,0,0,0,0,0
1,294.7231865,298.4951949,194.813633,194.799614,89.64666724,2,forward,-6.316034979,-3.62663146,0,0,0,0,0,0,0
1,262.991848,319.3817997,138.0521965,138.0524254,95.9502697,0,forward,-3.898647985,6.796297778,1,186,432,310,478,0.608397067,1
1,292.8588486,305.9330583,204.6829605,204.6653366,81.41759634,2,forward,-1.847352152,-3.605762638,0,0,0,0,0,0,0
1,290.2083015,279.2899227,183.9597893,183.9553642,95.54903507,1,forward,-0.375301358,-3.605673886,0,0,0,0,0,0,0
1,207.9190636,284.1520786,139.5999336,139.6004105,87.65671253,0,forward,3.459737642,9.55744961,0,0,0,0,0,0,0
1,207.7675819,200.5399704,119.956913,119.9569702,86.27298474,0,forward,-0.163690845,6.733001389,0,0,0,0,0,0,0
1,207.5844193,174.891901,167.0450592,167.0415401,95.72835565,0,forward,-0.809933596,5.578941977,0,0,0,0,0,0,0
1,244.5951843,239.0652203,146.5870667,146.5872288,84.78370309,0,forward,-1.307091069,-3.593077664,0,0,0,0,0,0,0
1,264.2689705,259.3084216,198.8115883,198.8026428,90.66463113,1,forward,-3.557211689,-3.550779585,0,0,0,0,0,0,0
1,207.3514938,290.1951313,141.1038971,141.1042213,85.09786725,0,forward,1.46065943,9.27002892,0,0,0,0,0,0,0
1,206.8204498,240.7335663,188.9006805,188.8951206,96.41094208,0,forward,-2.813014711,6.694740012,0,0,0,0,0,0,0
1,289.1622162,284.389236,202.2874069,202.2783566,86.91007495,2,forward,-2.968837035,-3.523238193,0,0,0,0,0,0,0
1,206.5052414,198.8039589,125.4016495,125.4016972,83.707726,0,forward,0.950855176,11.24437508,0,0,0,0,0,0,0
1,263.5354424,273.320098,177.7671242,177.7609777,82.64123797,2,forward,-3.264534593,-3.519251525,0,0,0,0,0,0,0
1,265.2638817,251.7323518,134.2563438,134.2563057,84.11338925,1,forward,-0.395326498,-3.502223493,1,117,137,276,421,0.866140246,1
1,206.2337494,287.2383213,143.1742096,143.174572,83.82053971,0,forward,0.146208025,9.584154433,0,0,0,0,0,0,0
1,246.5555954,241.896286,155.9341431,155.9337616,53.82339954,0,down,-15,10,0,0,0,0,0,0,1
0,0,0,0,0,0,1,down,-15,10,0,0,0,0,0,0,1
0,0,0,0,0,0,1,down,-15,10,0,0,0,0,0,0,1
0,0,0,0,0,0,2,down,-15,10,0,0,0,0,0,0,1
0,0,0,0,0,0,1,down,-15,10,0,0,0,0,0,0,1
0,0,0,0,0,0,1,down,-15,10,0,0,0,0,0,0,1
0,0,0,0,0,0,1,down,-15,10,0,0,0,0,0,0,1
0,0,0,0,0,0,1,down,-15,10,0,0,0,0,0,0,1
1,275.9338188,284.4879842,183.9704704,183.9614582,93.43217611,1,forward,-0.964683362,-3.499092156,0,0,0,0,0,0,0
1,277.4511147,250.3325296,195.5533409,195.5469131,85.69185734,1,forward,-2.289624863,-3.469586702,0,0,0,0,0,0,0
1,297.8282928,300.8028626,196.9490433,196.9374275,88.1192565,2,forward,-4.193153935,-3.460405821,0,0,0,0,0,0,0
1,206.1615562,287.8635406,137.1431923,137.1436787,91.68838859,0,forward,6.305879412,9.296245847,0,0,0,0,0,0,0
1,264.4787216,296.2281942,199.1073608,199.0967417,75.99870563,2,forward,-8.986125702,-3.453851984,0,0,0,0,0,0,1
1,205.1770401,252.7437687,170.1474762,170.1428032,93.47729087,0,forward,5.110810938,8.562545392,0,0,0,0,0,0,0
1,205.0439262,248.7381363,172.2840309,172.2788143,92.73449779,0,forward,3.896839584,8.519497859,0,0,0,0,0,0,0
1,289.9761009,296.2500453,190.6659508,190.6541061,87.141186,0,forward,-5.536166622,-3.45046894,0,0,0,0,0,0,0
1,204.8912048,289.7817707,140.8677673,140.8681297,84.69691873,0,forward,5.407993763,10.57372409,0,0,0,0,0,0,0
1,204.5251465,282.9992294,131.7290497,131.7294216,94.57292557,0,forward,11.3367989,13.44270386,0,0,0,0,0,0,1
1,204.1692543,185.217762,174.2002296,174.195385,94.90638375,0,forward,-8.018556283,5.063357786,0,0,0,0,0,0,0
1,242.8596115,263.5964346,189.5150757,189.5035028,85.93557477,2,forward,-4.063743147,2.069071214,0,0,0,0,0,0,0
1,277.0445633,271.2503266,205.2640152,205.2551651,89.90651965,1,forward,-2.396410759,-3.44828154,0,0,0,0,0,0,0
1,248.2920456,204.6381569,117.3490906,117.3488331,86.04525924,1,down,-15,10,0,0,0,0,0,0,1
1,256.5152931,203.743372,117.7424812,117.7424526,75.79064369,2,down,-15,10,0,0,0,0,0,0,1
1,255.6843567,208.9474583,113.4092712,113.4091759,74.83490705,1,left,20.06599654,-27.26082138,0,0,0,0,0,0,1
1,253.781147,208.1724644,115.950985,115.9508514,80.15966415,1,left,19.56618033,-32.96922807,0,0,0,0,0,0,1
1,250.013752,212.3284149,117.1846962,117.184782,88.57307434,1,left,13.2162592,-25.41981367,0,0,0,0,0,0,1
1,203.8932228,240.6842136,191.2208748,191.2156105,97.31551409,0,forward,-3.401417545,6.456034088,0,0,0,0,0,0,0
1,203.5703087,248.9757156,169.1554832,169.1513157,92.74255633,0,forward,4.345942441,8.477289487,0,0,0,0,0,0,0
1,282.5076866,292.4143576,194.2486382,194.2357063,81.78856969,1,forward,-3.164652491,-3.445019896,0,0,0,0,0,0,0
1,203.1715393,248.0599594,182.7930069,182.7874088,95.20218372,0,forward,0.583603163,4.24418913,0,0,0,0,0,0,0
1,224.7476959,140.4719376,176.0621643,176.0558224,93.85786057,1,forward,-4.127513571,2.719079426,0,0,0,0,0,0,0
1,203.0774307,245.3956604,174.7218704,174.7170925,93.58581901,0,forward,4.762688717,7.7664279,0,0,0,0,0,0,0
1,257.0232582,235.5599499,136.2416267,136.2416553,90.79812169,2,forward,-1.974306635,-3.436753207,0,0,0,0,0,0,0
1,282.6185608,285.8467531,192.40345,192.393508,91.88725352,2,forward,-0.715000465,-3.425217252,0,0,0,0,0,0,0
1,211.5359688,209.1400623,113.2465172,113.2468414,86.9091928,0,down,-15,10,0,0,0,0,0,0,1
1,206.4671898,200.1199436,122.9437065,122.9436779,85.41504145,0,right,10.97945173,18.79080111,0,0,0,0,0,0,1
1,202.9013634,197.2516251,164.0843391,164.0811539,92.8765893,0,forward,-9.485594159,6.123704569,0,0,0,0,0,0,0
1,247.616539,216.9285488,136.9675446,136.9671535,87.95005679,0,forward,-8.934448043,-3.416656622,0,0,0,0,0,0,1
1,302.1587181,299.0705514,173.2845879,173.2794857,86.38917208,2,forward,-4.986863455,-3.403073747,0,0,0,0,0,0,0
1,244.1241646,316.4357758,131.5429878,131.5428829,94.93477941,0,forward,-4.21251477,5.608572656,1,237,427,350,480,0.741334081,1
1,266.6117859,263.9143562,195.7418442,195.7334232,93.12983155,1,forward,-0.193791675,-3.365337653,0,0,0,0,0,0,0
1,230.6907272,229.5924854,132.0052719,132.0053387,94.78428364,0,down,-10.49806049,5.140502737,0,0,0,0,0,0,1
1,202.8038597,244.4834518,168.7084389,168.70471,94.4978714,0,forward,4.951653015,7.531324534,0,0,0,0,0,0,0
1,267.0694542,314.1349268,197.8162575,197.8094244,88.9467895,2,forward,-4.584648313,-3.356831643,0,0,0,0,0,0,0
1,202.3535538,288.6713791,142.3014069,142.3016453,86.46637201,0,forward,0.748766405,8.885623441,0,0,0,0,0,0,0
1,202.2634888,243.6411381,167.3015976,167.2984886,93.80587339,0,forward,6.438037208,7.393494706,0,0,0,0,0,0,0
1,266.7757225,279.1696668,171.4967918,171.4925766,89.84496593,2,forward,-4.248331017,0.112826533,0,0,0,0,0,0,0
1,201.8607903,284.1999722,141.5630913,141.5633583,89.33742046,0,forward,2.592744629,7.53157261,0,0,0,0,0,0,0
1,201.3426399,196.604147,161.2590218,161.2563515,93.24344993,0,forward,-9.866528237,6.195729857,0,0,0,0,0,0,0
1,301.2697792,321.9021964,183.4439278,183.4350014,92.47452021,0,forward,-4.79555677,-3.348194877,0,0,0,0,0,0,0
0,0,0,0,0,0,1,down,-15,10,0,0,0,0,0,0,1
0,0,0,0,0,0,1,down,-15,10,0,0,0,0,0,0,1
1,213.0281067,180.8995342,147.4583054,147.4578094,50.63138604,0,down,-15,10,0,0,0,0,0,0,1
0,0,0,0,0,0,1,down,-15,10,0,0,0,0,0,0,1
0,0,0,0,0,0,1,down,-15,10,0,0,0,0,0,0,1
1,225.5203056,183.437891,131.8670845,131.8667507,55.25689125,1,down,-15,10,0,0,0,0,0,0,1
0,0,0,0,0,0,1,down,-15,10,0,0,0,0,0,0,1
1,201.3280106,247.0723057,175.41008,175.4047966,93.0701077,0,forward,4.822224648,8.072154346,0,0,0,0,0,0,0
1,201.2892151,243.2034016,178.2627106,178.2586098,95.36417127,0,forward,5.556507983,12.15953952,0,0,0,0,0,0,0
1,250.1507759,215.7768631,115.9749031,115.9752274,62.71204948,0,down,-15,10,0,0,0,0,0,0,1
1,247.8188705,221.1091805,116.6025925,116.60285,68.12577248,0,down,-15,10,0,0,0,0,0,0,1
1,240.2691078,206.3782597,131.1389351,131.1393929,55.55952191,0,down,-15,10,0,0,0,0,0,0,1
1,265.0081253,281.0000348,225.7867432,225.7679844,80.30157089,1,forward,-3.603337187,-3.343927152,0,0,0,0,0,0,0
1,200.7421684,198.1085873,142.7964973,142.7966881,93.35229397,0,forward,-3.868224187,5.814157233,0,0,0,0,0,0,0
1,200.46978,241.3657379,166.3914871,166.3916302,92.90023446,0,forward,3.85138815,6.445842565,0,0,0,0,0,0,0
1,223.5983276,142.6015591,177.3804092,177.3742104,93.45128536,1,forward,-4.351276252,2.992421993,0,0,0,0,0,0,0
1,200.3735733,236.7060757,155.8851624,155.8776283,64.60316777,0,forward,3.157931779,9.76025469,0,0,0,0,0,0,0
1,200.3058243,253.3825207,165.3381729,165.3345108,91.71375632,0,forward,4.321399639,8.172605357,0,0,0,0,0,0,0
1,199.7665977,193.961792,164.7584343,164.7544098,91.72638059,0,forward,-9.080339242,6.391800623,0,0,0,0,0,0,0
1,199.6515846,244.6020412,176.8924141,176.8888092,96.15104795,0,forward,4.759148163,6.712560853,0,0,0,0,0,0,0
1,199.3489456,246.846199,174.0592194,174.0559673,95.52177787,0,forward,4.923326894,9.839311488,0,0,0,0,0,0,0
1,244.871769,278.0928374,155.885601,155.8855677,80.66803217,2,forward,-4.395477777,0.025421726,0,0,0,0,0,0,0
1,285.4750443,291.1629725,185.0218582,185.0128698,89.04519677,2,forward,-8.262476924,-3.333189381,0,0,0,0,0,0,1
1,267.4050903,307.6367664,190.1887131,190.1814651,87.7009213,2,forward,-6.448420994,-3.330206397,0,0,0,0,0,0,0
1,198.2845879,206.9912338,129.3443489,129.3444729,95.29835582,0,forward,2.056008188,1.762618535,0,0,0,0,0,0,0
1,278.596344,292.5740647,195.2554321,195.2441597,84.03938413,2,forward,-4.819427456,-3.329888128,0,0,0,0,0,0,0
1,198.2006073,209.9428654,134.8777008,134.8778057,92.72817373,0,forward,0.430948751,4.091010313,0,0,0,0,0,0,0
1,301.6882515,301.382544,189.7638512,189.7523689,85.2028966,2,forward,-1.758243613,-3.328257569,0,0,0,0,0,0,0
1,268.9493179,256.3322425,169.9142456,169.9095154,87.576437,2,forward,-7.573026164,-3.31134605,0,0,0,0,0,0,0
1,280.8996582,280.9310722,187.4980164,187.4895859,91.62011147,2,forward,-2.26909726,-3.310148787,0,0,0,0,0,0,0
1,315.8152771,292.386961,178.9207458,178.911438,87.3811245,2,forward,-7.105823144,-3.299209357,0,0,0,0,0,0,0
1,249.3254852,224.8127341,128.9099121,128.9097691,91.13776684,2,forward,-2.058631747,-3.294831636,0,0,0,0,0,0,0
1,197.4827194,262.1158504,174.2448807,174.2400742,95.65525651,0,forward,-2.779234113,7.480173233,0,0,0,0,0,0,0
1,197.1485519,207.901125,127.256012,127.2562981,95.61334252,0,forward,3.253394927,3.332226819,0,0,0,0,0,0,0
1,297.3536301,299.3400669,192.6499176,192.6390266,88.81424665,2,forward,-3.185547421,-3.288394716,0,0,0,0,0,0,0
1,295.1922226,308.9353538,206.7254639,206.704216,80.856359,2,forward,-3.539414845,-3.250928769,0,0,0,0,0,0,0
1,299.8405266,299.4055724,189.7098351,189.6993256,88.86237144,2,forward,-1.454665238,-3.237580209,0,0,0,0,0,0,0
1,197.1409035,253.4714985,183.1723213,183.1669807,94.97938752,0,forward,-1.062940571,6.369553044,0,0,0,0,0,0,0
1,298.2234764,297.4050879,194.8296928,194.8182964,82.79378414,2,forward,-2.39123161,-3.21078463,0,0,0,0,0,0,0
1,262.7973747,265.2919793,164.6295357,164.6289825,84.05995965,1,forward,-3.721956058,-3.17243415,0,0,0,0,0,0,0
1,239.0531731,232.4340821,151.9092751,151.9093037,83.64656568,0,forward,-2.566630457,-3.158743401,0,0,0,0,0,0,0
1,266.4721489,320.6990719,131.8842888,131.884346,96.59788609,0,forward,-4.614931948,7.065047371,1,183,431,309,478,0.689890683,1
1,273.5720444,268.384316,179.6195602,179.6143055,86.77795529,2,forward,-6.349965662,-3.152746004,0,0,0,0,0,0,0
1,197.0996094,205.3854275,129.6717072,129.6717453,94.36725378,0,forward,-0.145830197,3.327593033,0,0,0,0,0,0,0
1,196.5609741,209.5143986,131.7735291,131.7735672,94.05043125,0,forward,1.377876797,3.653362169,0,0,0,0,0,0,0
1,256.1418533,274.1796088,181.0702133,181.0634995,87.28919029,2,forward,-0.637057741,-3.127947162,0,0,0,0,0,0,0
1,196.2015915,253.8735867,157.65728,157.6571846,91.2578702,0,forward,4.430152711,8.35565433,0,0,0,0,0,0,0
1,195.8810425,253.331337,176.9072723,176.9016552,91.93531275,0,forward,-1.168334314,6.625489395,0,0,0,0,0,0,0
1,244.4713402,242.7460933,188.2479668,188.2422352,91.00264907,1,forward,-5.704849097,-3.107069071,0,0,0,0,0,0,0
1,270.0581169,259.4827533,174.543705,174.539423,88.58755231,0,forward,-1.546290436,-3.098076829,0,0,0,0,0,0,0
1,276.713295,219.8931599,124.30233,124.3023491,59.56016779,0,down,-15,10,1,146,248,357,477,0.73345989,1
1,265.7834625,260.4394221,202.1110535,202.1060085,88.94490004,1,forward,-3.591840464,-3.059898718,0,0,0,0,0,0,0
1,255.3012657,206.7205596,132.3624229,132.3615074,76.59910321,0,forward,-8.720500951,-3.042343693,0,0,0,0,0,0,1
1,195.855999,250.0951767,177.5414085,177.5354862,92.82313585,0,forward,-4.843208365,7.143446655,0,0,0,0,0,0,0
1,195.6617546,286.3855648,141.1767769,141.1770058,83.2580626,0,forward,3.194434131,11.79674925,0,0,0,0,0,0,0
1,250.1903725,286.0839618,188.977375,188.9691639,88.67862821,2,forward,-5.8879387,-3.039383125,0,0,0,0,0,0,0
1,231.9406891,210.0163364,116.5270996,116.5270615,88.06502819,0,forward,-5.530386692,-3.013671316,0,0,0,0,0,0,0
1,195.4938698,212.592001,135.4729652,135.4729843,92.27203727,0,forward,-1.049807916,4.544121096,0,0,0,0,0,0,0
1,195.2681541,195.0965023,163.0694771,163.0662632,90.74739218,0,forward,-7.409436453,5.443601843,0,0,0,0,0,0,0
1,194.7398949,202.3974895,139.0474129,139.0474892,95.98765373,0,forward,-4.695554727,10.14876866,0,0,0,0,0,0,0
1,150.5119038,255.5334377,146.0725117,146.0725594,93.78471971,0,down,-15,10,0,0,0,0,0,0,1
1,270.5316925,282.0142078,176.7269516,176.7211246,79.6656847,2,forward,-4.413347053,-2.995510627,0,0,0,0,0,0,0
1,264.0036392,305.1956606,191.4040756,191.3981867,86.7904067,2,forward,-5.094858993,-2.976266099,0,0,0,0,0,0,0
1,271.988678,295.7107783,193.9251328,193.9142275,88.65716457,2,forward,-1.9739853,-2.959395564,0,0,0,0,0,0,0
1,194.6170998,195.4980469,128.1679344,128.1678486,95.63371539,0,forward,-0.862341346,11.14159671,0,0,0,0,0,0,0
1,274.5426369,287.7661777,198.5520363,198.5394573,84.59405899,2,forward,-3.370714393,-2.956216408,0,0,0,0,0,0,0
1,193.6009407,194.101553,124.3845749,124.3843174,95.13674378,0,forward,-7.271242188,5.43020217,0,0,0,0,0,0,0
1,193.4543228,252.3452854,176.5342331,176.529007,93.17280054,0,forward,1.697351732,7.867585283,0,0,0,0,0,0,0
1,192.3564339,215.4383469,136.102314,136.1024952,92.83004999,0,forward,-0.665770962,3.532032602,0,0,0,0,0,0,0
1,263.5419273,310.4091239,191.3934898,191.3857269,87.53643632,2,forward,-4.219253643,-2.932088479,0,0,0,0,0,0,0
1,263.2988548,262.5030541,197.9986,197.9906273,91.42699838,1,forward,-2.666876048,-2.918014083,0,0,0,0,0,0,0
1,172.1525764,197.3227215,152.3398018,152.3395729,80.05986214,0,down,-15,10,0,0,0,0,0,0,1
1,189.7461891,180.186224,133.1351662,133.1338692,66.33810997,0,down,-15,10,0,0,0,0,0,0,1
1,174.3022346,184.938097,128.4361839,128.4353828,77.22389698,0,down,-15,10,0,0,0,0,0,0,1
1,181.3954735,179.8378086,134.075222,134.0748596,75.67869425,0,down,-15,10,0,0,0,0,0,0,1
1,171.7841148,187.7269363,140.4797935,140.4782009,84.35540795,0,left,4.166511249,-24.40066661,0,0,0,0,0,0,1
1,158.7426472,183.1672955,142.1189976,142.1175957,87.50905991,0,left,3.660676962,-20.03122446,0,0,0,0,0,0,1
1,158.5651875,185.0149441,137.9726315,137.9712868,84.77379084,0,left,3.364902465,-18.52735305,0,0,0,0,0,0,1
1,154.2034817,186.4968967,129.9136066,129.9129295,85.16272306,0,left,3.649694597,-18.8729868,0,0,0,0,0,0,1
1,110.3223991,112.3716903,146.8677139,146.8672943,54.84459996,0,down,-15,10,0,0,0,0,0,0,1
1,153.1836224,207.3936653,149.9748516,149.9709034,56.94842935,0,down,-15,10,0,0,0,0,0,0,1
1,146.4126301,-29.02161598,297.4250031,297.3815632,51.25144124,0,down,-15,10,0,0,0,0,0,0,1
1,57.3360014,142.1674633,180.8567429,180.8562183,62.96938658,0,down,-15,10,0,0,0,0,0,0,1
1,114.7337532,185.858202,119.0831184,119.0832138,87.05174923,0,right,-0.487919223,16.84629886,0,0,0,0,0,0,1
1,190.5606651,205.4520321,133.1059456,133.1060886,94.48642731,0,forward,-0.630821656,3.582310555,0,0,0,0,0,0,0
1,240.3384209,233.0007196,147.0524406,147.0524883,86.98134422,2,forward,-0.143322695,-2.902025156,0,0,0,0,0,0,0
1,259.1213608,284.5321369,184.8379898,184.8307514,87.47282624,2,forward,-9.435377384,-2.891345823,0,0,0,0,0,0,1
1,190.0236511,245.8345127,187.881546,187.8767967,95.76047659,0,forward,4.00547224,6.034763525,0,0,0,0,0,0,0
1,189.779377,244.0559864,190.1032066,190.0963783,95.70082426,0,forward,3.991867047,5.56027753,0,0,0,0,0,0,0
1,254.0547943,235.6988788,138.8404465,138.8404369,79.52265739,2,forward,-7.014758283,-2.890699183,0,0,0,0,0,0,0
1,189.5035362,250.6476688,185.8447456,185.8397484,95.54433227,0,forward,3.413028988,5.409156487,0,0,0,0,0,0,0
1,189.336319,203.0724049,132.4367905,132.4368095,93.12540293,0,forward,-0.500718997,5.673611293,0,0,0,0,0,0,0
1,269.2848206,305.9321464,195.1307297,195.1232529,80.13591766,2,forward,-8.612396117,-2.889372707,0,0,0,0,0,0,1
1,188.7400055,208.4302425,139.4870758,139.4871712,92.49356985,0,forward,-1.382659913,13.24745738,0,0,0,0,0,0,1
1,156.5730953,239.0813541,133.4714985,133.4715271,72.50396609,0,down,-15,10,0,0,0,0,0,0,1
1,320.2322769,286.0979748,140.5422211,140.5423737,86.19320393,0,right,9.557407942,18.17388045,1,0,306,182,480,0.729803622,1
1,321.2147141,285.8598232,139.436264,139.4364738,83.90693665,0,right,9.598457697,19.48063111,1,0,308,182,480,0.788287938,1
1,320.3374863,288.7873936,136.9343948,136.9345665,85.15718579,0,right,9.439206559,19.77722658,1,0,306,177,480,0.786590874,1
1,319.3204689,288.9404297,139.5590401,139.5591259,83.77494216,0,right,11.46056699,21.0730487,1,2,304,181,480,0.691501677,1
1,318.9369774,286.2223434,141.206913,141.2070751,85.96653938,0,right,10.29881727,20.94890222,0,0,0,0,0,0,1
1,316.7385864,286.6425705,144.0637589,144.0639782,85.00034809,0,right,9.612093056,21.89405776,1,23,271,186,474,0.798885465,1
1,311.6859245,286.4002705,151.7948341,151.7949486,87.30766773,0,right,5.565353998,20.08094807,1,29,275,183,471,0.780388176,1
1,301.4465332,278.2216644,161.8070602,161.8026066,88.10412884,0,right,4.130215151,21.3584201,1,33,269,185,471,0.810860276,1
1,303.8243294,279.7751141,154.1390419,154.1390991,87.72179484,0,right,4.210388722,21.65855866,1,55,255,179,454,0.771111786,1
1,306.8779755,279.9809361,151.0133362,151.0134315,85.3309989,0,right,4.130183106,18.87942197,1,62,248,200,448,0.751862824,1
1,304.1492081,278.694334,153.4857178,153.4857559,85.05422473,0,right,6.318417636,20.63499102,1,57,246,192,455,0.686819971,1
1,306.9468689,278.9481068,150.1869583,150.1871681,84.47467685,0,right,6.291704792,20.29670091,1,57,224,184,417,0.727680385,1
1,306.6670227,278.3860016,146.3353729,146.3356304,89.20776248,0,right,6.220371523,22.35262378,1,65,220,186,406,0.667521119,1
1,308.4947014,280.9502792,144.5324516,144.532671,87.31577396,0,right,6.885379699,21.24513091,1,74,217,206,439,0.702095807,1
1,306.7241478,278.1164074,146.4035988,146.4038086,86.8486464,0,right,6.271794919,22.80877922,1,76,216,195,409,0.656598628,1
1,310.3019333,281.0404587,142.5148773,142.515192,87.1448338,0,right,6.37243937,21.57530141,1,76,215,193,407,0.688135684,1
1,306.8949699,281.3437557,143.7993813,143.7995911,86.26673818,0,right,6.475394194,21.4988438,1,78,215,194,404,0.70165664,1
1,307.3698616,280.9806347,142.5757408,142.5759315,87.98516989,0,right,7.136941089,20.52107964,1,74,216,190,402,0.673824251,1
1,310.4877472,283.7252426,140.0842285,140.0845814,82.86391497,0,right,7.271440739,20.36324992,1,69,214,195,436,0.61872226,1
1,302.6763344,281.2520313,148.9710808,148.9711761,83.9135468,0,right,7.308200293,19.38669765,1,72,227,174,397,0.661793768,1
1,259.799633,303.2219291,193.1044197,193.0965614,86.53718233,2,forward,-7.360939903,-2.858478588,0,0,0,0,0,0,0
1,257.2511482,260.2454376,166.7361259,166.7356396,85.4245007,1,forward,-6.030790017,-2.83197717,0,0,0,0,0,0,0
1,277.5574684,291.8825626,139.015522,139.0156746,83.15896392,0,down,-15,10,1,104,286,257,477,0.769596159,1
1,279.2201233,288.4655857,138.3895111,138.38974,84.77403522,0,down,-15,10,1,101,284,254,478,0.868196726,1
1,188.5051727,211.6301537,133.4357834,133.4358788,93.10910702,0,forward,1.452038549,2.897702952,0,0,0,0,0,0,0
1,186.9034004,243.7487411,190.2427101,190.2350521,95.24148107,0,forward,3.60731985,5.511601183,0,0,0,0,0,0,0
1,302.8945351,285.329504,151.991787,151.9918442,91.58830643,0,right,4.746380496,19.91892101,1,94,282,242,478,0.870137513,1
1,186.5233994,245.6775284,189.3280411,189.323473,95.82136869,0,forward,3.30873415,5.597734811,0,0,0,0,0,0,0
1,338.519249,277.4907589,147.4323273,147.4324608,89.56660032,0,left,7.988153794,-19.83380185,1,101,282,245,477,0.872085512,1
1,352.2121811,282.0233631,137.9656982,137.9655647,85.84212065,0,left,9.449875487,-13.50182322,1,101,282,244,477,0.864603817,1
1,346.6432953,279.8596573,140.7098007,140.7096004,86.60411835,0,left,10.73289034,-14.54587414,1,102,282,243,475,0.857791483,1
1,345.5733871,277.0999432,142.8871918,142.8870392,85.78833938,0,left,9.30160911,-16.66361408,1,102,281,243,476,0.866404116,1
1,264.4981766,321.2341976,133.8800049,133.8803101,95.61555386,0,forward,-4.942266424,6.864656441,1,179,427,308,478,0.698201478,1
1,264.0140915,320.1882648,133.6323929,133.6326599,96.02630138,0,forward,-4.976738685,7.223667297,1,174,434,320,478,0.675085485,1
1,186.0958672,175.6703854,141.6887093,141.6888428,91.92723036,0,forward,9.03413242,14.33809179,0,0,0,0,0,0,1
1,261.7691422,292.8980232,177.050705,177.0458221,91.72514081,2,forward,-5.875226447,-2.8259697,0,0,0,0,0,0,0
1,289.3517303,320.7154154,197.5466919,197.5359821,86.0987246,2,forward,-0.045123119,-2.815787378,0,0,0,0,0,0,0
1,185.5032921,232.1176815,185.7073021,185.698185,95.45307159,0,forward,4.210069036,4.996912658,0,0,0,0,0,0,0
1,263.6588097,247.4538327,178.7965965,178.791132,88.57108951,0,forward,-3.638141062,-2.805921249,0,0,0,0,0,0,0
1,279.8765755,285.2865314,150.9646416,150.9646797,88.98342252,0,right,2.392333865,15.55169408,0,0,0,0,0,0,1
1,279.5295906,284.4313145,154.9521065,154.9521446,89.61284161,0,right,0.61374839,17.10419498,0,0,0,0,0,0,1
1,278.309288,283.3293915,155.0523376,155.0523663,88.21265697,0,right,0.417945423,16.62511182,0,0,0,0,0,0,1
1,284.2068481,285.5332947,149.7536469,149.7537518,89.42908049,0,right,0.478688657,16.12484,0,0,0,0,0,0,1
1,282.9702759,285.4394245,150.9698486,150.9700584,90.81178904,0,right,1.550049265,15.63987957,0,0,0,0,0,0,1
1,283.249588,284.9059582,152.1557999,152.1558952,89.57817554,0,right,1.828802109,15.90088682,0,0,0,0,0,0,1
1,280.1997948,279.5809937,156.4827538,156.4828777,93.32052469,0,right,0.991342037,16.21713672,0,0,0,0,0,0,1
1,283.6401558,283.3990002,156.5311623,156.5312576,92.93473363,0,right,1.272847529,17.01622244,0,0,0,0,0,0,1
1,284.3948555,281.670084,158.7389946,158.739109,92.39578843,0,right,1.112277928,16.95330451,0,0,0,0,0,0,1
1,288.5531616,283.5348988,153.433075,153.4332848,91.55368209,0,right,1.532914092,16.47590848,0,0,0,0,0,0,1
1,288.3884239,280.7764435,156.4544868,156.4547253,92.04115868,0,right,2.162930445,15.94805756,0,0,0,0,0,0,1
1,273.3556938,266.5280628,198.9137077,198.9079571,90.88310599,2,forward,-5.117103569,-2.800369555,0,0,0,0,0,0,0
1,266.6741943,237.0358348,138.6393356,138.6390781,90.96876979,2,forward,-7.95389577,-2.795910326,0,0,0,0,0,0,0
1,260.1804161,279.3391132,191.0736656,191.0617447,81.60404563,2,forward,-3.028364123,-2.793220187,0,0,0,0,0,0,0
1,296.3821411,307.1782327,201.8592072,201.8406773,82.82819986,2,forward,-4.002080276,-2.767636742,0,0,0,0,0,0,0
1,183.7592316,244.6471882,189.8670959,189.8625755,96.30335569,0,forward,3.71824941,5.463775939,0,0,0,0,0,0,0
1,298.1585693,298.623693,198.054657,198.0441856,87.25396991,2,forward,-3.393900173,-2.752596331,0,0,0,0,0,0,0
1,267.648201,180.7360101,180.7934189,180.7889557,93.85915995,0,forward,-2.419567951,-2.7410775,0,0,0,0,0,0,0
1,250.3452301,210.4852653,141.7651749,141.7647743,83.19419622,0,forward,-9.449957631,-2.720702261,0,0,0,0,0,0,1
1,236.9436455,224.2207837,143.4239769,143.4239101,88.93475533,0,forward,-0.078822928,-2.720637781,0,0,0,0,0,0,0
1,264.5699883,263.5699392,196.3649559,196.3559818,91.83743596,1,forward,-0.157500771,-2.719476858,0,0,0,0,0,0,0
1,281.3708115,278.3035374,189.1939545,189.183712,89.1194582,2,forward,-7.792534459,-2.705031976,0,0,0,0,0,0,0
1,278.0413437,265.5488086,190.365181,190.3592205,87.75647283,2,forward,-7.886881607,-2.703822723,0,0,0,0,0,0,0
1,183.2500267,247.5972462,180.0039482,180.0000572,95.03160715,0,forward,4.640011082,8.34688881,0,0,0,0,0,0,0
1,259.2046165,225.8658886,132.9157448,132.9156017,74.61544871,2,forward,-6.075124457,-2.68151538,0,0,0,0,0,0,0
1,183.1371307,172.0470715,132.9609299,132.9613209,83.14466476,0,forward,11.48724747,14.457411,0,0,0,0,0,0,1
1,291.5657234,304.1937852,207.0408821,207.0209885,80.27599454,2,forward,-3.95847282,-2.680126578,0,0,0,0,0,0,0
1,312.6965332,316.017909,187.1532059,187.1432447,88.62295151,2,forward,-4.070692212,-2.680002309,0,0,0,0,0,0,0
1,181.4371109,247.1210575,182.074852,182.0697784,93.44490767,0,forward,-2.966554309,5.421094864,0,0,0,0,0,0,0
1,302.1075058,301.4222837,181.9302368,181.9238377,83.48805308,2,forward,-4.183938802,-2.678986096,0,0,0,0,0,0,0
1,263.7611961,318.0545997,193.2864571,193.2790661,85.83757877,2,forward,-2.861664368,-2.663920364,0,0,0,0,0,0,0
1,247.0401764,279.8744881,153.5271072,153.5269976,80.92117906,2,forward,-5.288312655,0.030274423,0,0,0,0,0,0,0
1,260.9135628,269.1589594,161.496067,161.4957476,90.56851268,2,forward,-5.28944749,1.78168397,0,0,0,0,0,0,0
1,180.6642342,246.2757111,170.5521965,170.5493259,95.40799856,0,forward,2.931415377,4.485056077,0,0,0,0,0,0,0
1,260.9892273,319.6873856,135.5463409,135.5465984,95.7598269,0,forward,-5.304256535,7.390279769,1,184,427,309,478,0.626963019,1
1,299.5788002,279.1998267,170.3066444,170.3064537,94.60886121,2,forward,-7.61087583,-2.651924926,0,0,0,0,0,0,0
1,272.2044754,283.4409642,189.8442078,189.8328495,87.71292567,2,forward,-4.72130602,-2.634629896,0,0,0,0,0,0,0
1,290.7652283,312.4681867,213.3640671,213.3416891,79.61925268,2,forward,-2.515121753,-2.633244923,0,0,0,0,0,0,0
1,267.7974129,318.1331778,189.5038795,189.4970942,74.99020696,2,forward,-5.315222748,-2.630523231,0,0,0,0,0,0,0
1,278.0501366,284.5627213,147.5903511,147.5903606,91.03511572,0,right,1.527829578,15.58813742,0,0,0,0,0,0,1
1,281.0062408,284.6233749,144.9916077,144.9918079,90.13361931,0,right,2.744718163,16.40516021,0,0,0,0,0,0,1
1,280.7484627,283.9977551,146.2654686,146.265564,90.38411975,0,right,3.524494529,16.40209071,0,0,0,0,0,0,1
1,280.0984001,282.4766636,153.7971687,153.7973213,88.59900832,0,right,2.645717334,17.39144888,1,427,301,634,480,0.790557563,1
1,284.9319458,285.2707958,158.2172012,158.2174301,90.88585377,0,right,1.592801148,15.79489895,1,469,296,634,480,0.773612559,1
1,252.692852,140.9644341,143.2183266,143.2182884,92.41408706,0,forward,-2.867851193,-2.619319724,0,0,0,0,0,0,0
1,290.6025887,276.9075513,185.2024651,185.1969624,92.61219501,0,forward,-1.864810639,-2.606375959,0,0,0,0,0,0,0
1,180.5224609,173.4157562,133.2587814,133.2590389,78.47566009,0,forward,11.1723909,13.2723408,0,0,0,0,0,0,1
1,254.8538399,218.5438323,119.1806602,119.1806102,82.72386193,1,forward,-6.410566621,-2.594951347,0,0,0,0,0,0,0
1,270.9734154,206.9823098,182.1778679,182.1709728,87.26117015,0,forward,-6.738895917,-2.58885428,0,0,0,0,0,0,0
1,275.3124619,266.1738396,190.6998444,190.694418,92.57671833,1,forward,-1.40474011,-2.581163376,0,0,0,0,0,0,0
1,180.4763412,254.1322231,181.8413544,181.8354034,90.08276463,0,forward,-2.132910231,6.829379932,0,0,0,0,0,0,0
1,257.7360153,274.0351057,180.1610565,180.1538515,84.75922942,1,forward,-1.3215292,-2.550790686,0,0,0,0,0,0,0
1,245.9490204,263.4956885,206.241684,206.2288713,88.25589418,2,forward,-0.930881165,-2.545910471,0,0,0,0,0,0,0
1,240.0173569,266.2871933,155.4581833,155.4581738,94.81400251,1,forward,-5.442102791,7.820529362,0,0,0,0,0,0,0
1,264.6253014,319.9584675,137.2901344,137.2904778,94.88220811,0,forward,-5.445268093,8.301479348,1,199,433,323,478,0.66996628,1
1,180.4087448,260.9192562,173.7051773,173.7007141,92.10929275,0,forward,-4.048066706,7.055264754,0,0,0,0,0,0,0
1,335.169487,288.1298733,147.4198151,147.4199867,88.14558983,0,left,4.795190417,-13.2065564,1,77,361,358,480,0.709867358,1
1,351.0258102,290.6000519,146.9733047,146.9732952,91.3192153,0,left,1.945505482,-19.38746863,0,0,0,0,0,0,1
1,365.7655334,283.9302063,136.4712906,136.4714527,79.78696227,0,left,0.392971171,-16.09975427,0,0,0,0,0,0,1
1,379.3120193,285.9632778,112.985878,112.9857731,64.25014138,0,left,-1.000755353,-12.01123632,0,0,0,0,0,0,1
1,251.7147064,284.2907214,152.9394913,152.9393291,84.79393721,1,forward,-3.078495762,-2.545688584,0,0,0,0,0,0,0
0,0,0,0,0,0,0,left,-0.674151925,-10.53372445,0,0,0,0,0,0,1
1,362.3386765,285.7781696,136.7366791,136.7365837,51.37704015,0,left,0.963776272,-12.2109279,1,156,251,400,348,0.716632366,1
1,370.4496765,286.7746353,132.783165,132.7833652,71.96088433,0,left,0.421572985,-13.5439909,1,156,255,390,347,0.711474359,1
1,375.1426315,288.90172,126.5546799,126.5544891,65.19173384,0,left,0.004641012,-14.33223887,1,155,256,384,354,0.622232378,1
1,373.9795685,290.1157665,121.3366318,121.3367844,76.40811205,0,left,0.277917028,-13.30987294,0,0,0,0,0,0,1
1,375.9270096,287.5841618,123.6827087,123.6826515,71.00521922,0,left,1.093595496,-15.39935816,0,0,0,0,0,0,1
1,371.8154526,283.661356,130.6346512,130.634594,73.48406911,0,left,-0.176546366,-14.04735322,0,0,0,0,0,0,1
1,362.0486832,282.8431606,142.0353699,142.0355415,73.84762764,0,left,0.567345268,-14.96506462,0,0,0,0,0,0,1
1,351.7316818,286.0094547,146.7779541,146.7780304,89.00773525,0,left,3.450741279,-17.68219256,0,0,0,0,0,0,1
1,308.0318451,283.3955383,139.6464157,139.6466732,86.18271947,0,right,7.899247434,15.77895573,0,0,0,0,0,0,1
1,288.5051918,290.3176403,126.4074135,126.4076042,69.17176247,0,down,-15,10,0,0,0,0,0,0,1
1,236.874752,228.3199214,138.0868721,138.0868149,75.08772016,1,forward,-1.324782436,-2.541664663,0,0,0,0,0,0,0
1,281.7090607,283.5430241,138.4236908,138.4239006,79.83923554,0,right,11.99710979,16.01404137,0,0,0,0,0,0,1
1,291.9185066,281.499939,149.5176125,149.5176601,89.09860849,0,right,6.458569548,22.32141483,0,0,0,0,0,0,1
1,303.73703,308.5231065,192.2925568,192.2804403,85.07280946,2,forward,-4.906479359,-2.532791382,0,0,0,0,0,0,0
1,179.8552132,164.9337673,135.6800842,135.6801796,72.86555767,0,forward,11.77823662,12.16200736,0,0,0,0,0,0,0
1,282.6661873,287.0443726,128.6556053,128.6558819,79.02778387,0,right,16.3132235,18.00205194,0,0,0,0,0,0,1
1,288.7071609,281.0119629,146.3536072,146.3537121,87.18563914,0,right,7.508728025,21.0460583,0,0,0,0,0,0,1
1,299.7707558,280.6206608,148.0399895,148.0400848,92.94505119,0,right,4.93652219,20.02245096,0,0,0,0,0,0,1
1,285.6546974,287.0842838,148.2789803,148.2792091,89.54256177,0,right,-0.139818735,17.91093775,0,0,0,0,0,0,1
1,280.1961517,283.5385895,158.0825806,158.0826473,91.4950788,0,right,1.046413962,15.0444104,1,53,174,194,473,0.885828733,1
1,177.6011848,170.6039429,132.3521805,132.3526382,81.48033023,0,forward,10.75734163,14.30293862,0,0,0,0,0,0,1
1,265.9228134,279.4507456,178.9846039,178.9774847,84.58268046,2,forward,-4.043537786,-2.509113271,0,0,0,0,0,0,0
1,266.3810349,260.28785,158.5632324,158.5628414,81.10155463,1,forward,-5.589232494,-2.497308666,0,0,0,0,0,0,0
1,302.7365303,335.5253232,196.8241692,196.8121004,89.05211687,2,forward,-0.831186018,-2.463283167,0,0,0,0,0,0,0
1,272.0264435,213.7313628,173.4879684,173.4839058,92.11812615,1,forward,-3.74634174,-2.462402299,0,0,0,0,0,0,0
1,265.1490211,258.1890749,200.2466393,200.2411366,87.98024058,1,forward,-0.789185702,-2.451922749,0,0,0,0,0,0,0
1,235.7495499,155.7109809,177.6399612,177.6333904,91.84912443,0,forward,-5.623838009,0.746187536,1,261,406,411,479,0.6569888,1
1,268.8750458,167.632463,257.0140076,256.984005,72.64271379,1,forward,-6.53353794,-2.448980497,1,166,287,307,479,0.853857756,1
1,177.5472069,246.2792587,175.7591438,175.7561016,95.4506278,0,forward,1.85668938,4.678709319,0,0,0,0,0,0,0
1,269.3627739,317.0037174,137.389698,137.3895264,96.29688859,0,forward,-5.656262442,7.187035473,1,231,446,347,479,0.602410972,1
1,242.2160912,236.8151021,156.7947197,156.794672,85.23424864,0,forward,-0.133421565,-2.448504417,0,0,0,0,0,0,0
1,256.7182732,287.8666664,147.4511147,147.4510574,87.95864582,1,forward,-4.854157072,-2.433374506,0,0,0,0,0,0,0
1,248.8621902,224.366827,124.8373795,124.8372459,91.54057503,2,forward,-0.946426236,-2.410257719,0,0,0,0,0,0,0
1,309.0281868,283.9601898,155.791378,155.7913113,92.7408576,0,right,3.04264539,15.63230628,0,0,0,0,0,0,1
1,300.5968666,286.7228222,147.9850578,147.9850388,91.56469703,0,right,2.245391854,19.34770319,0,0,0,0,0,0,1
1,299.7336006,284.2279816,145.9734917,145.9735966,92.96956062,0,right,2.900804003,19.52584704,0,0,0,0,0,0,1
1,303.9666176,280.3333569,143.821888,143.8220215,93.89715195,0,right,4.2561727,18.38622094,0,0,0,0,0,0,1
1,310.6404495,282.766571,136.2472534,136.2474918,91.94322228,0,right,6.668175935,19.11613967,0,0,0,0,0,0,1
1,308.7499428,275.901947,133.0536079,133.0533886,80.4351449,0,right,6.37081679,16.83235973,0,0,0,0,0,0,1
1,264.7547531,165.9613919,195.3790283,195.3698444,85.23145914,1,forward,-3.050546449,-2.401023796,1,150,286,307,480,0.794142425,1
1,265.4689407,262.194879,195.4123688,195.407753,93.9488709,2,forward,-0.166611279,-2.400792611,0,0,0,0,0,0,0
1,240.8574104,256.0192084,181.5644264,181.5575695,92.33847857,1,forward,-3.369092069,-2.398370804,0,0,0,0,0,0,0
1,263.2136536,270.9562612,208.6200333,208.6093998,87.91254759,1,forward,-0.065237523,-2.383807594,0,0,0,0,0,0,0
1,266.5474129,319.9340916,133.5924339,133.5924911,95.5437243,0,forward,-5.749827826,7.555343229,1,220,442,332,480,0.71861428,1
0,0,0,0,0,0,0,down,-15,10,1,289,327,480,422,0.70509541,1
0,0,0,0,0,0,0,down,-15,10,1,294,332,484,435,0.733883917,1
0,0,0,0,0,0,0,down,-15,10,1,289,335,483,438,0.776997387,1
0,0,0,0,0,0,0,down,-15,10,1,281,334,479,438,0.755957603,1
1,177.3860359,170.6454563,131.4251518,131.4256096,83.00980926,0,forward,9.863111988,14.47105805,0,0,0,0,0,0,1
1,342.0727921,283.0258083,150.0152969,150.0153351,86.77390814,0,left,4.729647334,-17.83840971,0,0,0,0,0,0,1
1,356.6130066,278.9029026,150.2882004,150.2882195,86.90448403,0,left,4.638965605,-22.60158523,0,0,0,0,0,0,1
1,360.0725174,278.6511612,151.0781479,151.0781765,79.75385785,0,left,3.861486921,-23.33986062,0,0,0,0,0,0,1
1,360.3569031,278.9930248,148.371315,148.3713913,85.34094691,0,left,5.651348794,-23.57137527,0,0,0,0,0,0,1
1,364.4408035,277.2288895,138.1439209,138.1437206,87.59456277,0,left,7.890806709,-19.47658203,0,0,0,0,0,0,1
1,363.2417297,278.3255768,135.6435776,135.6432438,86.86832786,0,left,8.956914844,-18.32201174,0,0,0,0,0,0,1
1,368.2998657,280.3569317,133.4692383,133.4690094,86.79305911,0,left,9.405073509,-16.4459473,0,0,0,0,0,0,1
1,358.7017059,276.0082912,144.8810959,144.8807716,84.4096303,0,left,6.102911478,-21.46963474,0,0,0,0,0,0,1
1,339.180336,284.1314793,145.983963,145.9839821,88.48261237,0,left,7.928097627,-15.83974828,0,0,0,0,0,0,1
1,247.1675873,142.303536,170.8992767,170.8948517,93.27241778,0,forward,-5.79475779,2.23609444,1,250,412,410,479,0.613543272,1
1,299.4831085,300.2746391,189.6493149,189.6389866,88.83604407,2,forward,-1.808956249,-2.363583107,0,0,0,0,0,0,0
1,265.0395584,247.838552,159.5981216,159.5978165,91.33199453,0,forward,-2.140996061,-2.36128527,0,0,0,0,0,0,0
1,316.1935043,313.3569431,179.416275,179.4097996,86.79100871,0,down,-14.51482194,-1.684190624,0,0,0,0,0,0,1
1,306.8769264,327.2911835,156.9101143,156.9071388,51.30578876,0,down,-17.62265197,-2.024945856,0,0,0,0,0,0,1
1,288.7490082,333.3201599,196.4945984,196.4694214,58.567065,0,down,-15,10,0,0,0,0,0,0,1
1,307.161274,328.577528,166.5805244,166.5691853,66.10718966,0,down,-15,10,0,0,0,0,0,0,1
1,314.1736031,333.2988453,150.7402611,150.7393742,64.05234933,0,down,-15,10,0,0,0,0,0,0,1
1,290.6650734,344.6130466,194.9793053,194.9524212,62.40587831,0,down,-15,10,0,0,0,0,0,0,1
1,296.2499046,338.9517117,187.1694374,187.144289,58.65183473,0,down,-15,10,0,0,0,0,0,0,1
1,281.0718727,270.367105,193.8793755,193.873558,90.04213214,0,forward,-1.153811903,-2.355647336,0,0,0,0,0,0,0
1,326.9865799,275.2228546,142.9413986,142.9412556,91.55936837,0,right,16.78869066,18.22442423,0,0,0,0,0,0,1
1,176.8304825,247.0539093,175.1079178,175.1044178,95.80354095,0,forward,1.533603977,4.338695504,0,0,0,0,0,0,0
1,278.2683945,246.4917851,162.000618,161.9942093,80.85258007,0,forward,-8.076604073,-2.353002502,0,0,0,0,0,0,1
1,245.638237,238.3346534,145.8150482,145.815239,85.67764163,1,forward,-5.869887566,1.353707455,0,0,0,0,0,0,0
1,342.9310608,284.8570633,165.08255,165.0824833,93.47249866,0,left,2.388339267,-12.72191739,1,189,210,347,480,0.878908277,1
1,345.7844162,277.9710674,168.1090927,168.1048965,92.91259646,0,left,3.156397564,-13.2318269,1,204,217,355,479,0.882662356,1
1,350.1055145,280.797987,162.5779343,162.5779724,91.52317643,0,left,3.405303337,-13.11648345,1,206,213,357,477,0.908751488,1
1,353.6852646,281.7493916,158.4957504,158.4958076,89.40285444,0,left,2.997715824,-13.56286536,1,208,211,359,477,0.899769247,1
1,345.6951141,281.3870716,163.984642,163.9814758,93.19971204,0,left,4.264626905,-12.96135721,1,178,224,347,478,0.815779805,1
1,348.916626,281.748991,161.9558334,161.9558716,91.92019701,0,left,3.827208298,-13.65808622,1,187,217,349,477,0.923736989,1
1,350.7643509,282.0645618,159.614563,159.6145248,91.5350318,0,left,3.219833768,-14.04942429,1,189,219,352,476,0.929158211,1
1,351.8260193,280.3341579,158.5104752,158.5105133,90.74649811,0,left,3.684460146,-13.8307404,1,190,217,351,477,0.919515669,1
1,352.0444107,282.3302078,156.0991669,156.0991001,89.73573446,0,left,3.733025133,-13.57096075,1,189,219,349,476,0.923109591,1
1,358.4369278,283.272028,154.5148468,154.5150375,87.64170408,0,left,3.339640056,-13.80953462,1,195,178,345,450,0.914304614,1
1,360.7408524,282.8525162,154.7424698,154.7426319,85.75359583,0,left,2.79756908,-13.9674254,1,198,180,349,459,0.928034842,1
1,360.1205444,279.3165493,155.9642029,155.9643745,86.12462878,0,left,3.992985804,-13.68494538,1,197,182,351,465,0.922198713,1
1,359.364357,279.364357,152.3211288,152.3213482,83.84339809,0,left,4.123872479,-13.45246621,1,198,190,349,475,0.926075101,1
1,360.0644684,279.6713734,150.7747269,150.7748222,83.183074,0,left,4.501239675,-13.53488517,1,200,188,351,475,0.926128149,1
1,358.3969879,278.9000702,152.7666092,152.7668667,86.8991971,0,left,3.553358888,-14.1147081,1,190,193,344,477,0.905370593,1
1,354.5859909,281.6635036,152.8043747,152.8043747,88.11674118,0,left,4.782730176,-13.10656411,0,0,0,0,0,0,1
1,355.3025436,282.8883076,149.1724777,149.1725922,90.59998989,0,left,4.927569731,-12.71457184,0,0,0,0,0,0,1
1,351.5544891,285.2737141,149.9491882,149.9492455,89.99329209,0,left,5.724165799,-10.92310098,0,0,0,0,0,0,1
1,353.1353378,282.2202015,150.1938248,150.1939201,87.1361196,0,left,6.522702053,-11.42101723,0,0,0,0,0,0,1
1,359.6474075,284.1052151,143.6406326,143.6408043,88.33242655,0,left,5.056007262,-11.80055352,0,0,0,0,0,0,1
1,360.5280685,281.6299725,148.5781097,148.5783005,86.16455793,0,left,3.780088406,-11.67491013,0,0,0,0,0,0,1
1,206.7340088,209.1685581,176.2624359,176.2390137,54.70139384,0,down,-15,10,0,0,0,0,0,0,1
1,240.2892494,179.0218234,176.1315727,176.1259747,95.26947737,0,forward,-3.798858603,-2.34565999,0,0,0,0,0,0,0
1,221.7021561,213.102293,163.2055664,163.2013321,86.65732145,0,right,14.28452088,15.11906024,0,0,0,0,0,0,1
1,247.2140503,225.8675933,132.109375,132.1092796,88.35555315,0,forward,-1.92419722,-2.335644014,0,0,0,0,0,0,0
1,302.7036667,269.1123891,167.1773911,167.1741772,87.41555214,2,forward,-9.789310447,-2.325744193,0,0,0,0,0,0,1
1,263.3121872,237.1010184,192.0321655,192.0245934,80.80894947,2,forward,-5.901259787,0.245731737,0,0,0,0,0,0,0
1,252.5588036,212.3655582,134.4539452,134.4537449,86.62685156,0,forward,-8.828497111,-2.311707167,0,0,0,0,0,0,1
1,246.9341087,231.6404819,143.6307335,143.6307335,86.07474566,0,forward,-1.750433364,-2.29126705,0,0,0,0,0,0,0
1,259.6949196,258.0816245,180.2735329,180.2679634,79.79180813,2,forward,-9.801632402,-2.286095076,0,0,0,0,0,0,1
1,176.2688637,247.5466919,178.963871,178.960104,95.95192671,0,forward,2.087273765,4.876802159,0,0,0,0,0,0,0
1,265.0329018,318.595047,137.4232674,137.4234867,94.81368065,0,forward,-5.964903223,7.594528666,1,196,423,329,479,0.713676393,1
1,260.6607246,249.7421384,186.6049385,186.6001797,91.88328981,2,forward,-5.967347687,1.050993322,0,0,0,0,0,0,0
1,248.004303,216.3843704,129.319191,129.3186951,86.90189719,2,forward,-7.390802565,-2.264112377,0,0,0,0,0,0,0
1,249.8101044,241.2844849,147.2979736,147.2981358,80.56026101,2,forward,-2.074634512,-2.257540744,0,0,0,0,0,0,0
1,176.1479378,206.7182636,125.5182266,125.5185127,92.74054766,0,forward,7.415121276,14.62487538,0,0,0,0,0,0,1
1,243.5889816,214.8239922,125.8110428,125.8110237,91.23076797,0,forward,-3.209609649,-2.245057689,0,0,0,0,0,0,0
1,265.4349709,190.2921987,194.1067696,194.0934849,81.034863,0,forward,-6.009372918,1.850133072,1,163,285,312,480,0.775550604,1
1,234.6378136,230.2197075,166.8728447,166.8728542,89.6528542,0,forward,-2.514465993,-2.243406542,0,0,0,0,0,0,0
1,175.7324409,249.4643784,181.9470406,181.943121,95.66682577,0,forward,0.501825534,4.989938004,0,0,0,0,0,0,0
1,266.9147682,256.4684868,214.0333366,214.0200806,76.45807266,2,forward,-8.180753872,-2.220983651,0,0,0,0,0,0,1
1,175.3071976,165.4925823,142.9829788,142.9831696,84.31513309,0,forward,1.693102076,9.125217089,0,0,0,0,0,0,0
1,245.5070686,231.4245128,134.029026,134.0290546,88.0204916,0,forward,-0.647283528,-2.213792015,0,0,0,0,0,0,0
1,265.5888557,164.6253228,190.9124565,190.9046173,85.62907577,1,forward,-5.644504467,-2.205002395,1,157,284,305,480,0.841604412,1
1,260.2960205,266.7056632,207.1147156,207.104702,90.51482677,2,forward,-0.730122561,-2.202121689,0,0,0,0,0,0,0
1,175.2822876,167.9563236,131.2002373,131.2003326,78.98990512,0,forward,10.9133788,13.03520628,0,0,0,0,0,0,1
1,259.193821,275.7247472,147.6792336,147.6791382,89.74665999,1,forward,-5.971704647,-2.200900311,0,0,0,0,0,0,0
1,175.2799797,247.3984623,181.1757088,181.1720467,96.49887085,0,forward,0.154315707,4.687126944,0,0,0,0,0,0,0
1,254.0996742,219.6148133,123.1403923,123.1401443,78.00658345,2,forward,-7.76144987,-2.165161274,0,0,0,0,0,0,0
1,152.8633595,269.8027039,137.3694515,137.3691845,53.7161231,0,down,-15,10,0,0,0,0,0,0,1
1,148.9445686,272.694397,132.315464,132.315588,66.5564239,0,right,6.093780337,15.84180261,0,0,0,0,0,0,1
1,255.6391144,239.119997,135.7941818,135.7943344,86.42931581,1,forward,-4.72117674,-2.164608523,0,0,0,0,0,0,0
1,259.4456673,289.4318486,142.6920509,142.691946,88.8784945,1,forward,-3.641218254,-2.149061162,0,0,0,0,0,0,0
1,145.5263996,279.4699001,124.1031551,124.103508,67.00022817,0,right,5.805878093,15.49073132,0,0,0,0,0,0,1
1,152.7984524,264.8579121,135.0639629,135.0641441,80.52406311,0,right,4.879309062,16.52894364,0,0,0,0,0,0,1
1,175.0487137,248.2423496,178.1850433,178.1809044,96.17542624,0,forward,2.001389306,4.94473282,0,0,0,0,0,0,0
1,245.0581741,232.8119087,141.8489075,141.8489742,85.36903262,0,forward,-0.97118666,-2.136080081,0,0,0,0,0,0,0
1,284.32127,260.8515644,162.9081154,162.9076195,59.26095247,0,left,4.226103241,-11.88799132,0,0,0,0,0,0,1
1,266.3815689,256.6117001,168.9543533,168.9488983,67.30217934,0,left,3.883053075,-13.3843693,0,0,0,0,0,0,1
1,174.6767044,249.4043255,177.9530334,177.9486465,95.98408937,0,forward,1.102660691,5.361933206,0,0,0,0,0,0,0
1,174.5055962,255.8723545,172.558651,172.5517845,86.17461324,0,forward,-5.398150112,5.008447586,0,0,0,0,0,0,0
1,252.7488708,234.3260788,131.2173462,131.2174416,84.38814878,1,forward,-5.069696618,-2.123619372,0,0,0,0,0,0,0
1,249.6574402,235.6061626,140.7045746,140.7046223,76.21049881,0,forward,-2.808032874,-2.111117782,0,0,0,0,0,0,0
1,255.1090622,287.8091097,148.0659485,148.0658627,85.96355319,1,forward,-4.787716262,-2.107464781,0,0,0,0,0,0,0
1,264.1875648,256.5279126,193.2783699,193.2733154,93.36336851,2,forward,-1.977462408,-2.097798947,0,0,0,0,0,0,0
1,246.4644623,222.7803064,141.3292313,141.3290977,88.94997835,0,forward,-4.392808226,-2.063801459,0,0,0,0,0,0,0
1,281.4121628,275.0955606,189.7286987,189.7220707,88.15225363,2,forward,-6.71323361,-2.057412313,0,0,0,0,0,0,0
1,259.1987038,288.5371995,145.12743,145.1273632,86.7243588,1,forward,-4.108041564,-2.056821971,0,0,0,0,0,0,0
1,173.3647919,244.5614719,179.4580841,179.4543457,96.01086974,0,forward,2.907619947,5.045352499,0,0,0,0,0,0,0
1,253.2855034,287.681247,149.9598885,149.9597454,84.97654796,1,forward,-4.239818773,-2.050698946,0,0,0,0,0,0,0
1,230.5454254,171.8519902,183.5593033,183.5484982,90.78714848,0,forward,-5.647649217,-1.968082247,0,0,0,0,0,0,0
1,256.8984985,269.1814637,174.797821,174.7917938,85.74694395,1,forward,-2.394541684,-1.962283625,0,0,0,0,0,0,0
1,268.1440544,262.5165367,193.7230873,193.7177181,92.32439995,2,forward,-5.692297422,-1.95486555,0,0,0,0,0,0,0
1,250.5364418,228.0394173,127.4288368,127.4288464,90.81215262,0,forward,-1.381254486,-1.953128261,0,0,0,0,0,0,0
1,291.2111092,293.3018017,142.5997734,142.599678,78.86621356,1,forward,-6.642481062,7.693931715,0,0,0,0,0,0,0
1,171.4163589,163.9520931,136.2660217,136.2661171,78.34822536,0,forward,7.553971712,9.457174623,0,0,0,0,0,0,0
1,238.7522125,291.7606258,137.0223618,137.0223427,95.27826309,0,forward,-6.659915567,6.794858999,1,233,438,340,479,0.71589762,1
1,260.4010963,236.548655,134.7268867,134.7269726,90.49051404,1,forward,-5.748536133,-1.950759226,0,0,0,0,0,0,0
1,254.9131203,272.0579362,152.177906,152.1778679,87.75054216,2,forward,-4.989778898,-1.948904804,0,0,0,0,0,0,0
1,281.6042137,270.8571243,142.650013,142.6500607,81.66743517,0,forward,-2.791753226,-1.947362316,0,0,0,0,0,0,0
1,250.6798553,233.2684993,131.3812256,131.3813782,89.76569772,2,forward,-1.881046905,-1.945376922,0,0,0,0,0,0,0
1,171.3871193,252.4174118,157.8828239,157.882719,86.32807732,0,forward,9.510460856,11.65183847,0,0,0,0,0,0,0
1,246.0355759,221.7536164,139.5739746,139.5738316,83.35729241,0,forward,-4.978069896,-1.925888452,0,0,0,0,0,0,0
1,226.620388,142.5104832,176.155262,176.1548424,92.89062619,1,forward,-6.746338893,1.85178831,0,0,0,0,0,0,0
1,170.6950378,266.7343998,185.5983734,185.5928993,92.88434386,0,forward,-4.572800486,7.542090687,0,0,0,0,0,0,0
1,260.1977921,257.0946479,195.8911514,195.8862305,94.05554533,0,forward,-0.017855916,-1.898121431,0,0,0,0,0,0,0
1,257.8463745,174.4946265,182.8612137,182.854414,95.44181228,0,forward,-0.038535208,-1.879174036,0,0,0,0,0,0,0
1,261.6720963,261.8268705,198.1489563,198.1398869,90.48179388,2,forward,-0.430138987,-1.867941997,0,0,0,0,0,0,0
1,263.7626076,264.018941,194.775219,194.7668409,89.07843232,2,forward,-2.882085714,-1.860524682,0,0,0,0,0,0,0
1,259.3508911,172.6842046,185.7105637,185.705595,93.79241467,0,forward,-0.700811244,-1.837578875,0,0,0,0,0,0,0
1,169.2447472,193.5151577,123.0082321,123.0083656,92.61654019,0,forward,-1.567676332,10.88562864,0,0,0,0,0,0,0
1,278.7677383,267.8099703,192.8263855,192.821188,92.61875153,0,forward,-1.51567427,-1.818290203,0,0,0,0,0,0,0
1,248.7107277,221.4374185,138.5262871,138.5260677,85.12794375,2,forward,-9.407650514,-1.795966408,0,0,0,0,0,0,1
1,252.918148,109.0607071,139.7088432,139.7087288,85.57116389,0,forward,-9.250969867,-1.774016011,0,0,0,0,0,0,1
1,256.8983078,246.9166064,163.2091904,163.208971,93.81702542,0,forward,-0.082864334,-1.751059617,0,0,0,0,0,0,0
1,168.2302094,198.6053753,126.269455,126.269474,93.57082844,0,forward,6.781880698,13.64517589,0,0,0,0,0,0,1
1,231.7586136,155.8738208,173.1620026,173.1617546,90.8284843,0,forward,-2.933658885,-1.748328789,0,0,0,0,0,0,0
1,267.0855331,257.0089531,195.4263687,195.4203987,82.54610896,2,forward,-4.821138043,-1.745824788,0,0,0,0,0,0,0
1,269.1682816,251.0558892,193.1875229,193.1822777,91.47251844,2,forward,-5.123621809,-1.730339465,0,0,0,0,0,0,0
1,167.9414749,371.5982437,139.6716118,139.6716499,76.28441453,0,forward,0.360030715,5.628851532,0,0,0,0,0,0,0
1,265.8468819,319.2977428,131.5831566,131.5833092,95.78267932,0,forward,-7.031724448,6.871201682,1,196,421,316,479,0.669246137,1
1,275.0899696,262.2267604,165.581646,165.5772114,85.15879512,2,forward,-8.012411349,-1.720593668,0,0,0,0,0,0,1
1,288.951664,271.799717,187.0710564,187.0652676,89.62701559,0,forward,-2.623573774,-1.719602457,0,0,0,0,0,0,0
1,166.7339706,246.1840439,183.8149261,183.8099957,96.06707692,0,forward,-0.330735755,4.855802693,0,0,0,0,0,0,0
1,262.7661324,263.6299825,198.8919258,198.8824654,88.76441121,2,forward,-1.467046587,-1.719115978,0,0,0,0,0,0,0
1,254.8123741,227.7341437,133.2014656,133.2014465,82.37575293,2,forward,-8.21937759,-1.698139344,0,0,0,0,0,0,1
1,258.7649727,274.3968296,143.7665749,143.7665176,90.82630873,1,forward,-9.851535409,-1.675800466,0,0,0,0,0,0,1
1,259.0024948,275.026083,150.3608322,150.3604889,78.94204259,2,forward,-7.328200931,-1.636063647,0,0,0,0,0,0,0
1,247.4111557,234.3129349,140.3812027,140.3813839,89.09693956,1,forward,-3.729108274,-1.628368634,0,0,0,0,0,0,0
1,253.588829,252.823019,159.2697144,159.2694855,83.67230296,0,left,11.45454197,-10.93334003,0,0,0,0,0,0,1
1,310.0322914,263.0044556,148.4337044,148.433218,59.21163559,0,left,8.855212131,-19.70796455,0,0,0,0,0,0,1
1,324.8147964,258.9456081,156.8217087,156.8212509,55.53489327,0,down,-15,10,0,0,0,0,0,0,1
0,0,0,0,0,0,0,left,2.941942966,-12.63674942,0,0,0,0,0,0,1
1,233.8120651,272.1103978,170.4424286,170.43643,79.277879,2,forward,-9.025391937,-1.624407303,0,0,0,0,0,0,1
1,260.3462219,262.9489589,193.7620163,193.7517643,90.54408669,2,forward,-2.984062806,-1.620456867,0,0,0,0,0,0,0
1,165.9856415,253.5314941,180.0878906,180.0827122,94.28656697,0,forward,-1.698281475,5.561839841,0,0,0,0,0,0,0
1,268.2522774,315.500021,133.8401985,133.8400269,97.02222943,0,forward,-7.277891597,8.445234244,1,200,414,324,480,0.741239965,1
1,247.7416611,255.6235147,176.6210938,176.6112328,87.53633499,2,forward,-1.90883373,-1.611732476,0,0,0,0,0,0,0
1,263.521862,287.1535897,132.0014763,132.0015764,86.12859249,1,forward,-5.308299976,-1.572816698,0,0,0,0,0,0,0
1,164.8555183,203.8477421,152.9545593,152.9548073,92.27688313,0,forward,-1.708474736,3.351927331,0,0,0,0,0,0,0
1,256.2131119,290.6922937,139.995575,139.9955606,88.03530931,1,forward,-1.844200509,-1.536034492,0,0,0,0,0,0,0
1,251.7007446,207.1245122,120.5241394,120.5241108,85.51259041,0,forward,-8.228967879,-1.466461062,0,0,0,0,0,0,1
1,436.3791275,301.5227509,135.8197403,135.8197689,96.74459696,0,forward,-1.501843929,-1.46419592,0,0,0,0,0,0,0
1,268.8022804,186.9999337,166.8564034,166.8564034,92.01409221,0,forward,-2.505413381,-1.460954096,0,0,0,0,0,0,0
1,266.1988831,253.9499212,197.3480988,197.3413754,82.0547998,2,forward,-3.764357776,-1.392759516,0,0,0,0,0,0,0
1,266.2570381,183.002665,166.5130424,166.5127945,91.20935202,0,forward,-8.332354327,-1.385183354,0,0,0,0,0,0,1
1,261.2710953,257.5862408,205.5116272,205.5053329,84.51240063,2,forward,-3.748502439,-1.382425985,0,0,0,0,0,0,0
1,256.0001945,282.7859211,182.4983788,182.4914074,89.99916315,2,forward,-1.358099264,-1.379862209,0,0,0,0,0,0,0
1,163.9553452,370.6931019,145.3652191,145.3651714,67.11506248,0,forward,-1.588981592,3.876204885,0,0,0,0,0,0,0
1,245.9399605,178.6084104,168.7467003,168.7417316,93.50174069,0,forward,-4.927425482,-1.365607465,0,0,0,0,0,0,0
1,227.5091171,141.4160085,174.1965866,174.1909504,93.9365387,1,forward,-7.417963515,1.197566231,0,0,0,0,0,0,0
1,265.3440285,313.8816547,140.3437233,140.3434753,96.62681818,0,forward,-7.441058826,8.464701627,1,201,419,320,479,0.763952374,1
1,261.520195,264.8399043,200.0421524,200.0333118,90.61571956,2,forward,-0.686257984,-1.33110095,0,0,0,0,0,0,0
1,265.4776001,252.7407765,191.1965179,191.1911488,89.90186453,2,forward,-3.988772882,-1.30307265,0,0,0,0,0,0,0
1,313.6458015,324.3142914,176.7123604,176.7062759,87.89895773,2,forward,-0.830129482,-1.271862413,0,0,0,0,0,0,0
1,270.6526375,253.0233789,190.8551216,190.8493996,88.91347647,2,forward,-4.582018237,-1.266537314,0,0,0,0,0,0,0
1,261.0985374,259.3439865,203.8932991,203.8847637,89.04451132,2,forward,-2.831035783,-1.262581259,0,0,0,0,0,0,0
1,255.3921318,147.6848817,162.4028969,162.3981285,86.54589653,0,forward,-9.022905145,-1.217429648,0,0,0,0,0,0,1
1,249.5012474,276.3384402,190.6583595,190.6512165,86.87713742,2,forward,-0.568349025,-1.185987299,0,0,0,0,0,0,0
1,267.0073509,241.0469794,202.3072624,202.299099,80.55317402,2,forward,-5.811642639,-1.185664296,0,0,0,0,0,0,0
1,284.0556526,252.626636,187.3263741,187.3211288,87.69001961,2,forward,-8.412949584,-1.170068363,0,0,0,0,0,0,1
1,240.1603127,293.3773899,137.9749489,137.9749489,95.24520636,0,forward,-7.711931046,6.058835347,1,234,440,342,479,0.778288186,1
1,161.6593361,200.6082916,155.0187111,155.0188923,93.89283061,0,forward,-1.819445523,3.297226336,0,0,0,0,0,0,0
1,266.3792992,300.4925061,135.0581932,135.0581932,83.97277594,0,forward,-3.895369397,-1.166648946,0,0,0,0,0,0,0
1,265.6508827,191.9930959,181.5980339,181.5879536,87.5074923,1,forward,-0.436858635,-1.153050248,0,0,0,0,0,0,0
1,280.2798462,264.2271137,164.6930313,164.6901512,91.14865661,0,right,7.569801097,17.21247427,0,0,0,0,0,0,1
1,283.626709,259.2259312,158.201828,158.2018089,89.44388032,0,right,6.587184114,16.65081967,0,0,0,0,0,0,1
1,282.2177505,266.1607361,157.3449707,157.3449612,91.19371772,0,right,5.38311937,15.34089708,0,0,0,0,0,0,1
1,286.4208984,263.3462906,152.3546219,152.3546505,90.50148726,0,right,7.082977108,15.28371006,0,0,0,0,0,0,1
1,277.8774834,261.4809895,151.7349434,151.7349815,89.5291388,0,right,7.348721035,16.67733455,1,125,296,242,422,0.736671388,1
1,283.5868263,270.0083256,157.0136833,157.0137405,91.29107594,0,right,4.454786803,17.03274556,0,0,0,0,0,0,1
1,286.7574501,262.3256779,178.0240059,178.020401,95.89775205,0,right,0.113291948,15.70002967,1,121,353,296,480,0.724358201,1
1,245.0409698,249.1328406,144.4630051,144.4628334,90.3608501,2,forward,-9.502526293,-1.133816183,0,0,0,0,0,0,1
1,281.9758606,259.7771072,182.562027,182.5569248,95.55336833,0,right,3.559490754,15.79262878,0,0,0,0,0,0,1
1,275.0143433,279.3942619,194.4282532,194.4175243,88.87001872,2,forward,-1.526836011,-1.131548118,0,0,0,0,0,0,0
1,264.0624237,292.0172894,134.3912888,134.3912315,87.1116221,1,forward,-4.612735305,-1.126148127,0,0,0,0,0,0,0
1,263.30616,255.9614492,197.1029282,197.0973873,91.80985689,2,forward,-4.010175062,-1.123906825,0,0,0,0,0,0,0
1,261.9563866,261.8813062,170.7845497,170.7841015,77.24511027,2,forward,-5.113065162,-1.085988185,0,0,0,0,0,0,0
1,303.7719917,227.7375984,153.6553764,153.6550999,86.27721071,0,left,27.75231432,-10.33044308,0,0,0,0,0,0,1
1,258.9317703,292.3445523,138.3180237,138.3180428,86.68725491,2,forward,-4.824886071,-1.064748048,0,0,0,0,0,0,0
1,244.4199371,240.5432796,180.2775955,180.2715683,91.52017236,0,right,6.850115642,16.08231582,0,0,0,0,0,0,1
1,268.6532784,285.5799628,204.7073936,204.697423,91.70715809,1,forward,-0.89850409,-1.062862936,0,0,0,0,0,0,0
1,242.1452332,286.2093282,190.0046539,189.9972439,87.70354986,2,forward,-5.930180604,-1.059202298,0,0,0,0,0,0,0
1,273.3568954,255.2062797,139.8271561,139.8270893,90.56084752,0,forward,-3.784680252,-0.996933339,0,0,0,0,0,0,0
1,257.6909256,291.9455671,145.9844208,145.9842396,82.94366598,1,forward,-5.388037672,-0.945760573,0,0,0,0,0,0,0
1,261.1152649,293.6857474,138.1114578,138.1114769,89.93480802,1,forward,-5.244264616,-0.930711825,0,0,0,0,0,0,0
1,251.8931198,239.3384433,168.1724548,168.1690407,94.14447546,1,forward,-4.857467291,-0.912823684,0,0,0,0,0,0,0
1,261.4705276,251.9126224,189.381218,189.3762302,91.1033392,2,forward,-4.601423776,-0.874997162,0,0,0,0,0,0,0
1,161.5000725,199.0143299,155.8442688,155.8444118,92.85517335,0,forward,-1.79759243,3.392986213,0,0,0,0,0,0,0
1,246.2598991,246.4786744,168.7196922,168.7194729,88.03933859,2,forward,-3.5242041,-0.866635248,0,0,0,0,0,0,0
1,159.4255543,185.3138638,125.4555416,125.4556847,95.53768635,0,forward,-0.359564667,10.72575481,0,0,0,0,0,0,0
1,256.3057137,274.6628738,142.9809761,142.9808521,84.82097387,2,forward,-7.780730972,-0.860689837,0,0,0,0,0,0,0
1,234.3032646,265.1420975,134.8894691,134.889307,94.34918761,0,right,3.617472259,15.74918034,0,0,0,0,0,0,1
1,263.1540298,244.8184776,167.8508759,167.8465176,87.42998242,0,forward,-4.854945316,-0.852168424,0,0,0,0,0,0,0
1,252.320385,245.8795428,153.8758278,153.8756275,76.28195882,2,forward,-3.388408113,-0.821465005,0,0,0,0,0,0,0
0,0,0,0,0,0,0,down,-15,10,1,10,282,139,462,0.672343731,1
1,138.8278675,182.6643562,254.8711395,254.8616695,50.76355338,0,down,-15,10,0,0,0,0,0,0,1
1,159.2251492,198.3245373,153.837595,153.8377476,92.02833176,0,forward,-1.418635848,3.089773991,0,0,0,0,0,0,0
1,229.2219543,159.7475123,182.5730133,182.5662518,85.78350544,0,forward,-3.506108654,-0.821159218,0,0,0,0,0,0,0
1,158.8984013,197.0878887,155.0843143,155.0844669,93.13772917,0,forward,-1.798900529,3.012192931,0,0,0,0,0,0,0
1,262.7472305,273.6763525,177.7214813,177.7146006,80.4669559,2,forward,-3.691087924,-0.82091667,0,0,0,0,0,0,0
1,266.1483765,192.2133279,178.8170242,178.8076401,90.66377878,0,forward,-1.667148613,-0.784068493,0,0,0,0,0,0,0
1,158.8072681,359.2095566,144.9224186,144.922142,85.33263206,0,forward,-2.001944016,3.925465936,0,0,0,0,0,0,0
1,251.2185669,275.457325,154.0127945,154.0124702,86.18180156,2,forward,-4.011457733,-0.774471305,0,0,0,0,0,0,0
1,283.1027603,268.0307484,138.3884048,138.3884239,86.33154035,0,forward,-2.069997198,-0.771806969,0,0,0,0,0,0,0
1,276.3458252,297.1811211,193.8138962,193.803134,87.11935878,1,forward,-0.453754445,-0.735015543,0,0,0,0,0,0,0
1,266.1602592,262.632904,140.5714226,140.5715275,89.85614777,0,forward,-1.739701666,-0.722055342,0,0,0,0,0,0,0
1,250.374527,275.1171363,185.404129,185.3964901,86.41706109,2,forward,-0.61812739,-0.720341872,0,0,0,0,0,0,0
1,244.543438,281.8402625,151.7791557,151.7791843,81.3439846,1,forward,-5.396592413,-0.707836311,0,0,0,0,0,0,0
1,266.7747116,221.338985,179.3379211,179.33218,86.12067699,2,forward,-8.539275578,4.125467442,0,0,0,0,0,0,0
1,234.4362831,289.9662495,140.6290627,140.6290054,94.50201988,0,forward,-8.570318929,6.597374002,1,229,431,329,479,0.761860311,1
1,250.9115791,218.4100795,129.1611671,129.1611099,91.26396775,2,forward,-8.499312236,-0.699455261,0,0,0,0,0,0,1
1,158.033762,196.4194107,157.4060726,157.4061871,92.87124276,0,forward,-1.229526946,3.301949644,0,0,0,0,0,0,0
1,262.3193932,246.0880447,187.9938698,187.9872036,92.66198277,2,forward,-6.796845469,-0.685571964,0,0,0,0,0,0,0
1,247.9086685,279.7053552,158.098793,158.0986404,89.23637271,2,forward,-4.312032967,-0.668817279,0,0,0,0,0,0,0
1,265.7234764,267.3887992,161.9604301,161.9598484,87.18888164,1,forward,-8.628160741,0.624494109,0,0,0,0,0,0,0
1,261.5050888,260.3337193,177.1934128,177.186985,91.64556265,0,right,3.513025854,17.82888111,0,0,0,0,0,0,1
1,277.349205,261.1202145,169.761734,169.7569084,91.40059948,0,right,2.212640802,19.16775046,0,0,0,0,0,0,1
1,256.854496,220.8273006,116.8844032,116.8843246,77.95965075,2,forward,-7.314702176,-0.655051372,0,0,0,0,0,0,0
1,157.4978924,195.4133606,155.9673977,155.9675217,93.59670281,0,forward,-2.465327517,3.219265993,0,0,0,0,0,0,0
1,320.0520325,296.6123199,164.1674805,164.1672993,90.31797647,0,forward,-3.168367271,-0.649038718,0,0,0,0,0,0,0
1,244.6701241,288.9541912,132.1023369,132.1024704,96.30742669,0,forward,-8.760354619,6.935840291,1,241,412,346,480,0.807177007,1
1,250.619812,253.6539745,130.6864548,130.6867218,89.84491825,0,right,9.425624036,15.26029341,0,0,0,0,0,0,1
1,249.8945618,214.3371463,125.6543732,125.654211,88.61325383,0,forward,-8.609796037,-0.633987712,0,0,0,0,0,0,1
1,279.0101051,298.9943075,152.3456764,152.3455954,81.54857755,0,forward,-2.657710186,-0.613985615,0,0,0,0,0,0,0
1,265.6843567,228.3952045,175.1368713,175.1264763,84.86218452,0,down,-15,10,0,0,0,0,0,0,1
1,156.9580364,215.2460861,106.6342068,106.6345596,93.53356361,0,forward,-0.809827332,3.444309169,0,0,0,0,0,0,0
1,264.1195297,227.8456306,124.2180252,124.2183208,89.74585533,0,right,14.94072212,16.40002866,0,0,0,0,0,0,1
1,253.872242,236.3478756,113.3564949,113.3565617,56.5448761,0,right,14.47276472,16.08839902,0,0,0,0,0,0,1
1,156.8513489,195.5419922,153.7653351,153.7654495,93.58533025,0,forward,-0.117129405,3.440383779,0,0,0,0,0,0,0
1,250.7551193,281.5070391,153.3769226,153.376708,85.07878184,2,forward,-4.404168472,-0.608756803,0,0,0,0,0,0,0
1,154.2850208,211.5388012,111.0294628,111.0298347,92.81419516,0,forward,7.222641334,14.22032594,0,0,0,0,0,0,1
1,153.2136726,180.7677269,124.6048737,124.6049309,93.39669347,0,forward,0.007062561,11.64978761,0,0,0,0,0,0,0
1,264.6835136,303.8651442,161.9262886,161.9260597,80.39530516,0,forward,-4.083558832,-0.583331396,0,0,0,0,0,0,0
1,153.1037617,323.4139538,144.13764,144.1375923,88.79723549,0,forward,-9.21862372,3.2510883,0,0,0,0,0,0,0
1,314.057827,207.2171116,145.2501488,145.2499294,84.38302279,0,left,27.72581616,-10.64747313,0,0,0,0,0,0,1
1,312.3132706,204.7479916,151.853714,151.8535423,83.63106251,0,left,26.82615145,-11.21744404,0,0,0,0,0,0,1
1,266.9470596,235.7699489,183.6742783,183.6678314,88.8623178,2,forward,-5.717545692,-0.573431982,0,0,0,0,0,0,0
1,279.4133377,268.6257935,141.9739151,141.9739437,88.04848194,0,forward,-1.79541362,-0.550275354,0,0,0,0,0,0,0
1,151.6832829,274.6511936,124.9473095,124.9473953,61.98636293,0,forward,6.612518698,14.72435769,0,0,0,0,0,0,1
1,151.5374184,178.6982918,120.5937767,120.5940056,93.972224,0,forward,0.43071731,11.76885446,0,0,0,0,0,0,0
1,269.6150398,172.6630616,173.0763435,173.0758095,94.65678334,0,forward,-3.560797428,-0.447060326,0,0,0,0,0,0,0
1,338.572731,231.2032986,165.8847046,165.881052,91.58018231,0,left,9.194681143,-10.39527881,0,0,0,0,0,0,1
1,249.1246414,154.405477,170.5997086,170.5952454,92.15942621,0,forward,-8.280268626,-0.444571432,0,0,0,0,0,0,1
1,151.2232399,178.9217663,118.0000877,118.0002594,93.05375218,0,forward,1.37919772,12.13640297,0,0,0,0,0,0,0
1,257.8453064,267.6304483,143.0071259,143.0069876,81.86200857,2,forward,-8.430237193,-0.384890058,0,0,0,0,0,0,1
1,150.7697582,219.458313,152.1936703,152.1934891,93.49765778,0,forward,-1.299420119,4.326181077,0,0,0,0,0,0,0
1,150.3085995,176.0269833,157.9232121,157.9230881,93.6006248,0,forward,-3.221054673,8.871025005,0,0,0,0,0,0,0
1,284.0779686,240.2750301,140.8220863,140.8222675,85.03408432,0,right,13.45755327,16.0068572,0,0,0,0,0,0,1
1,243.3161545,278.6204124,159.2605209,159.2604446,82.7668488,2,forward,-3.701692602,-0.372787866,0,0,0,0,0,0,0
1,205.3408432,206.5169334,120.6044769,120.6046772,96.18018866,0,forward,-1.376732408,-0.332005103,0,0,0,0,0,0,0
1,149.1333675,201.5668774,154.933939,154.9336338,66.92093015,0,forward,1.199240131,3.096055148,0,0,0,0,0,0,0
1,268.6503983,255.9169794,199.5126343,199.5055676,80.35824299,2,forward,-6.546576309,-0.32953864,0,0,0,0,0,0,0
1,267.6946259,242.9666233,132.4701691,132.4703979,89.40809369,0,right,14.95276382,17.59495072,0,0,0,0,0,0,1
1,266.6232872,236.7170334,139.2568016,139.2569447,90.30844569,0,right,14.6377943,20.75306564,0,0,0,0,0,0,1
1,279.0593338,240.235548,134.9503326,134.9507618,89.93680477,0,right,13.43237554,19.35210707,0,0,0,0,0,0,1
1,283.7816429,238.1811333,141.2658119,141.2658405,90.48062563,0,right,10.70631725,16.09670576,1,50,245,164,421,0.606252015,1
1,148.6497498,180.7962513,121.5007591,121.501236,89.27357197,0,forward,0.311150212,12.1683815,0,0,0,0,0,0,0
1,265.5334091,228.4221935,191.9670105,191.9607353,87.08952069,2,forward,-9.498596529,1.530994958,0,0,0,0,0,0,0
1,285.3900337,236.4947319,144.77705,144.7770882,90.0603056,0,right,8.539210108,15.28938859,0,0,0,0,0,0,1
1,261.4607811,294.4815493,139.4968605,139.496727,81.86964989,2,forward,-3.322087001,-0.328309538,0,0,0,0,0,0,0
1,263.0751038,177.9987169,182.5274277,182.5233364,94.94276047,0,forward,-1.630124835,-0.292621769,0,0,0,0,0,0,0
1,277.3713493,232.6514339,141.4453697,141.4454269,85.77374816,0,right,12.10501237,18.44539275,0,0,0,0,0,0,1
1,267.4161148,238.4903216,197.8522873,197.8447151,86.59909368,2,forward,-7.199172928,-0.284463749,1,497,363,629,480,0.677890241,1
1,147.1604538,178.9557552,119.1075706,119.1078758,86.17582321,0,forward,0.892696807,13.49286048,0,0,0,0,0,0,1
1,259.4281387,189.7642398,160.4808044,160.479784,91.4673686,0,forward,-5.859718177,-0.254114494,0,0,0,0,0,0,0
1,258.0067444,293.5360646,146.7387009,146.7386055,81.66702986,1,forward,-4.858090189,-0.232780806,0,0,0,0,0,0,0
1,249.2373276,168.0427194,177.1072769,177.0999527,94.25082207,0,forward,-2.98421332,-0.229970109,0,0,0,0,0,0,0
1,267.6122475,256.4886403,182.6688194,182.6648998,92.25125909,2,forward,-0.637476893,-0.195229521,0,0,0,0,0,0,0
0,0,0,0,0,0,0,down,-15,10,1,254,185,414,452,0.74660486,1
1,284.9510956,245.4239559,130.6898499,130.6894112,52.59928703,0,down,-15,10,0,0,0,0,0,0,1
1,290.5528259,240.4472065,127.0590973,127.0590591,52.71601677,0,down,-15,10,1,260,183,421,451,0.736430764,1
0,0,0,0,0,0,0,down,-15,10,1,263,185,423,449,0.747891188,1
0,0,0,0,0,0,0,down,-15,10,1,270,187,422,445,0.711549401,1
0,0,0,0,0,0,0,down,-15,10,1,267,185,422,449,0.714533746,1
0,0,0,0,0,0,0,down,-15,10,1,256,183,421,445,0.749078035,1
0,0,0,0,0,0,0,down,-15,10,1,260,183,424,449,0.740077496,1
0,0,0,0,0,0,0,down,-15,10,1,257,184,409,442,0.733435571,1
0,0,0,0,0,0,0,down,-15,10,1,255,185,407,443,0.784292281,1
0,0,0,0,0,0,0,down,-15,10,1,253,187,405,440,0.729872406,1
0,0,0,0,0,0,0,down,-15,10,1,254,188,403,444,0.779740274,1
0,0,0,0,0,0,0,down,-15,10,1,235,187,385,447,0.683858216,1
0,0,0,0,0,0,0,down,-15,10,1,220,199,373,457,0.70088923,1
0,0,0,0,0,0,0,down,-15,10,1,228,211,377,460,0.834384501,1
1,292.899437,238.2790089,133.018074,133.0181122,61.09381914,0,down,-15,10,1,201,226,344,455,0.708301246,1
1,256.234169,245.4788589,127.9366684,127.936821,66.29993916,0,down,-15,10,1,213,235,376,475,0.683867216,1
1,262.7942276,250.386858,146.6575241,146.6574097,89.60552216,0,right,7.327176667,16.48981184,0,0,0,0,0,0,1
1,247.3952484,248.6390305,145.3390884,145.3391933,86.27768159,0,right,5.828203359,17.48225013,0,0,0,0,0,0,1
1,261.2143707,247.1583939,151.4976883,151.4975452,92.33440161,0,right,6.851814973,18.59406831,0,0,0,0,0,0,1
1,256.0908127,245.2500057,162.8716278,162.8713989,92.51822233,0,right,4.028361225,17.31793613,0,0,0,0,0,0,1
1,258.1859398,294.068228,139.7246742,139.7246647,86.42699718,1,forward,-5.042501589,-0.124717131,0,0,0,0,0,0,0
1,271.2759972,245.7058835,183.2636452,183.2584763,90.90585709,2,forward,-6.682554742,-0.063203852,0,0,0,0,0,0,0
1,145.6875134,176.5790462,123.6884022,123.6887455,87.35138178,0,forward,0.174608583,12.691899,0,0,0,0,0,0,0
1,142.7010059,264.1460896,131.8657398,131.8660927,77.18687057,0,forward,6.170159598,14.04320448,0,0,0,0,0,0,1
1,208.8275337,181.3040829,162.5268745,162.5266457,94.79838014,0,forward,-5.357382335,-0.025190276,0,0,0,0,0,0,0
1,142.1448421,177.0901966,128.7462521,128.7466049,87.58597374,0,forward,-4.028131574,14.64893491,0,0,0,0,0,0,1
1,237.4504852,259.179697,181.1880112,181.1799431,92.90962815,0,forward,5.457630822,7.292617886,0,0,0,0,0,0,0
2,238.3506393,269.697504,180.705986,180.6959152,92.55533218,0,forward,6.419213085,8.747825058,0,0,0,0,0,0,1
2,242.3575211,267.0444489,177.7241898,177.7186489,92.5567627,0,forward,8.002850273,8.370682524,0,0,0,0,0,0,1
1,250.0829315,268.9186192,174.8006058,174.7956848,91.85850024,0,forward,7.344385703,6.71347051,0,0,0,0,0,0,0
1,247.7232933,268.6990643,173.7181282,173.7137032,93.49294901,0,forward,7.732807741,10.74191049,0,0,0,0,0,0,0
1,232.0181656,268.9882565,166.9854736,166.9854355,92.24364758,0,forward,11.17330604,14.17427661,0,0,0,0,0,0,0
1,230.0569153,270.5698299,160.9588623,160.9549141,91.68803692,0,forward,11.71714645,12.65737676,0,0,0,0,0,0,0
1,249.888134,263.5993195,170.7536507,170.7502842,94.28262711,0,left,7.348727944,16.4444366,0,0,0,0,0,0,1
1,264.7586441,261.089859,164.7937393,164.79352,91.30625725,0,right,16.95703941,-12.09936882,0,0,0,0,0,0,1
1,271.3794136,257.2106838,159.5442009,159.5440292,92.40715504,0,forward,19.1558529,-3.318415483,0,0,0,0,0,0,0
1,267.5779343,257.3774242,141.6576385,141.6574287,83.26889277,0,forward,24.08896963,7.91087612,0,0,0,0,0,0,0
1,266.8489838,253.7212658,156.4216232,156.4215088,90.5849576,0,forward,21.34540756,7.266846809,0,0,0,0,0,0,0
2,258.5291862,271.0903931,178.751545,178.7455273,94.34378743,0,forward,4.058696736,9.330448171,0,0,0,0,0,0,1
1,253.6043167,277.9985332,187.3657227,187.3596954,95.6479907,0,forward,-0.686366038,9.069620335,0,0,0,0,0,0,0
2,258.0780983,272.1196461,180.0868034,180.0808525,94.94330883,0,forward,3.388273616,9.998499425,0,0,0,0,0,0,1
2,258.7721252,259.6513367,164.327507,164.3273449,93.93042922,0,forward,10.11088722,13.44799952,0,0,0,0,0,0,1
1,258.5501099,253.1888866,148.0421448,148.0421448,89.08171654,1,forward,13.02096371,9.385897678,0,0,0,0,0,0,0
1,255.3462791,248.0145264,145.3992653,145.3991318,81.97332025,2,forward,16.22615361,10.03023951,0,0,0,0,0,0,0
1,266.0008812,253.636694,141.3022423,141.3022041,90.87195992,1,forward,13.68586239,8.887617017,0,0,0,0,0,0,0
1,274.5060349,253.219099,146.5115356,146.5114689,92.64308214,1,forward,13.44077144,7.785669094,0,0,0,0,0,0,0
1,301.7511368,259.5578671,143.0080032,143.0082893,96.07976675,1,forward,12.72081205,3.947673054,1,132,104,297,356,0.647497118,1
1,311.1593819,259.1818142,141.4311028,141.4311218,94.73599195,2,forward,14.065458,1.277351102,0,0,0,0,0,0,0
1,305.1548767,255.5227661,148.9939499,148.9938641,92.53987074,1,forward,15.28989255,2.15643911,0,0,0,0,0,0,0
1,309.6233177,252.9666424,149.3679237,149.3679428,87.86869049,0,forward,17.74749933,5.559185916,1,144,181,366,451,0.688977242,1
0,0,0,0,0,0,0,down,-15,10,0,0,0,0,0,0,1
0,0,0,0,0,0,1,down,-15,10,1,273,318,345,445,0.726096272,1
0,0,0,0,0,0,0,forward,9.474294847,7.659336049,0,0,0,0,0,0,1
2,311.0232162,260.8915043,151.7115402,151.7114639,95.89132667,1,forward,11.03791809,8.880808572,1,85,237,245,478,0.79456079,1
1,295.6846619,266.0554504,151.4147949,151.4146328,94.58779097,1,forward,9.13947537,4.82034378,0,0,0,0,0,0,0
1,283.4844971,261.5185833,156.9955063,156.9954872,94.42816377,1,forward,10.20435054,3.357616035,0,0,0,0,0,0,0
1,283.5593224,262.4371433,153.2746696,153.2745552,95.03293037,0,forward,7.340580349,1.429992574,0,0,0,0,0,0,0
1,316.0723114,267.7229691,138.8763046,138.8762569,93.35204363,0,forward,9.993618188,2.779240623,1,162,173,350,456,0.838058829,1
1,317.3316002,270.5152416,136.777668,136.777668,93.31358671,0,forward,7.891244019,2.224415436,1,162,175,354,454,0.852537036,1
1,304.3937492,265.3527546,146.9065666,146.9063759,93.87988448,0,forward,7.600758328,3.07127137,1,145,186,339,464,0.891760468,1
1,298.5683632,262.9093552,150.1699257,150.1695156,94.79515553,0,forward,6.749953167,3.315805476,0,0,0,0,0,0,0
1,284.1840935,262.859087,152.4135017,152.4132729,84.60134864,1,forward,6.485226071,2.773987852,0,0,0,0,0,0,0
1,275.4316521,259.5460796,155.3139687,155.3138924,90.90946317,1,forward,5.611902001,1.438307666,0,0,0,0,0,0,0
1,242.6298141,273.3768368,132.5992966,132.5994301,94.55381036,0,forward,5.21154864,2.544128003,0,0,0,0,0,0,0
1,233.5190773,270.7048702,137.516613,137.5165558,95.09341717,0,forward,7.032880592,2.761932079,0,0,0,0,0,0,0
1,248.8351631,272.2195816,138.545742,138.5458088,90.13592601,0,forward,10.56590537,3.542118509,0,0,0,0,0,0,0
1,272.7500916,255.3179169,161.5791321,161.5789318,91.10248089,0,forward,8.291748425,0.283751674,0,0,0,0,0,0,0
1,279.325695,261.3953304,154.9666023,154.9664497,90.12812972,0,forward,2.498087507,0.233542923,0,0,0,0,0,0,0
1,286.0306549,255.0877476,150.1257324,150.1254845,90.64655304,0,forward,0.076899233,5.628917884,0,0,0,0,0,0,0
1,288.4481049,252.4883366,134.5898438,134.5898438,79.26533222,0,down,-15,10,0,0,0,0,0,0,1
1,286.5831184,254.3537807,148.1612587,148.1612778,90.62013626,0,forward,20.63408168,9.265645338,0,0,0,0,0,0,0
2,273.907795,280.1647854,174.1579247,174.1524696,93.74406338,0,forward,-8.158580404,8.607640154,0,0,0,0,0,0,1
1,276.5914917,284.5836639,172.8754807,172.8700161,93.93646717,0,forward,-5.875472688,8.055675267,0,0,0,0,0,0,0
1,276.1633301,291.0218525,181.3031769,181.2975883,95.22860646,0,forward,-6.049096329,7.107738755,0,0,0,0,0,0,0
1,279.3834114,295.9470463,192.9701805,192.9596043,91.7244494,0,forward,-7.752017667,5.192371843,0,0,0,0,0,0,0
1,278.9773178,289.1764355,187.3892212,187.3830414,93.29990745,0,forward,-6.755957817,6.335859427,0,0,0,0,0,0,0
1,173.0793762,234.8424053,153.0118942,153.0119133,82.69892335,1,forward,7.428681918,0.129946148,1,199,294,311,438,0.748222828,1
1,167.5624084,228.622427,148.3558464,148.3557129,93.3667779,0,forward,10.64088094,3.574984996,0,0,0,0,0,0,0
1,159.115839,229.8462009,156.178484,156.1784649,94.28862333,0,forward,9.328685609,1.521778618,0,0,0,0,0,0,0
1,109.3928051,-40.64743996,272.4240494,272.3876667,51.29545927,0,down,-15,10,0,0,0,0,0,0,1
0,0,0,0,0,0,1,down,-15,10,0,0,0,0,0,0,1
0,0,0,0,0,0,1,down,-15,10,0,0,0,0,0,0,1
0,0,0,0,0,0,0,down,-15,10,0,0,0,0,0,0,1
1,284.0025711,176.9990158,315.4990387,315.4485512,80.57250381,0,forward,-4.141329114,-7.574010876,0,0,0,0,0,0,0
1,164.1363907,346.1242962,120.7279015,120.7280159,96.11907005,0,down,-15,10,0,0,0,0,0,0,1
1,208.1915855,335.0202656,100.8084488,100.8083153,96.94501162,0,forward,10.85603139,0.617282648,0,0,0,0,0,0,0
1,250.5577469,326.7394924,124.8257446,124.8259735,95.34252286,0,forward,6.352732169,-9.422770962,0,0,0,0,0,0,0
1,276.5279579,273.9394283,153.1627464,153.1629753,94.39485073,1,forward,2.888003049,7.15176298,0,0,0,0,0,0,0
1,228.8957024,315.1235104,128.6614037,128.6614037,94.56915855,0,forward,10.64312801,10.58307057,0,0,0,0,0,0,0
1,225.2955627,330.5531788,117.7514267,117.7514076,96.19547129,0,forward,11.47363903,4.679630962,0,0,0,0,0,0,0
1,228.0593681,337.613554,119.1354942,119.1359138,94.01331544,0,forward,11.47379852,4.255527297,0,0,0,0,0,0,0
1,236.495266,339.8713303,124.2618752,124.2619801,84.08970237,0,forward,6.829033011,8.111072356,0,0,0,0,0,0,0
1,248.013134,336.4186764,113.2589912,113.259201,91.84437394,0,forward,8.076405906,5.381061758,1,188,381,293,480,0.832176268,1
1,253.5651207,337.0706177,114.8668861,114.8670101,87.56428957,0,forward,6.019465957,7.839063705,1,201,370,301,480,0.814330518,1
1,236.8325233,319.9312592,107.6040077,107.6034451,55.92812896,0,down,-15,10,1,223,361,324,480,0.809630811,1
0,0,0,0,0,0,0,down,-15,10,1,223,360,328,480,0.869125724,1
0,0,0,0,0,0,0,down,-15,10,1,220,360,322,480,0.835151732,1
0,0,0,0,0,0,0,down,-15,10,1,215,358,317,480,0.830285966,1
1,223.0233002,324.2532349,141.6906738,141.6902447,54.26895618,0,down,-15,10,1,211,360,315,480,0.766247272,1
1,253.9410782,333.0967712,104.3541336,104.3542385,51.70683265,0,down,-15,10,1,209,354,315,480,0.740824223,1
1,259.0984535,340.2654362,110.7230186,110.7231331,86.16072536,0,forward,3.79287556,7.22587847,0,0,0,0,0,0,0
1,246.7755508,342.3371601,130.6985474,130.698452,85.63525081,0,right,5.598864711,-13.21331945,0,0,0,0,0,0,1
1,244.572525,342.5530243,133.0001068,132.9999447,86.71489954,0,right,2.635740503,-13.13745532,0,0,0,0,0,0,1
1,244.4887543,348.1429195,126.7689514,126.768837,86.8147254,0,right,2.913515821,-12.05433218,0,0,0,0,0,0,1
1,240.9511948,349.6648121,124.2073441,124.2071342,83.18676353,0,right,0.963008617,-11.96699446,0,0,0,0,0,0,1
1,243.6250305,349.7819138,129.6341705,129.6341228,88.15220594,0,right,-2.150133435,-12.13799535,0,0,0,0,0,0,1
1,251.2921524,349.4091797,123.7924194,123.7923717,85.43557525,0,right,0.4892744,-14.64613535,0,0,0,0,0,0,1
1,237.4486732,352.5098133,121.8353462,121.8354607,92.28650331,0,forward,-1.314605847,-7.687266396,0,0,0,0,0,0,0
1,216.8987274,349.9359798,128.9381027,128.9382362,94.20253038,0,forward,0.463298993,0.789144104,0,0,0,0,0,0,0
1,218.0284691,347.2515965,130.2469444,130.2470398,91.99279547,0,forward,1.801534145,2.52717969,0,0,0,0,0,0,0
1,220.6835938,350.0349712,129.8447037,129.8448944,93.91136169,0,forward,1.110619518,2.294288114,0,0,0,0,0,0,0
1,216.2131882,343.2140636,137.1207428,137.1208477,91.9252336,0,forward,2.827698636,2.86816161,0,0,0,0,0,0,0
1,208.7467766,343.4566784,133.064785,133.0648041,93.35084558,0,forward,1.914789166,8.075337969,0,0,0,0,0,0,0
1,191.4629173,338.1609821,138.7628746,138.7630463,94.75879669,0,forward,4.337814573,13.25139437,0,0,0,0,0,0,0
1,201.9427681,342.7719498,134.0644264,134.0644741,95.22507191,0,forward,4.989843126,13.07456586,0,0,0,0,0,0,0
1,203.4311295,339.4694138,138.7315369,138.7317181,86.08523011,0,forward,4.347748494,13.46301895,0,0,0,0,0,0,0
1,228.8902473,348.6998463,131.1364937,131.1367607,93.30939651,0,forward,-0.840975241,6.823383787,0,0,0,0,0,0,0
1,232.6023865,346.4489365,136.0562515,136.0562325,92.99021363,0,forward,-1.094973103,3.853455468,0,0,0,0,0,0,0
1,231.7352295,361.1291885,133.0875015,133.087635,91.21574163,0,forward,-3.758136866,3.022906601,0,0,0,0,0,0,0
1,221.674881,384.2477417,132.4276352,132.4276543,74.47557449,0,forward,-9.793110165,1.51461669,0,0,0,0,0,0,0
1,219.3523598,380.7839584,139.9530602,139.9526024,73.79781008,0,down,-11.50901694,2.568763551,0,0,0,0,0,0,1
1,216.9386482,379.845314,142.5113487,142.5109863,71.57053947,0,down,-11.64884052,3.444579019,0,0,0,0,0,0,1
1,220.8304977,354.0008926,143.2356262,143.2358551,88.81077766,0,forward,-7.073270388,4.67191511,0,0,0,0,0,0,0
1,224.7591782,350.1097012,138.0397415,138.0398083,93.14483404,0,forward,-1.616095386,4.491549274,0,0,0,0,0,0,0
1,220.7267952,346.2420273,136.3383675,136.3385582,94.01651025,0,forward,4.259507992,4.442536134,0,0,0,0,0,0,0
1,227.6840591,337.2511768,117.3448181,117.3449135,90.32387137,0,forward,17.21862325,4.770820735,0,0,0,0,0,0,0
1,236.8948555,345.3385162,90.76169968,90.76169014,70.84136009,0,forward,23.92426867,6.901604489,0,0,0,0,0,0,0
1,224.1637993,341.9446278,120.6812859,120.6814384,76.26793385,0,forward,17.88615965,5.798252888,0,0,0,0,0,0,0
1,221.9944763,342.7758121,132.1917343,132.1920776,92.09963679,0,forward,11.38044675,4.480769717,0,0,0,0,0,0,0
1,213.757019,348.0182648,143.4891891,143.4893417,87.17182279,0,forward,3.276607966,3.875551976,0,0,0,0,0,0,0
1,202.8949165,353.4789276,157.5797462,157.5797081,83.54424238,0,forward,1.366172286,3.729079698,0,0,0,0,0,0,0
1,209.5510674,359.7306919,149.6146202,149.614706,88.75429034,0,forward,-0.346778868,3.396709164,0,0,0,0,0,0,0
1,201.6454124,358.602562,154.2568779,154.2568016,79.43255305,0,forward,0.028030355,3.890572347,0,0,0,0,0,0,0
0,0,0,0,0,0,1,down,-15,10,0,0,0,0,0,0,1
0,0,0,0,0,0,0,down,-15,10,1,192,357,301,480,0.829084694,1
0,0,0,0,0,0,0,down,-15,10,1,206,360,319,480,0.812060356,1
0,0,0,0,0,0,0,down,-15,10,1,211,355,320,480,0.8662377,1
1,152.767477,358.6374664,127.0465565,127.0467567,89.19477463,0,left,-2.433046823,15.87032378,0,0,0,0,0,0,1
1,155.5711842,361.2532711,125.3728962,125.372858,82.53638744,0,left,-1.094385323,18.51575858,0,0,0,0,0,0,1
1,160.6971359,362.1598148,125.6895638,125.6894588,83.54209661,0,left,-2.22103448,17.83725285,0,0,0,0,0,0,1
1,184.5671082,351.9745731,139.107666,139.1077137,81.87943101,0,forward,-2.564817048,14.4816669,0,0,0,0,0,0,0
0,0,0,0,0,0,0,down,-15,10,1,203,360,311,480,0.812607884,1
0,0,0,0,0,0,0,down,-15,10,0,0,0,0,0,0,1
1,239.6656609,356.9648266,140.0805855,140.0804615,87.50109076,0,right,-7.234807221,-18.25745804,0,0,0,0,0,0,1
1,253.2987213,367.058115,118.7394714,118.7391758,63.77693415,0,down,-15,10,0,0,0,0,0,0,1
1,234.4943237,357.0968914,141.6238022,141.6237545,75.22073984,0,right,-11.43843037,-19.09372626,0,0,0,0,0,0,1
0,0,0,0,0,0,1,down,-15,10,0,0,0,0,0,0,1
1,212.0625114,347.2824955,133.6530495,133.6530018,70.21675706,0,forward,3.634689483,5.022263258,0,0,0,0,0,0,0
0,0,0,0,0,0,0,down,-15,10,0,0,0,0,0,0,1
1,221.6063499,363.8152027,152.3797798,152.3793125,50.18765926,0,down,-15,10,0,0,0,0,0,0,1
1,243.3088875,363.201685,110.676136,110.6759834,55.28057814,0,forward,0.171139362,4.474853431,0,0,0,0,0,0,1
0,0,0,0,0,0,0,down,-15,10,1,231,359,330,480,0.775161266,1
1,237.310276,356.6709995,119.1010475,119.1010094,93.13229322,0,forward,-2.526141903,5.672568717,0,0,0,0,0,0,0
1,204.9892426,353.5871029,126.7666245,126.7666912,91.61638618,0,forward,-2.817068624,6.445230302,0,0,0,0,0,0,0
1,190.2210236,354.2384434,130.2050781,130.2054691,93.98603439,0,forward,-2.315898444,6.017649986,0,0,0,0,0,0,0
1,191.3260269,349.4178772,135.4891586,135.4891777,92.67402291,0,forward,1.982430313,8.840186348,0,0,0,0,0,0,0
1,163.4703064,346.5012074,131.944313,131.9444847,88.24062943,0,forward,6.83322284,12.28015351,0,0,0,0,0,0,0
1,166.6926384,352.380724,116.3582993,116.35849,93.60595345,0,forward,4.015970244,11.3243988,0,0,0,0,0,0,0
1,170.9877968,346.8679905,140.3430939,140.3432178,92.58623123,0,left,4.315999522,16.27616362,0,0,0,0,0,0,1
1,214.0091324,350.5610561,130.9618378,130.9619808,90.49746394,0,forward,1.136584227,3.974696369,0,0,0,0,0,0,0
1,220.0274467,351.8797302,128.4904671,128.4904861,93.22552681,0,forward,3.040790133,0.866081589,0,0,0,0,0,0,0
1,239.9841499,354.16646,137.0204353,137.0202541,86.00194454,0,right,1.010027915,-11.60065856,0,0,0,0,0,0,1
1,245.9986877,357.2639179,133.7930298,133.7928486,86.11953855,0,right,-2.088556889,-13.80145239,0,0,0,0,0,0,1
1,243.1185532,355.0899982,138.4843063,138.4841824,89.07718658,0,right,-2.553917288,-11.45922318,0,0,0,0,0,0,1
1,223.5291672,357.806654,134.4827271,134.4827557,91.79415703,0,forward,0.893322487,-1.867797122,0,0,0,0,0,0,0
1,206.4823341,365.0660706,139.1795158,139.1797256,85.27231216,0,forward,-0.397212214,4.030659147,0,0,0,0,0,0,0
0,0,0,0,0,0,0,forward,-4.03896716,-0.742426062,0,0,0,0,0,0,1
0,0,0,0,0,0,0,forward,-8.063519309,0.390563063,0,0,0,0,0,0,1
1,201.3417435,380.2752972,149.6421432,149.6417141,71.8668282,0,down,-10.72195367,2.130445948,0,0,0,0,0,0,1
1,206.7350006,365.726881,144.1775131,144.177618,82.06948638,0,forward,-2.081131639,2.284080664,0,0,0,0,0,0,0
1,212.6418495,337.3799515,129.5968437,129.5971012,89.7697866,0,forward,5.835638273,4.558952307,0,0,0,0,0,0,0
1,215.6783676,336.1169815,121.3619995,121.3621044,81.91735744,0,forward,11.58570498,6.369616226,0,0,0,0,0,0,0
1,218.4300995,340.2851772,121.1330414,121.1333084,89.29512501,0,forward,17.90087292,6.73285894,0,0,0,0,0,0,0
1,203.5241508,357.5546551,143.3191109,143.319025,84.77067947,0,forward,3.051551318,3.951312908,0,0,0,0,0,0,0
1,195.9135056,375.0569057,159.6573257,159.6571255,79.10487056,0,forward,-4.813006287,1.671770588,0,0,0,0,0,0,0
0,0,0,0,0,0,0,forward,-8.695846491,-7.588162685,0,0,0,0,0,0,1
1,189.8542786,389.7060299,148.9153671,148.9151287,54.38856483,0,forward,-9.107302338,-3.162955313,0,0,0,0,0,0,0
0,0,0,0,0,0,0,down,-15,10,0,0,0,0,0,0,1
0,0,0,0,0,0,0,down,-15,10,0,0,0,0,0,0,1
1,208.9206505,365.7549191,155.8560371,155.8559704,83.61855745,0,forward,-0.800135856,4.649306025,0,0,0,0,0,0,0
1,280.3164101,379.1148376,130.2079201,130.2076149,72.43840694,0,down,-15,10,0,0,0,0,0,0,1
1,217.0987129,349.7878647,131.6596794,131.6598129,93.24836731,0,forward,5.33583154,4.356728139,0,0,0,0,0,0,0
1,208.9328003,348.4969425,129.0136719,129.0136528,91.76585674,1,forward,3.74811518,4.906522093,0,0,0,0,0,0,0
1,213.6027527,349.730444,129.9919128,129.991951,88.79203796,0,forward,4.146211216,4.334464628,0,0,0,0,0,0,0
1,214.2883492,352.5957012,133.2740211,133.2740879,91.48433208,1,forward,3.51343916,4.21083696,0,0,0,0,0,0,0
1,211.6556168,355.6842899,139.7831345,139.783144,89.28043246,1,forward,4.090097665,4.120599061,0,0,0,0,0,0,0
1,210.4131889,348.6169052,132.7425575,132.7426529,90.89610577,0,forward,3.306649092,4.569616867,0,0,0,0,0,0,0
1,189.1913795,350.7069111,128.4991837,128.4993553,89.98221159,1,forward,3.825302534,5.514029397,0,0,0,0,0,0,0
1,185.8830833,349.4677734,135.3880119,135.3881264,90.22780657,1,forward,2.585992151,4.795306128,0,0,0,0,0,0,0
1,186.3308907,350.8187771,138.5561562,138.5562229,90.95920324,0,forward,2.676521185,4.581854872,0,0,0,0,0,0,0
1,185.1439095,363.5058117,149.1956139,149.1957951,85.56236625,0,forward,0.60117023,4.942045684,0,0,0,0,0,0,0
1,206.6806221,356.7861557,138.5640907,138.5640907,84.74834561,0,forward,1.2738172,4.122281126,0,0,0,0,0,0,0
1,219.7859764,356.5622807,129.3857765,129.3860149,80.27746081,1,forward,-0.840552201,8.848069701,0,0,0,0,0,0,0
1,212.1790123,356.8630886,130.8012199,130.8013058,69.70555186,1,forward,-1.958208004,10.04108411,0,0,0,0,0,0,0
1,193.0563164,368.1246471,144.7008705,144.7009563,85.76306701,0,forward,1.468959231,8.099883433,0,0,0,0,0,0,0
1,180.7934952,389.833374,148.2630539,148.2629013,78.39521766,0,forward,-2.314546011,5.180202952,0,0,0,0,0,0,0
1,147.0371151,360.9809017,164.7140121,164.7137547,52.62200236,1,down,-15,10,0,0,0,0,0,0,1
1,138.2005596,360.1011658,134.518919,134.519062,93.33447814,1,forward,-2.507292361,7.840811304,0,0,0,0,0,0,0
1,141.1530018,362.4715519,135.7426548,135.7428074,93.16741824,1,forward,-3.984978652,7.795462801,0,0,0,0,0,0,0
1,148.4985161,381.5952301,149.1974068,149.1972542,76.00357533,0,forward,-8.88223467,8.229690576,0,0,0,0,0,0,0
1,167.5473404,374.3256855,147.7617836,147.7615643,69.45062876,1,forward,-6.750937283,8.440415557,0,0,0,0,0,0,0
1,169.4369507,349.0629673,146.6275597,146.6277409,86.83375716,0,forward,-2.354413876,14.88952458,0,0,0,0,0,0,0
1,174.0820503,356.8766499,128.2034683,128.2037258,82.64423609,0,down,-15,10,1,63,271,212,397,0.683257997,1
1,163.3061218,358.0636311,131.0016251,131.001749,94.05096769,0,down,-15,10,1,76,226,203,365,0.85154289,1
1,162.5184822,352.1687794,133.7519455,133.7521076,91.26921892,0,forward,-5.23588129,12.65350228,1,64,191,178,327,0.841265559,0
1,188.6317825,357.4780655,150.456543,150.456562,90.01824856,0,forward,-3.44065951,6.275824981,1,63,194,183,334,0.865797698,0
1,217.8895378,357.1682739,140.8373451,140.837574,89.31497335,0,forward,1.580735807,4.998339916,1,59,184,180,332,0.785322964,0
1,215.2390099,358.8300419,151.4543343,151.4545155,88.44804168,1,forward,1.954529686,4.923502692,0,0,0,0,0,0,0
1,203.7392807,359.3544674,160.4595566,160.4591274,66.62691236,0,forward,-1.768929391,7.67920403,1,151,354,276,480,0.776968002,0
1,205.9486389,364.5716,148.7800598,148.7803173,83.41609836,0,forward,0.133205789,5.583970991,0,0,0,0,0,0,0
1,215.6602097,370.8902264,137.6976013,137.6979733,85.83788872,0,forward,0.97990025,4.671387553,0,0,0,0,0,0,0
1,219.2531967,371.0202885,142.2340393,142.2340679,84.33733582,0,forward,-1.457406012,4.922632437,1,88,312,223,480,0.822039485,0
1,210.4194832,358.6398983,148.5518837,148.5520077,86.07801199,0,forward,1.150326016,4.501200397,1,65,334,228,480,0.856788993,0
1,225.9028435,361.0212994,135.5840874,135.5842495,89.98040557,0,forward,1.696191586,5.886506398,0,0,0,0,0,0,0
1,233.3634567,352.8695583,123.3922958,123.3922577,68.04307699,0,down,-15,10,1,181,379,297,480,0.790838599,1
0,0,0,0,0,0,0,down,-15,10,0,0,0,0,0,0,1
0,0,0,0,0,0,0,down,-15,10,0,0,0,0,0,0,1
0,0,0,0,0,0,0,down,-15,10,1,135,385,255,479,0.648597777,1
0,0,0,0,0,0,0,down,-15,10,0,0,0,0,0,0,1
0,0,0,0,0,0,0,down,-15,10,1,279,386,380,480,0.757609844,1
0,0,0,0,0,0,0,down,-15,10,0,0,0,0,0,0,1
1,232.4406433,387.5169468,149.7208405,149.7205067,68.62124205,0,right,-4.358295121,-14.68532696,0,0,0,0,0,0,1
1,242.0108604,379.0919209,162.8933144,162.8918552,62.73313165,0,down,-15,10,0,0,0,0,0,0,1
1,241.9036293,379.3751907,142.8287315,142.8283882,66.75736308,0,down,-15,10,0,0,0,0,0,0,1
1,205.5358315,372.8126049,153.6101341,153.6100674,79.91529703,0,forward,-4.797768002,-3.112214305,0,0,0,0,0,0,0
1,188.2322311,367.1723557,164.4604492,164.4603539,76.80420876,0,forward,-1.401510432,2.198930078,0,0,0,0,0,0,0
1,167.9678917,349.175148,149.4351387,149.4351768,88.73842955,0,forward,-0.72399353,8.60269616,0,0,0,0,0,0,0
1,156.8391895,357.2737598,127.205019,127.2050571,92.41848588,0,down,-15,10,0,0,0,0,0,0,1
1,160.1030731,359.6764755,124.349308,124.3493843,91.54375196,0,left,1.680849653,16.89342684,0,0,0,0,0,0,1
1,179.795475,361.8163776,139.9756813,139.9759769,93.31603646,0,forward,-5.291786135,6.730206347,0,0,0,0,0,0,0
1,206.5333939,366.1940289,132.8755188,132.8757191,84.8148644,0,forward,-2.834443941,5.246165127,0,0,0,0,0,0,0
1,203.9891243,362.4476624,140.9552193,140.9553337,83.20536017,0,forward,-0.533804759,4.97894695,0,0,0,0,0,0,0
1,220.1473999,362.8808498,137.9496002,137.9497433,90.86926579,0,forward,-1.397090301,-3.079196001,0,0,0,0,0,0,0
1,250.70261,361.039238,137.7692223,137.7691269,83.49798322,0,right,-4.933445382,-12.87790535,0,0,0,0,0,0,1
1,244.4762993,361.8005276,136.7144966,136.7145824,88.02622557,0,right,-4.154169226,-10.29449313,0,0,0,0,0,0,1
1,217.5571632,364.2213821,141.0084343,141.0085487,90.81687927,0,forward,-2.924510161,0.389357489,0,0,0,0,0,0,0
1,208.7377167,363.1377411,136.5629196,136.5632057,88.87608051,0,forward,0.432591793,6.183796911,0,0,0,0,0,0,0
1,187.7192497,351.1273956,143.1025505,143.1025314,89.55382705,0,forward,4.440791755,13.42010484,0,0,0,0,0,0,0
1,209.2428589,355.3435135,146.5463257,146.5464592,88.033849,0,forward,5.791587848,4.942756153,0,0,0,0,0,0,0
1,170.4436111,364.2043304,151.5492249,151.5494156,85.81751585,0,forward,-3.880194763,8.995756738,0,0,0,0,0,0,0
0,0,0,0,0,0,0,down,-15,10,0,0,0,0,0,0,1
1,147.7580929,378.5545635,127.0254421,127.0257282,81.76819086,0,down,-15,10,0,0,0,0,0,0,1
1,202.1082687,366.7693233,134.2642212,134.2644596,89.61737752,0,forward,-4.535151114,6.904438332,0,0,0,0,0,0,0
1,216.5971184,364.6078205,148.2815361,148.2815266,88.68561387,0,forward,-5.211739649,-0.802899271,0,0,0,0,0,0,0
1,213.9844894,359.8380375,142.9407883,142.940855,83.81407261,0,forward,-7.029558847,-5.071111317,0,0,0,0,0,0,0
1,184.7180367,364.9243927,159.4210243,159.4207764,85.2846384,0,forward,-3.820188053,1.652993284,0,0,0,0,0,0,0
1,170.247879,375.877161,159.8886108,159.8884106,82.50938058,0,forward,-3.687269352,4.694893705,0,0,0,0,0,0,0
1,167.8559875,359.6711826,140.9606934,140.9606838,86.52498126,0,forward,-1.10038241,10.84377214,0,0,0,0,0,0,0
1,149.9308872,359.2260647,123.0998516,123.1001186,92.90881753,0,down,-15,10,0,0,0,0,0,0,1
1,150.8892441,359.4288254,124.9412727,124.9415588,89.16933537,0,left,4.143888884,20.33987259,0,0,0,0,0,0,1
1,210.5628204,356.6058826,135.0245285,135.024519,89.22026753,0,forward,1.882829506,2.564655403,0,0,0,0,0,0,0
1,220.1448822,353.4622192,127.4046707,127.4048424,92.39394665,0,forward,2.003795248,-4.17618326,0,0,0,0,0,0,0
1,237.5894737,350.6273746,127.0375252,127.0375443,82.85248876,0,forward,2.434610935,1.518006449,1,242,411,337,480,0.77949065,1
1,227.5248146,343.998785,116.7083549,116.7085075,68.56303215,0,forward,7.334688137,4.947020042,1,243,403,342,480,0.826660812,1
1,238.4989166,354.1186237,123.6319351,123.6317253,56.47383928,0,down,-15,10,1,205,355,315,480,0.854928911,1
1,233.1695557,354.7012711,136.4618301,136.4618111,80.35104871,0,forward,-0.694510209,6.492604887,1,173,371,285,480,0.868958592,1
1,238.1043434,355.7717514,134.8726463,134.8724556,81.63499236,0,forward,-2.47261952,4.194438398,1,187,373,291,480,0.773488879,1
1,244.4445992,355.0821304,128.5445595,128.5445595,93.65152717,0,forward,-1.466804316,5.121387753,0,0,0,0,0,0,0
1,239.114151,354.0687275,137.2551727,137.2552013,65.12468457,0,down,-15,10,1,217,371,321,480,0.833580494,1
0,0,0,0,0,0,0,down,-15,10,1,246,379,350,480,0.676713467,1
0,0,0,0,0,0,0,down,-15,10,1,276,381,377,480,0.787336111,1
1,233.8942528,351.0777283,127.5583076,127.5581074,53.73422503,0,down,-15,10,1,246,372,352,480,0.806364596,1
0,0,0,0,0,0,0,down,-15,10,1,241,371,344,480,0.876386702,1
0,0,0,0,0,0,0,down,-15,10,1,226,362,324,479,0.854859173,1
0,0,0,0,0,0,0,down,-15,10,1,226,362,324,479,0.882619262,1
0,0,0,0,0,0,0,down,-15,10,1,208,361,311,479,0.804442763,1
0,0,0,0,0,0,0,down,-15,10,1,215,373,320,480,0.87959522,1
0,0,0,0,0,0,0,down,-15,10,1,216,363,316,480,0.843025327,1
1,230.2735329,358.1304932,131.8311501,131.8309593,67.25397706,0,down,-15,10,1,220,372,308,480,0.623310506,1
1,221.4952469,358.3899307,123.4588623,123.4591484,64.98574615,0,forward,0.739852035,6.618534141,0,0,0,0,0,0,0
1,240.4459381,357.1867847,131.5528488,131.5525532,64.29012418,0,down,-15,10,0,0,0,0,0,0,1
1,243.4404373,367.7503681,137.8447723,137.8448582,78.58364582,0,forward,-5.453667039,4.00940168,0,0,0,0,0,0,0
1,250.8782578,367.4043274,141.6914368,141.6916466,79.3059051,0,forward,-2.861350341,3.968336211,0,0,0,0,0,0,0
1,247.2091866,360.8688641,130.8060265,130.8059978,88.90042901,0,forward,-4.688413939,3.999328895,0,0,0,0,0,0,0
1,240.4211617,361.0436153,132.727108,132.727232,89.69278336,0,forward,-4.403885023,3.979591384,0,0,0,0,0,0,0
1,260.3656769,360.6225586,113.2175446,113.2174587,70.17239928,0,forward,-2.895380473,4.924233122,1,208,365,309,480,0.82144165,1
0,0,0,0,0,0,0,down,-15,10,1,214,371,322,480,0.843904436,1
0,0,0,0,0,0,0,down,-15,10,1,214,383,326,480,0.801526666,1
1,245.7889938,353.5605526,143.4053802,143.4050274,57.12558031,0,forward,-0.837967652,3.687148242,1,207,386,315,479,0.629290402,1
1,240.5847931,361.039238,137.2729111,137.2731972,87.44524121,0,forward,-0.87972745,3.594353665,1,207,426,309,480,0.629273057,1
1,247.6347351,358.0667496,143.1821442,143.1821823,85.79646945,0,forward,-0.719045189,2.611166919,0,0,0,0,0,0,0
0,0,0,0,0,0,0,down,-15,10,0,0,0,0,0,0,1
0,0,0,0,0,0,0,down,-15,10,0,0,0,0,0,0,1
0,0,0,0,0,0,0,down,-15,10,0,0,0,0,0,0,1
1,172.8821564,259.4950962,174.2787552,174.2783546,53.76166105,0,down,-15,10,0,0,0,0,0,0,1
0,0,0,0,0,0,0,down,-15,10,0,0,0,0,0,0,1
0,0,0,0,0,0,0,down,-15,10,1,224,337,439,480,0.836135566,1
1,226.664238,348.6924076,106.1937714,106.1939621,87.14250922,0,forward,10.47741238,4.649013716,0,0,0,0,0,0,0
1,216.9009781,351.255312,115.3199005,115.3198814,95.34099698,0,forward,7.92387837,4.269157979,0,0,0,0,0,0,0
1,220.7567406,348.3909702,116.9534492,116.9535255,92.57318377,0,forward,8.754835581,4.211874822,0,0,0,0,0,0,0
1,235.2021217,344.9037838,116.2819862,116.2821007,90.40753841,0,forward,10.0722184,5.545761273,1,194,435,315,478,0.731057584,1
0,0,0,0,0,0,0,down,-15,10,0,0,0,0,0,0,1
0,0,0,0,0,0,0,down,-15,10,0,0,0,0,0,0,1
0,0,0,0,0,0,0,down,-15,10,0,0,0,0,0,0,1
1,254.5915413,348.7558365,113.5412407,113.5412121,92.91911721,0,forward,4.743141431,3.978127225,1,243,444,372,478,0.601849377,1
1,240.1703262,345.7751942,120.8677673,120.8680344,93.60227585,0,forward,6.781760414,4.410040807,0,0,0,0,0,0,0
1,248.924942,354.2162704,115.2705002,115.2704716,93.58053803,0,forward,3.866129103,-6.1257948,0,0,0,0,0,0,0
1,271.0157013,362.0381641,117.3165894,117.3168182,78.02377939,0,down,-15,10,0,0,0,0,0,0,1
1,268.9947701,364.5148087,114.6169853,114.6169567,71.38759494,0,right,1.326250736,-22.27584991,0,0,0,0,0,0,1
1,227.9276657,364.0648556,113.3512115,113.3511543,94.15399432,0,forward,0.310512883,1.621021734,0,0,0,0,0,0,0
1,211.0878563,353.2745647,121.8224144,121.8224716,93.31387877,0,forward,4.616311729,10.78711189,0,0,0,0,0,0,0
1,164.8114777,355.4021931,119.5539856,119.5540237,86.35692596,0,down,-15,10,0,0,0,0,0,0,1
1,175.4476929,355.0716877,126.2592316,126.2593174,92.36055613,0,left,4.757927666,15.52418408,0,0,0,0,0,0,1
1,207.360611,362.1126652,121.2095642,121.2094975,95.3922689,0,forward,0.034799445,4.536742042,0,0,0,0,0,0,0
1,200.8703041,383.2405758,140.7467461,140.7469082,64.97337222,0,forward,-6.762653985,0.205809059,0,0,0,0,0,0,0
0,0,0,0,0,0,0,forward,-7.168822724,1.551498127,0,0,0,0,0,0,1
1,202.0666504,364.5065689,137.5815582,137.5817299,88.97819519,0,forward,0.182354539,3.458411892,0,0,0,0,0,0,0
1,198.178215,363.5668087,142.7980042,142.7981472,88.36907148,0,forward,-1.130665946,3.898873196,0,0,0,0,0,0,0
1,218.8995743,339.2596722,112.2293854,112.2295761,83.40510726,0,forward,10.55292551,7.151728603,0,0,0,0,0,0,0
1,222.5958824,342.7928925,112.7801704,112.7805233,80.81927896,0,forward,17.20450346,8.675277383,0,0,0,0,0,0,0
1,222.913475,354.708395,119.9703979,119.9703598,94.244802,0,forward,10.48055611,2.928291481,0,0,0,0,0,0,0
1,217.5556946,360.4611683,133.9217377,133.9217091,85.25565863,0,forward,0.1470472,3.601932369,0,0,0,0,0,0,0
1,215.0731468,383.7247753,139.9697304,139.9697399,68.48716736,0,forward,-6.20661525,1.856592577,0,0,0,0,0,0,0
1,221.0870934,393.3123779,132.8584099,132.8582954,64.76258039,0,down,-10.9307609,0.276948099,0,0,0,0,0,0,1
1,215.5258751,364.7146511,126.7827415,126.7827129,90.96722603,0,forward,-0.674954745,2.839955304,0,0,0,0,0,0,0
1,164.4392586,354.7689342,133.6840057,133.6841297,90.0278151,0,right,-11.14616198,-19.26937376,0,0,0,0,0,0,1
1,161.8449974,352.2657108,135.325985,135.3260708,87.72594929,0,down,-15,10,0,0,0,0,0,0,1
1,219.8114586,365.6285477,126.1105919,126.11063,91.47432446,0,forward,0.41751936,4.154282883,0,0,0,0,0,0,0
1,227.3562431,368.4705448,127.5179482,127.5182247,94.04618144,0,forward,-0.745938467,-2.430510897,0,0,0,0,0,0,0
1,244.1245079,364.4058895,135.171566,135.1713467,74.34967756,0,right,-0.358105644,-17.82602561,0,0,0,0,0,0,1
1,204.5436478,365.1303005,137.6971436,137.6972866,89.60615396,0,forward,2.128604252,7.353966294,0,0,0,0,0,0,0
1,192.9865646,377.2186947,157.5142288,157.5141048,66.06955528,0,forward,-7.906027979,3.182250194,0,0,0,0,0,0,0
1,203.1178284,381.6669559,157.021637,157.0215511,62.67466545,0,forward,-9.36486253,4.155190925,0,0,0,0,0,0,0
1,214.1526222,359.9164295,129.4512749,129.4513035,91.40100479,0,forward,0.178752164,4.139740365,0,0,0,0,0,0,0
1,214.6905708,341.89044,124.4846153,124.4848251,80.08713722,0,forward,14.10390044,6.735398051,0,0,0,0,0,0,0
1,211.7408562,354.811964,127.8884697,127.8886127,89.53670859,0,forward,10.94352065,3.49428867,0,0,0,0,0,0,0
1,215.216732,361.7191315,133.3599663,133.3600044,88.28467727,0,forward,3.247126857,3.477540115,0,0,0,0,0,0,0
0,0,0,0,0,0,0,forward,-1.591504516,2.718753794,0,0,0,0,0,0,1
1,217.0531845,364.1395283,129.594574,129.5945835,90.06752968,0,forward,3.206654338,3.249032076,0,0,0,0,0,0,0
1,175.5516815,351.4266872,130.7779694,130.7781887,87.39320636,0,forward,-1.563190737,-7.242091115,0,0,0,0,0,0,0
2,4.220073223,64.1545558,170.9202576,170.9201145,83.58762264,0,down,-15,10,0,0,0,0,0,0,1
2,15.55956244,122.2736263,180.0153732,180.0112152,96.63518667,0,forward,-2.88355886,-4.838845504,0,0,0,0,0,0,1
2,9.754480124,120.6896782,180.6075096,180.6023884,95.89838982,0,forward,0.507037126,-5.438763516,0,0,0,0,0,0,1
2,-3.537872434,108.2595849,178.0233574,178.0192566,93.89047623,0,forward,0.333312275,-3.345429231,0,0,0,0,0,0,1
1,-19.27003741,102.3416734,175.7757568,175.7722664,90.34199119,0,forward,0.971720731,-2.382382961,0,0,0,0,0,0,0
2,-8.02903235,85.69227934,179.1467667,179.1422081,93.56395006,0,forward,2.615910914,-5.153810823,0,0,0,0,0,0,1
2,19.36792016,99.79622126,180.2908325,180.2869606,94.4747746,0,forward,2.775692379,-6.787396778,0,0,0,0,0,0,1
2,21.81140184,100.1416039,177.3954391,177.3924637,95.36145926,0,forward,2.375688193,-7.333286888,0,0,0,0,0,0,1
2,1.119213402,88.45808744,185.3430176,185.3389835,97.05604315,0,forward,1.105795071,-4.794697575,0,0,0,0,0,0,1
2,-1.775849164,82.48564482,180.7262611,180.7227516,96.49346471,0,forward,2.746124403,-5.309536468,0,0,0,0,0,0,1
2,-12.50712037,79.07089949,172.5962639,172.5910091,91.15722775,0,forward,3.545721523,-4.898136235,0,0,0,0,0,0,1
2,164.0126038,356.6307449,144.8882294,144.8882675,88.17040324,0,forward,3.169140733,-2.516578848,0,0,0,0,0,0,1
1,217.5201035,350.5152225,109.1487122,109.1488266,78.9685905,0,down,-15,10,0,0,0,0,0,0,1
1,233.9633179,361.6041183,142.1173859,142.1171379,52.47569084,0,down,-15,10,0,0,0,0,0,0,1
1,169.1789436,344.5930481,139.57407,139.5743179,89.8291409,0,left,11.86627603,19.34457872,0,0,0,0,0,0,1
1,230.6773186,349.7570515,104.5046806,104.5041275,59.54501629,0,left,1.10227192,15.19500094,0,0,0,0,0,0,1
1,208.3706284,377.0994186,131.4001083,131.400032,69.00972128,0,forward,3.960751327,14.07955209,0,0,0,0,0,0,0
1,169.7574043,351.8152714,132.2114754,132.2115612,90.05210996,0,forward,10.33649799,14.95064642,0,0,0,0,0,0,0
1,209.4885445,364.1038513,124.6065331,124.6065331,81.55283928,0,forward,1.453574416,2.072417599,0,0,0,0,0,0,0
1,216.0678101,358.7579441,135.7391739,135.7391453,91.98480844,0,forward,5.857155159,2.324839982,0,0,0,0,0,0,0
1,250.6349564,352.9950714,130.0609589,130.0609589,87.64746189,0,forward,5.390763308,2.14526869,0,0,0,0,0,0,0
1,281.7702675,367.7165508,121.9869423,121.9871807,95.05601525,0,forward,3.68842278,2.024984998,0,0,0,0,0,0,0
1,288.4650803,359.6533871,120.5792999,120.5792713,94.16488409,0,forward,4.866250341,3.194099435,0,0,0,0,0,0,0
2,252.6596832,362.7713299,132.3467255,132.3467159,87.80065179,0,forward,0.442379667,4.079876464,0,0,0,0,0,0,1
1,242.2981453,368.4392166,146.1091423,146.1092377,84.15061831,0,forward,-0.825237001,3.60422044,0,0,0,0,0,0,0
1,257.9029846,375.0916958,137.2039413,137.203989,85.43998599,0,forward,0.383976656,0.101506516,0,0,0,0,0,0,0
1,269.2695999,374.1370296,134.9884796,134.9885273,92.84275174,0,forward,-1.609404778,1.268552475,0,0,0,0,0,0,0
1,272.6666451,364.6436977,131.3995552,131.3997173,93.48712564,0,forward,1.347136443,3.042447714,0,0,0,0,0,0,0
1,256.3289833,354.2282581,135.0606728,135.0609684,85.48854589,0,forward,5.395919413,7.325433462,0,0,0,0,0,0,0
1,262.7718544,350.4331684,119.8073769,119.8075676,87.97537088,0,forward,8.560416323,9.298896361,0,0,0,0,0,0,0
2,262.0256805,361.6769028,104.2882156,104.2883205,94.57082152,0,forward,8.995813189,4.072983751,0,0,0,0,0,0,1
2,261.8406677,353.135376,107.1364212,107.1365833,91.344136,0,forward,11.15094045,0.956997192,0,0,0,0,0,0,1
2,266.5360641,356.4444065,97.80208588,97.80218124,84.19103622,0,forward,13.37199733,-2.257996695,0,0,0,0,0,0,1
2,282.2118568,359.9819469,100.3708458,100.3712082,90.91864824,0,forward,10.4333381,-3.607556571,0,0,0,0,0,0,1
2,262.8925133,364.818964,103.0395699,103.0396843,92.28114486,0,forward,9.032421515,-0.264218757,0,0,0,0,0,0,1
2,259.6067047,366.9546604,103.0830002,103.082943,91.20933414,0,forward,6.730874758,-0.961808228,0,0,0,0,0,0,1
2,267.6464462,366.6335392,101.3770676,101.3771439,90.23137689,0,forward,7.849433268,-1.031653461,0,0,0,0,0,0,1
2,274.325676,354.2465687,103.431778,103.4321022,92.15512276,0,forward,9.759480216,-0.340966722,0,0,0,0,0,0,1
2,257.0294189,345.2586079,100.2390289,100.2390862,91.81947708,0,forward,10.0985008,2.900002918,0,0,0,0,0,0,1
2,242.9736137,350.5177402,108.4352684,108.4353447,94.59459782,0,forward,5.918929722,2.582774257,0,0,0,0,0,0,1
2,246.5284157,359.3007374,115.0741005,115.0740051,92.33097434,0,forward,3.096594643,1.81897214,0,0,0,0,0,0,1
1,247.0154572,358.37677,114.7365952,114.7365475,93.56440902,0,forward,0.758077014,0.210848612,0,0,0,0,0,0,0
1,241.2829018,356.4477539,130.2415276,130.2414894,91.70568585,0,forward,0.291218582,0.740241249,0,0,0,0,0,0,0
1,270.0261879,360.8678055,126.3663673,126.3666344,94.49610114,0,forward,2.317064159,0.604919737,0,0,0,0,0,0,0
1,269.7025108,358.8537312,124.2776299,124.2778301,93.55546832,0,forward,1.791631685,-0.246539848,0,0,0,0,0,0,0
1,266.9906807,355.231905,128.6061287,128.606329,94.73045468,0,forward,0.495351513,-0.086124027,0,0,0,0,0,0,0
1,266.2738037,359.0487957,126.934967,126.935091,94.11042333,0,forward,-0.186339124,0.720221864,0,0,0,0,0,0,0
1,253.0926704,359.89048,125.7521629,125.7522583,89.84271288,0,forward,-0.851548671,1.375574499,0,0,0,0,0,0,0
1,252.1388817,349.005003,129.8125267,129.8125648,89.5586431,0,forward,4.419544753,3.170543924,0,0,0,0,0,0,0
1,256.2710953,348.8915634,128.1230927,128.1232738,89.87592459,0,forward,4.431875421,3.112933164,0,0,0,0,0,0,0
1,256.0001373,342.2721004,128.0323029,128.0324936,90.48035145,0,forward,6.104427502,3.976873402,0,0,0,0,0,0,0
1,167.1992302,325.0260544,133.3752441,133.375597,83.87601376,0,down,-15,10,0,0,0,0,0,0,1
1,158.1384563,349.3984222,107.6655865,107.6657009,83.0807507,0,down,-15,10,0,0,0,0,0,0,1
1,219.3785667,339.8556805,130.1823235,130.1826668,92.65861511,0,forward,8.128756083,4.426772214,0,0,0,0,0,0,0
0,0,0,0,0,0,0,forward,2.506942329,13.75008214,0,0,0,0,0,0,1
1,227.7324677,346.7008495,127.4383926,127.4386597,95.41442394,0,forward,6.043707768,4.194875774,0,0,0,0,0,0,0
1,171.7309189,352.6365566,130.3481483,130.3482914,90.02249241,0,down,-15,10,0,0,0,0,0,0,1
1,238.7471771,350.95047,123.6903,123.6902905,95.2023685,0,forward,2.393515103,3.607508845,0,0,0,0,0,0,0
1,300.3732681,368.6036968,109.4972229,109.4970703,75.8433938,0,down,-15,10,0,0,0,0,0,0,1
1,198.4207153,347.9352093,137.4201202,137.4201679,90.71100354,0,forward,-0.538683741,7.140129511,0,0,0,0,0,0,0
1,161.9416618,351.3386822,116.1682701,116.1683464,84.20045376,0,right,-1.431302197,-10.41173772,0,0,0,0,0,0,1
1,263.1238556,360.2126598,125.4644012,125.4642391,73.87809157,0,down,-15,10,0,0,0,0,0,0,1
1,161.4082718,334.110117,141.4103699,141.4105797,83.10255408,0,left,16.41316481,15.83925605,0,0,0,0,0,0,1
1,233.9322662,356.3169765,134.6605301,134.6601391,78.16312909,0,down,-15,10,0,0,0,0,0,0,1
1,183.152256,355.2232361,143.891964,143.8921165,89.08422589,0,forward,4.621632851,9.303298069,0,0,0,0,0,0,0
1,233.7772179,367.3380375,142.5174522,142.5173664,71.71599269,0,forward,6.261461635,14.03983564,0,0,0,0,0,0,0
1,217.4842834,368.0842495,129.5137787,129.5136738,72.60981798,0,forward,-3.542712619,-5.097636645,0,0,0,0,0,0,0
1,189.9180603,362.7200603,135.9988403,135.9989262,91.26553535,0,forward,-2.731131607,7.200418423,0,0,0,0,0,0,0
1,208.4997559,395.3451061,121.3147736,121.3149548,73.0548501,0,forward,-8.22579316,0.695281099,0,0,0,0,0,0,0
1,200.4938316,348.2003689,128.1115913,128.1115723,89.82287049,0,forward,4.024788446,5.663359056,0,0,0,0,0,0,0
1,209.3395615,345.3605175,135.9972763,135.9973812,89.7840023,0,forward,13.00101403,1.947209451,0,0,0,0,0,0,0
1,194.5182037,373.0116177,149.9506378,149.9505329,69.55736876,0,forward,-1.815487773,3.114337171,0,0,0,0,0,0,0
1,177.4195671,365.5502701,129.3576431,129.3577194,78.51353288,0,forward,-7.268613201,1.981873669,0,0,0,0,0,0,0
1,169.9298096,361.7757511,157.592926,157.5925541,66.38998389,0,forward,-5.097501823,3.538999862,0,0,0,0,0,0,0
1,176.9288635,348.2672882,146.9913483,146.9912338,82.06596375,0,forward,1.054808203,1.403229831,0,0,0,0,0,0,0
1,177.2933006,354.2059708,147.2516823,147.2514153,84.00493264,0,forward,-1.000218556,0.985201503,0,0,0,0,0,0,0
0,0,0,0,0,0,0,forward,-0.789875379,7.173043087,0,0,0,0,0,0,1
1,202.4910736,352.6423645,125.6569672,125.6568432,91.78029895,0,forward,4.001948829,-1.285708029,0,0,0,0,0,0,0
1,202.8225517,391.4978886,126.3625526,126.3624287,72.00748324,0,forward,-1.918175451,2.587309859,0,0,0,0,0,0,0
1,184.9886322,363.9165974,151.837883,151.8379498,81.30571842,1,forward,-2.752254877,3.195641623,0,0,0,0,0,0,0
1,180.8192062,353.1250763,128.2950974,128.2951927,94.58343983,0,forward,2.244444328,4.52088644,0,0,0,0,0,0,0
0,0,0,0,0,0,1,down,-15,10,0,0,0,0,0,0,1
1,210.6834412,358.3182621,127.9846573,127.9846859,90.32717347,2,forward,-1.46468551,3.451050168,0,0,0,0,0,0,0
1,177.976799,339.2724895,121.407814,121.4079666,73.57195616,1,down,-15,10,1,149,429,223,480,0.784018755,1
1,190.7958412,344.669981,160.196743,160.1964283,58.81671309,2,forward,3.920842048,4.885429779,0,0,0,0,0,0,0
1,165.8112526,347.2459316,124.199543,124.1996384,91.73358679,0,forward,2.230280818,6.586108474,0,0,0,0,0,0,0
1,149.8523426,352.6589298,120.4370975,120.4375076,91.42543077,0,forward,-6.031985381,-6.165332338,0,0,0,0,0,0,0
1,232.7958107,373.4989929,133.118763,133.1187057,86.2205267,0,left,8.01466548,19.71983024,0,0,0,0,0,0,1
1,209.7986031,356.0937023,125.342083,125.3421307,88.20430636,0,forward,-2.103011811,3.779045226,0,0,0,0,0,0,0
1,207.4980354,354.4516468,122.6178551,122.6178932,89.29102421,0,forward,3.054294106,5.30053604,0,0,0,0,0,0,0
1,229.5921707,363.8162613,101.0590363,101.0587406,52.97561884,1,down,-15,10,0,0,0,0,0,0,1
0,0,0,0,0,0,1,down,-15,10,0,0,0,0,0,0,1
1,189.5953751,334.1494274,149.1752243,149.1751385,54.16895747,1,down,-15,10,1,161,428,228,480,0.759867549,1
1,192.6002884,354.909668,134.2911148,134.2910385,69.44012642,0,forward,-0.034410429,7.662951394,0,0,0,0,0,0,0
1,215.2327156,366.6915894,142.2249413,142.2249413,80.91747761,0,forward,1.506835978,1.621470118,0,0,0,0,0,0,0
1,232.5997925,366.7610836,130.4766083,130.4767513,92.0388639,1,forward,0.326485205,0.238719443,1,87,340,187,456,0.756017804,1
1,237.7789497,361.6658878,131.1473274,131.1474895,90.46003819,0,forward,0.963911971,-1.097304155,0,0,0,0,0,0,0
1,226.9241142,371.3582611,141.9203377,141.9204712,87.20787764,1,forward,-2.403060651,0.728148794,0,0,0,0,0,0,0
1,236.3846207,365.8292484,133.4754562,133.4757328,90.19607902,0,forward,-2.796552789,-0.153844526,0,0,0,0,0,0,0
1,235.2337265,366.6722775,141.4615631,141.4617062,91.35609269,0,forward,-3.138168107,0.708406165,0,0,0,0,0,0,0
1,230.1257896,372.9293346,147.4317741,147.4319744,80.7025373,1,forward,-4.484502546,2.504806957,0,0,0,0,0,0,0
1,215.2972603,367.3322582,132.0693779,132.0697117,84.07145143,0,forward,-1.545935744,8.677712767,0,0,0,0,0,0,0
1,198.4634972,369.4048977,129.6632195,129.6634769,88.60046864,0,forward,-0.677170445,10.11848134,0,0,0,0,0,0,0
1,202.3649025,368.1525707,142.4064827,142.4066448,82.93043971,0,forward,-0.998010082,3.640206748,0,0,0,0,0,0,0
1,252.3099709,370.6657791,125.2666283,125.2663422,57.19485283,0,down,-15,10,0,0,0,0,0,0,1
1,279.9198723,380.484724,105.9909248,105.9906864,60.86986661,0,down,-15,10,0,0,0,0,0,0,1
1,209.1601181,362.9050827,141.6847992,141.685009,81.44595027,0,forward,3.830473421,2.252032896,0,0,0,0,0,0,0
1,170.1624107,362.3076725,140.9895325,140.9899235,88.38827014,0,forward,2.695893186,9.911594194,0,0,0,0,0,0,0
1,134.3714619,367.0629501,121.0413456,121.0414696,76.04831457,0,forward,-5.414470208,-7.818066036,0,0,0,0,0,0,0
1,191.220665,375.46978,138.4643555,138.4644127,87.58516312,0,forward,-1.910889896,0.002883278,0,0,0,0,0,0,0
1,199.8266411,353.6246109,120.051384,120.0511837,93.2043612,0,forward,10.4278469,4.589639313,0,0,0,0,0,0,0
1,203.0112267,348.481636,119.1481972,119.1481304,89.26028013,0,forward,21.62397376,3.509226475,0,0,0,0,0,0,0
1,208.2465172,358.9394474,117.246685,117.246666,91.18814468,0,forward,1.870205859,3.954091213,0,0,0,0,0,0,0
0,0,0,0,0,0,0,down,-15,10,0,0,0,0,0,0,1
0,0,0,0,0,0,1,down,-15,10,0,0,0,0,0,0,1
0,0,0,0,0,0,1,down,-15,10,1,215,385,347,480,0.716802657,1
1,201.3626671,357.5329971,147.6109505,147.6109314,71.57655954,0,forward,4.755920068,8.739995946,0,0,0,0,0,0,0
1,192.5760269,373.3873844,137.8237534,137.8239155,86.58008575,0,forward,4.816678633,-2.220826969,0,0,0,0,0,0,0
1,164.659977,368.8023663,144.5233536,144.5231152,65.12867808,0,forward,4.348468109,0.273218898,0,0,0,0,0,0,0
1,176.8179703,363.7470245,130.8986473,130.8987236,92.08775759,1,forward,7.033802137,3.581600669,0,0,0,0,0,0,0
1,184.055748,374.2390823,138.1697083,138.1697273,86.68500185,2,forward,1.889981984,3.844762948,0,0,0,0,0,0,0
1,189.4142723,374.8722553,134.1051674,134.1052723,89.5147562,2,forward,3.842724424,5.070830087,1,93,408,147,479,0.747660995,1
1,204.4046211,362.5034809,129.1987419,129.1989613,92.2934711,2,forward,3.930941802,3.245955572,0,0,0,0,0,0,0
1,190.2310753,368.418045,119.831028,119.8312569,88.16840053,1,forward,4.541864487,1.921390795,0,0,0,0,0,0,0
1,188.3006859,370.4096603,115.2137947,115.2139664,82.29141831,1,forward,2.843004988,1.33903014,0,0,0,0,0,0,0
1,187.967701,365.0714493,139.0791893,139.0793037,85.08896828,1,forward,5.391176121,2.732181689,0,0,0,0,0,0,0
1,198.9960861,366.087656,132.7336121,132.7337551,87.54085898,0,forward,10.42797013,4.854682398,0,0,0,0,0,0,0
1,212.0308113,365.1291561,132.5234032,132.5236416,83.23672414,0,forward,6.858032959,6.068180725,0,0,0,0,0,0,0
1,208.472805,358.9291763,137.7307701,137.7308464,75.53486824,0,forward,9.187403241,3.696612631,0,0,0,0,0,0,0
1,214.7706795,363.9183426,128.3734322,128.3733559,87.81212568,1,forward,8.233075984,7.332388129,0,0,0,0,0,0,0
1,214.3457985,363.6410236,129.2988777,129.2988682,88.45740557,0,forward,5.874916857,7.08293907,0,0,0,0,0,0,0
1,205.1193047,364.9583817,131.7661858,131.7664146,89.46253061,0,forward,4.922915561,5.286847944,0,0,0,0,0,0,0
1,183.2024956,362.5599003,134.160614,134.1608906,90.10581374,0,forward,3.746492909,5.161916538,0,0,0,0,0,0,0
1,188.4923553,364.3513012,112.495575,112.4955368,74.2744863,1,forward,1.687577042,-1.797220867,0,0,0,0,0,0,0
0,0,0,0,0,0,0,down,-15,10,0,0,0,0,0,0,1
1,164.0075493,354.6317196,134.8901367,134.8899364,60.18224359,0,forward,-5.686600042,0.89526233,0,0,0,0,0,0,0
1,183.695755,358.6794949,128.3031082,128.3032894,77.21369267,1,forward,4.5685092,6.922785758,0,0,0,0,0,0,0
0,0,0,0,0,0,2,down,-15,10,0,0,0,0,0,0,1
0,0,0,0,0,0,0,down,-15,10,1,168,328,314,479,0.764528155,1
0,0,0,0,0,0,1,down,-15,10,0,0,0,0,0,0,1
1,236.2615395,362.8175354,128.7275505,128.7273216,75.31449199,0,right,-6.871280496,-23.33417511,0,0,0,0,0,0,1
0,0,0,0,0,0,0,down,-15,10,0,0,0,0,0,0,1
1,305.5368233,372.8427887,112.5057411,112.5055504,60.56476831,0,down,-15,10,0,0,0,0,0,0,1
1,278.4445,380.4988575,121.2984657,121.2985897,78.79392505,0,right,-7.663834426,-17.2235714,0,0,0,0,0,0,1
1,211.1604691,366.7106152,144.4844437,144.4842052,73.53373766,0,forward,4.542056131,5.765940237,0,0,0,0,0,0,0
1,191.1727333,364.8715496,123.4712982,123.471365,78.44512463,0,down,-15,10,1,245,409,351,479,0.705379307,1
1,251.9399643,268.4081554,170.6674957,170.6634521,93.86832118,0,down,-14.89174572,7.179724204,0,0,0,0,0,0,1
1,222.1520805,208.1159306,153.6614418,153.6614227,92.5119698,0,forward,-5.837051869,-1.123955197,0,0,0,0,0,0,0
1,223.0852699,210.5326939,149.4394493,149.439497,94.32069063,0,forward,1.317501398,4.543619847,0,0,0,0,0,0,0
1,224.2899704,210.209198,148.3063126,148.3063889,94.4801271,0,forward,1.082122245,4.417842906,0,0,0,0,0,0,0
1,228.5299301,211.2566185,145.6618881,145.6619453,93.82411838,0,forward,2.768190571,6.776917863,0,0,0,0,0,0,0
1,231.8577194,203.8999844,148.3824158,148.382349,94.01704669,0,forward,2.397582207,9.712898915,0,0,0,0,0,0,0
1,236.612587,206.6839886,145.0032425,145.003252,93.19878221,0,forward,3.798763209,10.844102,0,0,0,0,0,0,0
1,232.948494,202.0358276,150.6406403,150.6406403,94.43694353,0,forward,5.301918063,13.84229199,0,0,0,0,0,0,0
1,205.120163,198.7916565,146.6303253,146.6306591,88.95916343,0,forward,-6.635333236,-2.221935229,0,0,0,0,0,0,0
1,193.3268166,202.1539307,130.3774452,130.3777313,93.41343045,0,down,-15,10,0,0,0,0,0,0,1
1,207.2585869,193.4048367,147.7475929,147.7475739,90.60954452,0,left,14.613695,18.77287153,0,0,0,0,0,0,1
1,224.608078,209.2183399,142.7063751,142.7064514,92.71828532,0,forward,7.408147145,4.287390327,0,0,0,0,0,0,0
1,228.7046051,207.904501,143.7833786,143.7836266,93.62354875,0,forward,6.368767838,1.135477487,0,0,0,0,0,0,0
1,235.7208061,199.2255878,141.6775703,141.6775703,91.87099338,0,right,7.421197176,-11.8638486,0,0,0,0,0,0,1
1,247.2588348,202.0443249,135.6283188,135.6284523,92.44482517,0,right,7.994507933,-19.4481038,0,0,0,0,0,0,1
1,237.0421028,204.8846912,140.7097435,140.7098293,92.36335754,0,right,4.487585812,-14.18519809,0,0,0,0,0,0,1
1,216.9272995,203.9406109,145.9259796,145.9259892,93.72205734,0,forward,5.363615263,2.658928224,0,0,0,0,0,0,0
1,218.2460594,217.5433445,142.6435661,142.643652,94.18869615,0,forward,-3.265736747,4.625510127,0,0,0,0,0,0,0
1,221.2361336,267.5801182,138.6468315,138.6447716,90.32640457,0,down,-15,10,0,0,0,0,0,0,1
1,219.5799255,274.4797897,135.5087662,135.5065441,86.62390709,0,down,-15,10,0,0,0,0,0,0,1
1,210.8029175,236.0660362,149.054718,149.0548611,93.31282377,0,forward,-8.077928909,7.111633491,0,0,0,0,0,0,0
1,212.3758698,224.1247272,134.1459274,134.1459274,93.83941889,0,forward,-1.913914845,5.851944533,0,0,0,0,0,0,0
1,209.1746712,200.9655762,146.379528,146.3799191,93.48561168,0,forward,4.676861248,5.806188672,0,0,0,0,0,0,0
1,224.6151161,190.0981808,127.8093529,127.8095627,94.55022812,0,forward,13.63559163,9.262630958,0,0,0,0,0,0,0
1,215.3211212,195.2132893,139.9355698,139.9357796,93.7764585,0,forward,14.08535885,5.57398876,0,0,0,0,0,0,0
1,216.1880302,213.1099606,146.5147591,146.5149879,94.10029054,0,forward,1.482346516,3.216359676,0,0,0,0,0,0,0
1,213.2109642,213.315897,147.1339989,147.1341991,95.43146491,0,forward,2.061015145,4.4435484,0,0,0,0,0,0,0
1,217.8300476,212.8582478,146.4681625,146.4682961,91.80135727,1,forward,1.687220893,4.005809999,0,0,0,0,0,0,0
1,216.4485931,219.9403381,143.8396072,143.8396168,92.15883613,1,forward,-3.089687126,3.536555095,0,0,0,0,0,0,0
1,220.2308083,219.4126511,149.1034889,149.103384,92.57224202,1,forward,-2.536504912,3.475753263,0,0,0,0,0,0,0
1,219.5433235,223.0061245,147.6877785,147.6876926,93.39801669,1,forward,-2.137030033,3.231540116,0,0,0,0,0,0,0
1,219.1929626,214.3960476,144.5385361,144.5386219,92.10327864,1,forward,-0.750873009,3.567283833,0,0,0,0,0,0,0
1,213.8746452,211.0768604,148.2767677,148.2768631,93.2651937,1,forward,1.564324635,3.915719785,0,0,0,0,0,0,0
1,208.0114365,219.9474621,133.7773132,133.7771988,94.58162785,1,forward,-2.759837861,4.070819142,0,0,0,0,0,0,0
1,210.9260941,214.4924068,136.1748886,136.1748219,90.05723596,1,forward,-2.373491035,4.574361809,0,0,0,0,0,0,0
1,210.1039886,215.0540257,140.6593323,140.6594467,92.97267199,0,forward,-3.38282273,4.023591931,0,0,0,0,0,0,0
1,224.7339439,212.2354317,138.1384087,138.138485,92.40750074,0,forward,-2.143551873,3.757688542,0,0,0,0,0,0,0
1,234.853611,206.2447643,144.7010231,144.700985,93.63534451,1,forward,-1.192719154,4.912761973,0,0,0,0,0,0,0
1,245.020504,210.3476429,139.3951225,139.3952751,89.11646008,2,forward,-2.851245003,4.965086645,0,0,0,0,0,0,0
1,249.8495865,209.7500896,138.8552856,138.8554001,85.29217243,2,forward,-3.711342616,5.387946429,0,0,0,0,0,0,0
1,248.7506294,210.6497097,138.9891624,138.9893532,88.77487779,2,forward,-1.739157339,5.264199706,0,0,0,0,0,0,0
1,249.5444489,217.5640297,134.9829102,134.9830055,89.3602252,2,forward,-2.815198047,3.68358317,0,0,0,0,0,0,0
1,247.6342773,213.5601997,133.9982986,133.9983845,89.59497213,0,forward,-2.353271199,5.159874187,0,0,0,0,0,0,0
1,247.8306198,214.5964909,138.6591721,138.6593056,91.74822569,0,forward,-2.333098282,5.697977458,0,0,0,0,0,0,0
1,234.7551727,204.2040539,149.5496368,149.5496464,91.52547121,1,forward,-0.371709301,4.463665435,0,0,0,0,0,0,0
1,235.1291275,207.7966404,143.0736542,143.0736065,90.40704966,1,forward,-0.052894248,4.439206395,0,0,0,0,0,0,0
2,231.0625458,211.1704731,143.3057404,143.3056068,92.26199389,1,forward,-2.479161214,4.445947577,0,0,0,0,0,0,1
1,232.7544403,206.8139362,147.2769547,147.276907,90.77579975,1,forward,-0.93485642,4.12608148,0,0,0,0,0,0,0
1,231.2636757,205.2618313,151.8362617,151.8361759,91.12479687,0,forward,-0.193924954,5.249056905,0,0,0,0,0,0,0
1,229.2842102,210.0717545,143.9458466,143.9458466,92.73033738,0,forward,1.121323556,5.969630235,0,0,0,0,0,0,0
1,213.9409828,183.3040524,172.9279137,172.9222584,84.29941535,0,forward,3.208492919,1.706138992,0,0,0,0,0,0,0
1,209.2905998,195.9009361,185.7750511,185.7704258,96.27028108,0,forward,-2.285968127,4.898811737,0,0,0,0,0,0,0
1,220.6620026,194.7441959,162.6248932,162.6247787,90.59823155,1,forward,-1.027765229,3.750329306,0,0,0,0,0,0,0
1,180.9500504,191.1769009,171.4214325,171.4163589,82.42844939,1,forward,-1.571961698,4.246029363,0,0,0,0,0,0,0
1,231.4211655,188.5344601,141.68396,141.6837502,94.61047053,0,forward,2.925521897,5.58835079,0,0,0,0,0,0,0
1,264.8766518,185.8690739,152.5590706,152.5588417,92.84830689,1,forward,6.301732835,-0.310606422,0,0,0,0,0,0,0
1,304.9521828,202.1930408,148.9177513,148.9176464,86.9440496,1,forward,5.105305337,-2.225936377,0,0,0,0,0,0,0
1,283.2577515,192.9280472,136.0916901,136.0916519,71.24907374,1,down,-15,10,0,0,0,0,0,0,1
1,260.2968979,187.4958515,156.7760086,156.7757607,87.9977107,2,forward,11.59243593,2.746543117,0,0,0,0,0,0,0
1,248.9581108,187.4118805,151.0826683,151.0824966,93.67387891,0,forward,4.948066307,2.542305474,0,0,0,0,0,0,0
1,248.1040955,188.9753151,149.5049286,149.5047855,93.67668033,1,forward,6.771596367,2.8465281,0,0,0,0,0,0,0
1,248.0666733,195.5051136,147.6911163,147.6910973,93.87087226,0,forward,2.418962188,5.158294449,0,0,0,0,0,0,0
1,235.7257652,197.4339294,153.7118721,153.7119198,90.18975496,0,forward,0.779199538,9.361522071,0,0,0,0,0,0,0
1,233.1587029,197.5561523,150.0990868,150.0991917,91.18407965,0,forward,0.53632757,10.22968924,0,0,0,0,0,0,0
1,230.3381348,191.7454433,148.4303284,148.4303856,93.90879869,0,forward,0.932724618,10.39130892,0,0,0,0,0,0,0
1,232.8993607,195.2229023,146.8582535,146.8583965,92.77492762,0,forward,2.151778489,8.90367347,0,0,0,0,0,0,0
1,242.2387314,194.5063877,146.4286804,146.4286423,93.28864217,1,forward,2.2814363,6.683092777,0,0,0,0,0,0,0
1,251.4847755,198.47085,139.579525,139.5796394,91.55147672,0,forward,1.623277576,6.80850446,1,126,247,267,478,0.88900131,1
1,255.9163284,203.6580276,141.1688995,141.168623,79.73902225,2,right,4.610353213,-24.56541543,0,0,0,0,0,0,1
1,281.8099976,213.4540844,125.9459686,125.9458637,85.43412089,1,down,-15,10,0,0,0,0,0,0,1
1,282.0163536,210.5903721,130.9277534,130.9273911,84.1775775,1,down,-15,10,0,0,0,0,0,0,1
1,249.4205475,217.1456623,135.0016403,135.0016308,87.91851401,0,forward,-7.99539423,0.768556153,0,0,0,0,0,0,0
1,252.644062,204.9034595,140.9498405,140.9498978,89.1533494,0,forward,-1.808611308,3.711548433,1,224,313,349,478,0.808172405,1
1,265.8806038,167.4314404,128.4226036,128.4227371,78.20965648,1,left,15.80215608,15.21938792,1,183,230,336,432,0.862203062,1
1,268.610611,169.6412373,128.7618256,128.7618828,85.16392112,1,left,8.126296688,16.22699435,1,185,221,328,403,0.854965568,1
1,255.4851151,188.2485867,130.8834076,130.8833885,85.32401323,0,forward,5.148906999,7.072138406,1,181,247,311,477,0.893600523,1
1,244.6682739,212.8795338,136.2247467,136.2248039,88.6418879,0,forward,-5.464665831,4.672533346,1,182,307,312,480,0.892890275,1
1,248.653965,244.9002171,130.934124,130.9340572,90.47228098,0,forward,-2.892213785,8.767676399,1,178,331,320,478,0.87738508,1
1,267.5195122,296.1457443,124.6876335,124.6838665,67.31778383,0,down,-15,10,0,0,0,0,0,0,1
1,256.7819214,274.9956036,129.5465088,129.5438576,69.74977851,0,down,-15,10,0,0,0,0,0,0,1
1,239.9126816,208.6240768,143.3230591,143.3230877,86.26890182,0,forward,-0.632823636,7.14100952,0,0,0,0,0,0,0
1,251.1042213,191.7418957,126.0662651,126.0662556,86.03897095,1,forward,7.871724892,7.390696551,0,0,0,0,0,0,0
1,242.0833969,189.678154,132.0670319,132.0670795,93.44566464,0,forward,8.576880133,13.69732862,0,0,0,0,0,0,0
1,252.0527077,187.3463058,127.0970726,127.097168,87.95514703,1,left,16.80120663,17.66785004,0,0,0,0,0,0,1
1,268.4869576,192.3642826,115.2577019,115.2580261,89.3066287,1,left,18.26550808,21.40688956,0,0,0,0,0,0,1
1,281.9199944,198.9141369,137.8828239,137.8830528,89.75558281,0,forward,3.626829373,10.45477977,0,0,0,0,0,0,0
1,280.8527374,193.3569431,137.3664093,137.3664379,91.3829267,0,forward,-0.050299857,6.863902775,1,184,194,312,413,0.886916697,1
1,276.7075157,194.2525578,128.2983971,128.2984829,93.26626062,0,forward,1.53633324,7.523440593,1,182,195,298,410,0.916852772,1
1,272.8075981,191.5702343,140.4607201,140.4609776,92.30798483,0,forward,-0.765442051,6.973118748,1,178,195,298,412,0.89482671,1
1,267.2045898,236.4298439,135.8734131,135.8734989,89.96527791,1,forward,3.335053466,4.658816653,0,0,0,0,0,0,0
1,278.0596924,265.7315826,124.4762039,124.4737244,83.06433558,1,down,-15,10,0,0,0,0,0,0,1
1,284.475441,202.5137329,133.599472,133.5995007,85.49472094,2,down,-15,10,1,176,180,329,395,0.776340604,1
1,277.9280853,203.5955143,130.9767532,130.9767437,88.09748292,1,right,5.042932195,-12.26716692,0,0,0,0,0,0,1
1,281.9484711,211.9852924,137.0609283,137.0610237,81.06845021,2,right,7.7545444,-20.38394855,0,0,0,0,0,0,1
1,279.1227722,191.4242649,119.5373917,119.5374298,73.68078828,1,down,-15,10,1,231,197,348,408,0.883997917,1
1,283.9921379,193.720293,113.4049034,113.4051132,73.70289564,0,down,-15,10,1,224,196,344,400,0.90189445,1
0,0,0,0,0,0,1,down,-15,10,0,0,0,0,0,0,1
0,0,0,0,0,0,0,down,-15,10,1,272,103,375,210,0.726512849,1
0,0,0,0,0,0,1,down,-15,10,0,0,0,0,0,0,1
1,290.5885506,187.3491096,126.0982704,126.098156,83.50904584,2,forward,9.530948729,4.037752959,0,0,0,0,0,0,0
0,0,0,0,0,0,1,down,-15,10,0,0,0,0,0,0,1
1,306.8012619,193.7227535,141.8996811,141.8997288,95.34285665,0,forward,13.00258672,-1.270194038,1,1,275,365,480,0.732973754,1
1,297.1068573,188.419075,141.5858078,141.5858173,91.33496881,0,forward,10.31977668,0.382758111,0,0,0,0,0,0,0
1,305.4345131,194.5977116,136.0336876,136.0337448,92.16884971,1,forward,8.164382923,-0.432168366,0,0,0,0,0,0,0
1,287.5183296,197.01828,144.1327858,144.1327572,96.0742712,0,forward,5.93767244,5.601505782,0,0,0,0,0,0,0
1,270.5816841,198.2443714,136.0944557,136.0946274,96.88603282,0,forward,6.122124845,7.975243542,0,0,0,0,0,0,0
1,278.0696487,195.3396034,136.1681366,136.1684132,94.79982257,1,forward,6.509063628,6.352341006,1,180,308,316,479,0.87559855,1
1,285.5823517,199.7807121,127.6811981,127.6814175,93.8084662,1,forward,4.862580133,5.994202581,1,179,299,317,480,0.612329602,1
2,285.3474426,200.499258,135.0042725,135.0044346,94.2309618,1,forward,4.359512639,2.510611067,1,186,306,320,480,0.720843852,1
2,292.2116089,198.3701992,129.9781799,129.9781609,89.54721689,1,forward,7.827794374,-1.614362749,0,0,0,0,0,0,1
2,295.533886,194.5785427,139.1671181,139.1671085,76.5217185,1,down,-15,10,0,0,0,0,0,0,1
2,288.7010574,200.8496761,126.678009,126.6779709,79.49409485,0,down,-15,10,0,0,0,0,0,0,1
2,256.583004,200.5243492,130.5327797,130.5328274,93.75278354,0,forward,2.197604898,5.170061731,1,189,281,305,423,0.802537858,1
2,223.9671135,207.9309082,129.6673775,129.667654,87.15307117,0,down,-15,10,0,0,0,0,0,0,1
1,218.5348701,211.6827393,134.3867302,134.3871689,82.38642216,0,down,-15,10,0,0,0,0,0,0,1
1,263.2518959,209.2566776,137.9528999,137.9529762,93.12766194,0,forward,-0.806634236,7.419894493,1,89,264,193,472,0.604780078,1
1,266.6735458,248.9210415,134.4070053,134.4061375,89.10979629,0,forward,-2.31194252,3.924450459,0,0,0,0,0,0,0
1,278.9743233,263.7817383,133.1297874,133.1288624,86.24221087,0,forward,-2.659733351,2.167562729,0,0,0,0,0,0,0
1,273.5331154,221.4487267,139.3167686,139.3166828,94.27820444,0,forward,-6.241006194,8.818236022,0,0,0,0,0,0,0
1,282.024231,192.8231335,132.5313187,132.5312233,92.05951095,1,forward,10.7042893,8.051928825,0,0,0,0,0,0,0
1,292.2933388,175.8320618,110.7206917,110.7209015,75.19962192,0,down,-15,10,0,0,0,0,0,0,1
0,0,0,0,0,0,1,down,-15,10,1,237,101,338,192,0.600670159,1
1,303.156414,167.4504948,102.0175362,102.0176697,59.1062665,0,down,-15,10,0,0,0,0,0,0,1
1,274.6774864,196.4378643,141.772213,141.7724705,87.21112609,0,forward,4.716534682,8.16285927,1,192,170,313,372,0.845781446,1
1,277.2202873,202.4193478,144.4342613,144.4344521,94.83270645,0,forward,4.9209775,8.342607871,0,0,0,0,0,0,0
1,286.6327667,202.8313923,146.0365295,146.0367393,91.46922827,0,forward,1.521892993,8.041354988,0,0,0,0,0,0,0
1,281.9888306,204.9483776,149.7819901,149.7821045,87.54273057,0,forward,1.894906661,6.079781932,0,0,0,0,0,0,0
1,276.5539551,201.5137768,152.7744675,152.7745628,91.45212173,0,forward,3.80479734,4.188856581,0,0,0,0,0,0,0
2,263.8142586,214.2899036,150.1716423,150.1716042,91.47471189,2,forward,1.579160779,5.875226503,0,0,0,0,0,0,1
1,256.9642448,204.6100903,157.8736687,157.8735924,92.45730639,2,forward,-0.455075911,4.296219576,0,0,0,0,0,0,0
1,259.4203377,202.6691151,157.0140648,157.0139122,92.16639996,2,forward,0.952928773,3.989204946,0,0,0,0,0,0,0
1,259.206028,197.8911495,161.8321419,161.828928,91.81061387,1,forward,-1.967280089,3.88419533,0,0,0,0,0,0,0
1,259.8924446,191.4173985,158.5387611,158.5386086,78.0784905,2,down,-15,10,0,0,0,0,0,0,1
1,255.7068634,204.4012928,153.3124161,153.3124924,93.10917854,0,forward,0.185256631,4.661902175,0,0,0,0,0,0,0
1,253.5937881,200.4127693,153.2284927,153.2284641,91.05390906,0,forward,1.905958687,4.400496584,0,0,0,0,0,0,0
1,242.7534294,200.1166821,151.0559654,151.0561752,86.84571981,0,forward,2.235630367,4.284689051,0,0,0,0,0,0,0
1,242.1042252,197.6438427,156.1455536,156.1457062,93.648839,1,forward,3.654145316,2.507711548,0,0,0,0,0,0,0
1,245.0895882,200.3343487,148.0923653,148.0925846,91.58334732,1,forward,3.338472324,3.407093433,0,0,0,0,0,0,0
1,252.3678589,199.5897102,157.2953796,157.2954369,94.66245174,1,forward,7.40221212,3.248585116,0,0,0,0,0,0,0
1,258.2820129,199.6835804,157.4650955,157.4651527,94.88992095,2,forward,3.450511295,3.422004105,0,0,0,0,0,0,0
1,253.8316154,201.8734074,157.4195671,157.4194908,93.90879869,0,forward,2.250576206,4.568135144,0,0,0,0,0,0,0
1,226.2708664,199.1195011,147.157135,147.1571732,93.52723956,0,forward,3.478766586,3.918102179,0,0,0,0,0,0,0
1,224.9198151,197.5526905,147.8549576,147.8550339,94.47060227,0,forward,4.888601602,3.830995701,0,0,0,0,0,0,0
1,234.2824173,201.7680359,147.8066254,147.806654,93.19473505,0,forward,1.414497369,5.192958471,0,0,0,0,0,0,0
1,235.6913185,200.1026058,144.0149498,144.0150261,93.08001995,0,forward,2.624031772,6.621893898,0,0,0,0,0,0,0
1,233.7350655,197.3564243,147.3137856,147.3138714,91.20255113,0,forward,1.714081852,6.522438658,0,0,0,0,0,0,0
1,295.0443268,209.1926479,128.0507278,128.0504608,66.70930982,0,down,-15,10,0,0,0,0,0,0,1
1,280.9875107,206.2565517,144.4023132,144.4018364,76.57924294,0,right,9.723895686,-28.7583982,0,0,0,0,0,0,1
1,197.1649933,192.9266453,117.2052002,117.2056103,94.71458793,0,down,-15,10,0,0,0,0,0,0,1
1,228.7337112,171.768465,135.2824783,135.2827263,86.26058102,0,forward,17.24994256,12.97700932,0,0,0,0,0,0,0
1,229.9937057,162.6595974,137.8413773,137.8414536,87.05269098,0,forward,20.63942259,11.06945501,0,0,0,0,0,0,0
1,243.1163597,291.8119526,136.8912315,136.8883896,75.0323832,0,down,-15,10,0,0,0,0,0,0,1
1,264.2015076,223.8773346,149.5729065,149.5693302,88.9942348,0,down,-15,10,0,0,0,0,0,0,1
1,253.1473732,220.521841,135.655117,135.6541157,83.4646523,0,down,-14.49489299,-1.785803347,0,0,0,0,0,0,1
1,197.4781609,198.3916283,138.1688881,138.1692696,94.44283247,0,down,-15,10,0,0,0,0,0,0,1
1,201.2923813,178.7001228,138.9196396,138.9196873,87.46181726,0,forward,17.10423139,14.34734145,0,0,0,0,0,0,0
1,219.5237732,179.6396255,135.8610153,135.8612537,88.19981813,0,left,18.41534067,15.62639705,0,0,0,0,0,0,1
1,225.6282616,224.7178459,147.8641701,147.8639317,93.1666851,0,left,11.01957258,17.37009846,0,0,0,0,0,0,1
1,247.56464,249.2593861,140.1953316,140.195303,87.58717179,0,down,-15,10,0,0,0,0,0,0,1
1,303.7650108,214.3319607,132.8812981,132.8809834,73.95519018,0,down,-15,10,0,0,0,0,0,0,1
1,259.5200729,210.9562397,142.0896912,142.0895576,91.12716317,0,forward,-0.679585936,-1.264998885,0,0,0,0,0,0,0
1,224.5630264,208.2244492,141.7663193,141.7664337,92.1645999,1,forward,0.315537608,2.211510947,0,0,0,0,0,0,0
1,247.7595139,200.6120396,140.3695679,140.3697968,91.49842858,1,forward,4.483314072,4.600415251,1,4,291,82,417,0.649668872,1
1,250.2604675,204.8408318,142.4926376,142.4929333,90.5544281,2,forward,3.273555127,4.686245168,0,0,0,0,0,0,0
1,264.8610687,203.6755085,138.4564209,138.4566021,94.32144761,1,forward,6.19029282,1.178194946,0,0,0,0,0,0,0
1,247.6060486,198.1062412,138.7328339,138.7328625,87.91526556,1,forward,7.807905452,3.070720458,0,0,0,0,0,0,0
0,0,0,0,0,0,1,down,-15,10,0,0,0,0,0,0,1
1,225.0070953,185.2835369,130.5446625,130.5447006,82.61829615,1,forward,15.66033111,3.683216926,1,244,239,381,460,0.748016894,1
1,308.9048958,188.2590866,134.3155098,134.3151855,55.33409715,0,down,-15,10,0,0,0,0,0,0,1
1,255.1458931,197.3286152,131.823864,131.823864,94.33457851,0,forward,5.027638245,-2.671362005,0,0,0,0,0,0,0
1,240.3463364,197.4363613,132.3973846,132.3975849,94.84409094,1,forward,15.28224876,13.57672143,0,0,0,0,0,0,0
1,260.4821205,204.3948555,141.4311409,141.4313221,90.17640948,1,forward,9.032308448,13.1333931,0,0,0,0,0,0,0
0,0,0,0,0,0,0,down,-15,10,0,0,0,0,0,0,1
0,0,0,0,0,0,0,down,-15,10,0,0,0,0,0,0,1
1,250.4252052,214.2060471,146.233654,146.2334919,77.93201208,0,down,-15,10,0,0,0,0,0,0,1
0,0,0,0,0,0,0,down,-15,10,0,0,0,0,0,0,1
0,0,0,0,0,0,1,down,-15,10,0,0,0,0,0,0,1
1,249.6840858,189.1543865,133.2452202,133.2451344,94.03275847,2,forward,11.06206386,-1.748984045,0,0,0,0,0,0,0
1,335.6641769,186.4269161,127.8883362,127.8881836,75.34937263,0,down,-15,10,0,0,0,0,0,0,1
1,260.7021332,191.6029644,132.9127121,132.9126549,83.37097168,1,forward,5.907270227,-4.550546372,0,0,0,0,0,0,0
1,259.4911575,187.1438599,121.8294525,121.8295383,83.14409256,1,forward,9.877288244,1.585279857,0,0,0,0,0,0,0
1,237.1997452,190.5148315,114.2141724,114.2142391,84.48135257,1,down,-15,10,0,0,0,0,0,0,1
1,269.8544312,186.8004513,118.034668,118.0347633,86.20427847,1,forward,7.21957442,3.00610832,0,0,0,0,0,0,0
1,262.1747017,163.9717197,116.7420006,116.7417812,54.86152768,0,down,-15,10,0,0,0,0,0,0,1
1,252.7435303,195.8205128,132.3065567,132.3065186,79.78180051,0,forward,6.861651215,-3.194034308,0,0,0,0,0,0,0
1,251.6905022,254.9381733,140.723629,140.7226181,91.24105573,0,forward,1.034919791,8.51750846,0,0,0,0,0,0,0
1,250.9245872,206.4181995,139.7304726,139.7307014,91.81473255,0,forward,3.278752466,1.806684528,0,0,0,0,0,0,0
1,293.7714577,185.1077557,129.3227577,129.3227005,81.70899153,0,forward,3.817763327,2.17680623,0,0,0,0,0,0,0
1,290.4413223,184.1576099,128.3262634,128.3261776,81.61969185,0,down,-15,10,0,0,0,0,0,0,1
1,231.2898636,190.9645557,138.3578873,138.3576965,95.27044892,0,forward,7.591909742,9.884066752,0,0,0,0,0,0,0
1,197.4580765,196.6981602,119.5355225,119.5355415,71.08443975,0,down,-15,10,0,0,0,0,0,0,1
1,262.3740959,193.7231541,136.4506721,136.4505959,95.7880497,0,forward,8.521654051,0.278192226,0,0,0,0,0,0,0
1,261.8162727,168.941946,125.6853676,125.6855965,89.50951695,0,forward,17.99249525,3.651582927,0,0,0,0,0,0,0
1,245.2106285,198.5088444,147.2789192,147.27911,92.27799773,0,forward,5.264249469,2.401758282,0,0,0,0,0,0,0
1,254.5852089,193.7190342,131.9467735,131.9466019,83.25042129,0,forward,9.483674028,1.110124316,1,292,252,418,479,0.891717136,1
1,255.6420708,190.5723667,129.6957588,129.6955776,86.41045094,0,forward,8.584832913,1.683577036,1,293,252,417,480,0.884783685,1
1,257.3278046,192.143898,134.5003891,134.5002651,87.49744296,0,forward,9.18290838,0.838313061,1,289,255,416,480,0.906068206,1
1,293.7599182,193.9625645,143.6837387,143.6834621,66.76959395,0,down,-15,10,0,0,0,0,0,0,1
1,293.4978294,191.5919209,125.5740929,125.573988,84.32674408,0,right,36.53277346,-36.98743476,1,478,214,577,390,0.678743839,1
1,284.7410583,189.5599365,133.1752777,133.175211,82.5068891,0,right,30.57094879,-28.67083044,0,0,0,0,0,0,1
1,261.0886574,184.0809631,124.4508934,124.4509792,77.10380554,1,forward,8.387219566,7.071895314,1,261,242,416,474,0.653846622,1
1,255.4813957,186.870718,123.9538002,123.9538765,84.92799997,1,forward,12.82495906,6.10273186,0,0,0,0,0,0,0
1,236.0649681,192.0005322,115.6802559,115.6803703,89.04754519,1,down,-15,10,0,0,0,0,0,0,1
1,244.5788956,195.3004932,134.5167923,134.5170879,90.59530497,0,forward,14.581878,13.34802206,0,0,0,0,0,0,0
1,259.7964287,198.6129284,130.2669334,130.2670097,93.85638833,0,forward,7.932856382,7.1475178,0,0,0,0,0,0,0
1,248.8579559,197.8832817,137.8102875,137.8102684,94.62846518,0,forward,9.327492359,8.264377312,1,254,327,375,479,0.792387664,1
1,257.2858238,192.8702259,131.2842751,131.2843323,94.84081864,1,forward,9.614350237,5.367967946,0,0,0,0,0,0,0
1,236.8774414,189.9452305,130.5745316,130.5743408,94.88909841,0,forward,10.11073693,5.214029868,0,0,0,0,0,0,0
1,247.8728485,194.968214,128.3950806,128.3950424,92.42571592,0,forward,6.556779815,1.252590927,1,312,274,427,479,0.846632421,1
1,250.2243614,198.6459446,125.6508827,125.6508064,92.05359817,0,forward,7.834066839,-0.327940875,0,0,0,0,0,0,0
1,237.4671173,195.1614189,133.8236618,133.8234043,95.32889128,0,forward,9.528297612,-5.927701554,0,0,0,0,0,0,0
1,238.1270218,194.8125744,129.4683838,129.4680977,95.10483742,0,forward,11.13514634,-6.479473995,0,0,0,0,0,0,0
1,241.7848969,201.7361927,128.7608719,128.76091,94.4226563,0,forward,8.164517451,-1.016056816,0,0,0,0,0,0,0
1,223.637867,211.5622616,133.1363869,133.1363297,90.82927108,0,forward,4.625188762,3.743682987,0,0,0,0,0,0,0
1,185.9796906,225.1596737,147.5938034,147.5934219,94.64986324,1,forward,-0.359499635,10.64723756,0,0,0,0,0,0,0
1,180.3929901,217.153101,155.8267212,155.826416,92.85058975,1,forward,-1.186245392,7.183417006,0,0,0,0,0,0,0
1,201.813736,206.4747334,139.9036789,139.9038219,91.54502153,0,forward,4.46793634,2.678448774,0,0,0,0,0,0,0
1,230.1004028,200.6111813,140.4001236,140.4002094,95.22254467,0,forward,4.2342827,3.337794694,0,0,0,0,0,0,0
1,233.264122,202.7157497,147.8725815,147.8725433,82.18752146,0,forward,6.203546082,2.049685201,0,0,0,0,0,0,0
1,228.4179306,201.6765404,149.377861,149.3778419,91.41066074,1,forward,1.049482697,1.740696058,0,0,0,0,0,0,0
1,208.9410973,217.4079609,148.5568428,148.5567856,93.38047504,0,forward,-0.865196252,10.79836533,0,0,0,0,0,0,0
1,200.9060669,261.048975,135.1020813,135.1020813,95.41546702,0,forward,4.36325498,4.923662665,0,0,0,0,0,0,0
1,193.4127617,222.0155811,137.491169,137.4911785,94.53236461,0,forward,0.921097363,11.56624576,0,0,0,0,0,0,0
1,203.791523,210.6925678,140.4245949,140.4247284,92.53150225,0,forward,4.135119992,6.859773455,0,0,0,0,0,0,0
1,236.0083389,209.343338,132.0005035,132.0005322,94.59491372,0,forward,2.412440501,4.356328959,0,0,0,0,0,0,0
1,262.4068069,206.0084724,130.7732773,130.7732964,88.41201663,1,forward,-0.483322898,2.649938846,1,368,288,513,401,0.723168612,1
0,0,0,0,0,0,1,down,-15,10,0,0,0,0,0,0,1
1,294.9599838,203.4209347,138.2304382,138.2305241,91.73998833,1,forward,5.935554715,2.76122234,0,0,0,0,0,0,0
1,299.8576164,201.976862,138.8458824,138.8459015,89.6669507,0,forward,10.08773945,0.824757439,0,0,0,0,0,0,0
1,308.1326866,198.1461811,142.6012611,142.6011086,69.52505112,0,forward,6.082578107,1.264666556,0,0,0,0,0,0,0
1,293.8667679,199.9718857,148.724556,148.7242985,67.3581779,0,forward,6.163530376,0.322768295,0,0,0,0,0,0,0
1,296.4758873,207.8214169,119.394207,119.394207,74.91224408,1,forward,11.42301258,0.512315196,0,0,0,0,0,0,0
1,290.1297569,207.253933,125.3044319,125.3045368,78.20676565,1,down,-15,10,0,0,0,0,0,0,1
1,307.2426414,212.444458,131.5625954,131.562624,92.81942248,1,right,17.54347034,-15.81476725,0,0,0,0,0,0,1
1,325.3873444,224.4015026,132.3674011,132.3672867,91.42308235,1,right,11.29612345,-19.33177425,1,399,368,542,468,0.652991116,1
1,287.3269653,214.8817921,133.0945587,133.0945587,89.99541998,1,forward,9.110535063,2.236993074,0,0,0,0,0,0,0
1,255.7820702,208.8988781,141.0560799,141.0562706,85.65446734,1,forward,1.760312024,4.578258268,0,0,0,0,0,0,0
1,236.6005707,208.2425022,136.7591095,136.7590714,76.70345902,1,forward,0.579640345,2.302102212,0,0,0,0,0,0,0
1,195.6732941,212.6298809,143.7228775,143.7228012,93.80475879,1,forward,-0.713348981,0.004731724,0,0,0,0,0,0,0
1,182.779789,209.6739292,154.3912697,154.3912697,93.77802014,2,forward,0.439522243,6.77026288,0,0,0,0,0,0,0
1,244.0088081,201.5997219,123.9203072,123.9202881,90.505898,0,forward,6.661800284,9.315769909,0,0,0,0,0,0,0
0,0,0,0,0,0,1,down,-15,10,0,0,0,0,0,0,1
1,290.5820084,201.0964966,124.7849655,124.7847462,81.67947531,1,forward,1.366607371,-4.931881525,0,0,0,0,0,0,0
1,294.7946358,207.6335049,149.2601204,149.2602253,90.87512493,1,forward,5.927021479,-2.785008015,0,0,0,0,0,0,0
0,0,0,0,0,0,0,down,-15,10,0,0,0,0,0,0,1
0,0,0,0,0,0,0,down,-15,10,0,0,0,0,0,0,1
1,243.3205605,193.5202503,145.9532738,145.9531403,82.82451034,1,forward,6.126738704,1.00908833,0,0,0,0,0,0,0
1,196.1140442,274.848032,204.3323135,204.3043327,64.53577876,1,down,-15,10,0,0,0,0,0,0,1
1,255.96735,221.9635677,138.2900047,138.2896614,52.42807269,1,down,-15,10,0,0,0,0,0,0,1
0,0,0,0,0,0,1,down,-15,10,0,0,0,0,0,0,1
0,0,0,0,0,0,1,down,-15,10,1,238,201,434,468,0.722235441,1
1,245.1397705,180.9619617,181.4428329,181.4296532,69.36557293,2,down,-15,10,0,0,0,0,0,0,1
1,270.2667427,184.4002819,128.9674187,128.9677048,76.64760351,0,down,-15,10,0,0,0,0,0,0,1
1,288.2180786,183.0640125,119.5158386,119.5158291,73.22666645,0,right,40.5495348,-28.84135043,0,0,0,0,0,0,1
1,292.0380592,171.7428875,128.794651,128.7946415,72.4239707,0,right,31.44629924,-19.98231737,0,0,0,0,0,0,1
1,269.7373581,180.4087257,132.3276138,132.3275471,77.97713876,0,right,23.93489634,-17.80724941,0,0,0,0,0,0,1
2,281.8850327,169.191885,100.2464676,100.2462959,60.92141867,1,down,-15,10,0,0,0,0,0,0,1
1,256.1998749,286.68437,130.6502151,130.649929,57.20468163,1,down,-15,10,0,0,0,0,0,0,1
0,0,0,0,0,0,1,down,-15,10,1,244,276,421,421,0.780466139,1
0,0,0,0,0,0,1,down,-15,10,0,0,0,0,0,0,1
0,0,0,0,0,0,0,down,-15,10,1,185,138,444,456,0.693915367,1
0,0,0,0,0,0,0,down,-15,10,1,158,153,421,471,0.763006926,1
0,0,0,0,0,0,0,down,-15,10,1,187,164,448,472,0.69702065,1
0,0,0,0,0,0,0,down,-15,10,1,215,153,473,471,0.864802003,1
0,0,0,0,0,0,0,down,-15,10,1,213,166,472,476,0.831084132,1
0,0,0,0,0,0,0,down,-15,10,1,214,164,475,475,0.824561357,1
0,0,0,0,0,0,0,down,-15,10,1,219,163,468,470,0.850494504,1
0,0,0,0,0,0,0,down,-15,10,1,218,168,479,469,0.778232276,1
0,0,0,0,0,0,0,down,-15,10,1,221,155,480,476,0.839832485,1
0,0,0,0,0,0,0,down,-15,10,1,224,156,490,476,0.819050968,1
0,0,0,0,0,0,0,down,-15,10,1,216,159,483,477,0.755909741,1
0,0,0,0,0,0,0,down,-15,10,0,0,0,0,0,0,1
0,0,0,0,0,0,0,down,-15,10,0,0,0,0,0,0,1
1,420.9749985,260.8899021,110.3442001,110.3437042,55.65035939,0,down,-15,10,0,0,0,0,0,0,1
1,375.5944824,240.8295536,132.4525452,132.4524593,59.33751464,0,down,-15,10,1,194,78,402,480,0.890702903,1
0,0,0,0,0,0,0,down,-15,10,1,160,78,377,478,0.918022811,1
1,352.3965454,249.8779678,120.3065491,120.306673,59.22248363,0,down,-15,10,1,160,66,386,480,0.803651929,1
0,0,0,0,0,0,0,down,-15,10,1,152,66,376,479,0.917709172,1
0,0,0,0,0,0,0,down,-15,10,1,169,69,401,480,0.608686924,1
0,0,0,0,0,0,0,down,-15,10,1,166,76,397,480,0.755962849,1
1,394.4598007,254.3090057,138.3059311,138.3060837,61.357373,0,down,-15,10,0,0,0,0,0,0,1
0,0,0,0,0,0,0,down,-15,10,0,0,0,0,0,0,1
1,393.2741165,278.0873394,114.4801331,114.4805717,56.37746453,0,down,-15,10,1,194,86,419,480,0.877058506,1
0,0,0,0,0,0,0,down,-15,10,0,0,0,0,0,0,1
0,0,0,0,0,0,0,down,-15,10,1,223,112,456,478,0.867179513,1
0,0,0,0,0,0,0,down,-15,10,1,222,120,455,479,0.830945313,1
0,0,0,0,0,0,0,down,-15,10,0,0,0,0,0,0,1
0,0,0,0,0,0,0,down,-15,10,0,0,0,0,0,0,1
0,0,0,0,0,0,0,down,-15,10,1,239,169,498,479,0.627392352,1
0,0,0,0,0,0,0,down,-15,10,1,222,203,484,480,0.87141788,1
1,226.6064835,221.5802479,155.4172134,155.4170036,92.34009981,1,forward,-7.263097275,2.653868084,0,0,0,0,0,0,0
1,195.9308815,221.3827801,156.2281609,156.2281609,92.42719412,0,forward,-4.308378682,4.537126005,0,0,0,0,0,0,0
1,191.5779114,219.2355251,147.1656036,147.1655273,94.5961833,0,forward,-4.313078763,7.136484032,0,0,0,0,0,0,0
1,195.5589867,211.1109924,147.44524,147.4451923,91.92521572,1,forward,1.011662736,11.23873951,0,0,0,0,0,0,0
1,224.8477936,197.8406239,153.7688446,153.7689114,93.87106895,1,forward,3.881074851,9.42577502,0,0,0,0,0,0,0
1,216.5505791,192.946558,149.2849159,149.2848015,95.39330006,1,forward,5.826018286,9.00660781,0,0,0,0,0,0,0
1,205.8191299,183.1432629,155.3246689,155.3242493,58.90409946,2,down,-15,10,0,0,0,0,0,0,1
1,224.4887543,185.4782009,144.5652771,144.5652866,56.69493675,1,down,-15,10,0,0,0,0,0,0,1
0,0,0,0,0,0,1,down,-15,10,0,0,0,0,0,0,1
0,0,0,0,0,0,1,down,-15,10,0,0,0,0,0,0,1
0,0,0,0,0,0,1,down,-15,10,1,212,210,352,380,0.681712866,1
0,0,0,0,0,0,1,down,-15,10,0,0,0,0,0,0,1
1,225.8013153,212.5564671,153.9460373,153.945694,56.70930147,1,down,-15,10,0,0,0,0,0,0,1
1,229.0721512,195.5539799,158.9261627,158.9259911,73.1117487,1,forward,8.973779572,6.586893186,0,0,0,0,0,0,0
0,0,0,0,0,0,1,down,-15,10,0,0,0,0,0,0,1
1,206.0043144,193.0304432,131.5851402,131.5852261,92.72550941,0,down,-15,10,0,0,0,0,0,0,1
1,239.1279602,202.5365353,142.187233,142.1873188,93.14418435,0,forward,3.571371932,2.768227565,0,0,0,0,0,0,0
1,263.9566612,193.8792229,130.2294731,130.2295589,85.81915498,0,right,22.59482602,-30.54165156,0,0,0,0,0,0,1
1,217.5570107,198.6383629,136.1054039,136.1053562,95.18477917,0,forward,3.191323703,5.389504821,0,0,0,0,0,0,0
1,238.6096764,183.8451862,124.2199898,124.2201519,95.07046342,0,forward,15.01591059,6.711830757,0,0,0,0,0,0,0
1,251.7214203,171.3466072,124.510231,124.5103741,87.6321137,0,forward,18.91152463,6.145327662,0,0,0,0,0,0,0
1,232.877636,188.5551739,134.0941811,134.0939713,94.64511871,1,forward,10.76422542,4.045073053,0,0,0,0,0,0,0
1,225.7175827,219.8033237,137.1498108,137.1496868,94.07972097,1,forward,5.039765127,7.302843441,0,0,0,0,0,0,0
1,224.4985199,266.6773224,135.7432175,135.7419491,90.19830227,1,down,-15,10,0,0,0,0,0,0,1
1,255.2150345,219.9179935,131.3019943,131.3014984,83.21805596,1,right,3.510353351,-35.40477856,0,0,0,0,0,0,1
1,228.708477,205.8002472,139.8459053,139.8460865,93.09498072,1,forward,-1.0268272,-2.906611486,0,0,0,0,0,0,0
1,214.5224571,209.884243,146.2970161,146.2972355,91.42636657,1,forward,-4.786258132,6.124237689,0,0,0,0,0,0,0
1,204.7434807,193.2270241,131.7686272,131.7687893,91.38313532,1,forward,12.95212338,14.68974483,0,0,0,0,0,0,0
1,246.4754677,166.9727039,138.3518791,138.3520317,85.10501385,1,forward,12.24942481,14.37828462,0,0,0,0,0,0,0
1,280.5365562,182.1815586,139.7458839,139.7458935,84.53754187,1,forward,7.496204122,6.979329218,0,0,0,0,0,0,0
1,269.6042061,237.6076412,136.9721031,136.9699574,91.05927348,1,down,-15,10,0,0,0,0,0,0,1
1,233.2745361,220.827198,143.3471298,143.3471489,93.86339188,1,forward,-8.615784687,6.484136919,0,0,0,0,0,0,0
1,235.3131866,202.5545025,150.8884811,150.8885193,93.28742027,1,forward,-2.36509296,3.752177162,0,0,0,0,0,0,0
1,205.6229401,189.7311687,139.8571777,139.8572731,85.58322787,1,forward,-1.757468773,3.097739636,0,0,0,0,0,0,0
1,249.2193222,194.0097141,149.0962601,149.0963745,95.72731853,1,forward,4.365928266,2.948894946,0,0,0,0,0,0,0
1,248.9233208,203.5306263,156.6870308,156.6870403,91.53314233,1,forward,-1.394431003,4.067618167,0,0,0,0,0,0,0
1,251.9320107,175.2390575,140.5554771,140.5555916,85.86099744,1,forward,13.34865571,4.024602697,0,0,0,0,0,0,0
1,260.1868439,177.8181267,135.6086349,135.6087685,89.74732757,0,forward,19.49640181,0.684249912,1,0,158,114,308,0.742802143,1
1,243.5576439,276.6346264,139.5414543,139.5394135,87.46654987,1,down,-15,10,0,0,0,0,0,0,1
1,302.4938965,215.2703762,126.3402939,126.3403702,65.41410685,1,down,-15,10,0,0,0,0,0,0,1
0,0,0,0,0,0,1,down,-15,10,0,0,0,0,0,0,1
0,0,0,0,0,0,1,down,-15,10,0,0,0,0,0,0,1
1,238.1244659,196.4071369,144.4899368,144.4901562,90.87231755,1,forward,8.825542265,6.273108432,0,0,0,0,0,0,0
0,0,0,0,0,0,1,forward,10.80042414,1.624088373,0,0,0,0,0,0,0
0,0,0,0,0,0,1,down,-15,10,0,0,0,0,0,0,1
0,0,0,0,0,0,1,down,-15,10,0,0,0,0,0,0,1
1,269.0466309,201.8434811,114.763298,114.7633553,89.49340582,0,forward,8.055517167,-8.563231745,0,0,0,0,0,0,0
1,239.0094185,210.9763241,146.2823677,146.2823868,91.74458385,0,forward,1.793228633,5.544902446,0,0,0,0,0,0,0
1,239.0096092,209.6067524,144.8676109,144.8676109,90.76603651,0,forward,2.487000575,6.862430974,0,0,0,0,0,0,0
1,291.586895,217.6771259,111.4056587,111.4057732,75.11288524,1,down,-15,10,0,0,0,0,0,0,1
1,267.7756119,215.5664349,120.656662,120.6568336,92.90725589,1,forward,4.192045826,11.35337668,0,0,0,0,0,0,0
1,235.4545784,211.4727688,150.1936531,150.1936054,92.55157113,1,forward,-0.383942825,4.156990882,0,0,0,0,0,0,0
1,237.1251106,207.9990864,152.7274513,152.7274704,89.38849568,1,forward,0.323305071,5.362471883,0,0,0,0,0,0,0
1,249.9129677,216.3018036,143.7433815,143.7434864,89.53825235,1,forward,-1.535738823,8.27648883,1,70,160,280,397,0.765244544,1
1,231.5863609,211.7702579,169.9726295,169.9625015,88.25340271,0,forward,-2.410667895,4.261178145,1,66,155,281,381,0.874130309,1
0,0,0,0,0,0,1,down,-15,10,0,0,0,0,0,0,1
0,0,0,0,0,0,1,down,-15,10,0,0,0,0,0,0,1
0,0,0,0,0,0,1,down,-15,10,0,0,0,0,0,0,1
0,0,0,0,0,0,1,down,-15,10,0,0,0,0,0,0,1
1,235.7078934,206.4177704,141.5242386,141.5241909,87.25118637,1,forward,6.052176601,-2.036558085,1,149,274,485,478,0.747723877,1
0,0,0,0,0,0,1,down,-15,10,0,0,0,0,0,0,1
1,227.811985,215.2559566,151.2283516,151.2282944,91.47356749,1,forward,0.497779708,2.394133815,0,0,0,0,0,0,0
1,228.0459595,213.1553078,153.3808517,153.3808422,93.38519573,0,forward,-1.583389589,2.419743662,0,0,0,0,0,0,0
1,228.1504059,217.090044,146.7788315,146.7787743,94.03834939,0,forward,3.282492263,2.687443516,0,0,0,0,0,0,0
1,226.4750099,212.7046108,151.0413551,151.0413551,94.79225278,0,forward,1.926371361,2.939397021,0,0,0,0,0,0,0
1,227.3844719,213.0045605,147.5292397,147.529192,93.78138781,0,forward,4.453775331,2.619379521,0,0,0,0,0,0,0
1,225.5537224,213.1864929,149.6943092,149.6941853,90.87474942,0,forward,-2.340960031,3.740836055,0,0,0,0,0,0,0
1,217.4789238,222.6819992,152.2953987,152.2949982,93.83940101,0,forward,-3.34868832,3.506681804,0,0,0,0,0,0,0
1,218.7412262,223.1776714,150.6710052,150.6707382,93.70519519,0,forward,-3.469041681,4.56801069,0,0,0,0,0,0,0
1,226.7290115,214.8419666,146.015358,146.0153103,93.58366132,0,forward,3.46222103,3.83475277,0,0,0,0,0,0,0
1,238.6697769,209.3466854,141.264267,141.2643242,90.76651931,0,forward,4.914982798,0.341929818,0,0,0,0,0,0,0
1,265.4143143,215.6757832,136.2075424,136.2070656,84.84976888,0,down,-15,10,0,0,0,0,0,0,1
1,228.3162689,206.736145,144.6760559,144.6760941,91.79345965,0,forward,1.701855687,-0.727581743,0,0,0,0,0,0,0
1,225.834713,217.2007942,139.0442085,139.044199,94.83982325,0,forward,0.208923996,3.419432484,0,0,0,0,0,0,0
1,200.5106735,205.3296375,135.524826,135.5250835,85.19300222,0,down,-15,10,0,0,0,0,0,0,1
1,214.2380524,207.2561932,142.0571518,142.0575428,81.80743456,0,down,-15,10,0,0,0,0,0,0,1
1,249.0888977,207.2336197,143.7060928,143.7063217,88.06115389,0,forward,3.134162321,6.436843568,0,0,0,0,0,0,0
1,251.9185257,184.1332054,131.0998154,131.0998821,90.69799781,0,forward,15.75075922,5.271012412,0,0,0,0,0,0,0
1,251.8458939,190.2586269,130.3980255,130.3978729,93.46060753,0,forward,19.69462705,4.258944434,1,108,409,283,480,0.630232334,1
1,243.2950783,209.9160576,151.5139198,151.5140247,91.29866362,0,forward,5.020941807,3.943934833,1,121,437,282,479,0.728826761,1
1,240.223465,282.5781727,143.699646,143.6981392,87.90948391,0,down,-15,10,1,124,425,287,479,0.756880879,1
1,221.1009789,241.1358261,151.6189384,151.6189098,92.97034144,0,forward,-5.845216997,9.097652148,1,102,401,285,480,0.787899911,1
1,229.4111633,218.6014366,143.6056519,143.6055851,95.45573592,0,forward,4.789956003,6.298371227,1,72,406,270,478,0.736290514,1
1,241.3287926,221.3682747,145.334301,145.3341866,93.16016436,0,forward,6.168246379,1.320892081,1,78,406,282,479,0.770017326,1
1,241.1098289,226.3336372,154.2037392,154.2036724,95.42002082,0,forward,3.504427378,1.636483722,1,60,408,274,478,0.715022624,1
1,239.6199989,230.5433464,153.3107948,153.3107185,94.71780062,0,forward,0.13200896,4.190075029,1,58,404,278,478,0.709344208,1
1,239.121685,234.6677971,151.7487144,151.7488575,93.22885275,0,forward,-2.409117021,5.150613,1,24,409,249,478,0.688822746,1
1,238.4731865,236.2600422,152.7389717,152.7391434,93.60295534,0,forward,-1.144260614,5.038127777,1,29,396,263,479,0.769354224,1
1,238.5428238,236.2084293,154.5782852,154.5785522,94.790411,0,forward,-0.872133774,5.465291085,1,13,398,259,478,0.636114538,1
1,235.8828163,238.7449551,150.4516792,150.45187,93.11897755,0,forward,-2.702727998,5.009318217,0,0,0,0,0,0,0
1,233.3262634,239.1399765,153.8168716,153.8168621,93.32973361,0,forward,-2.152522032,5.242348109,0,0,0,0,0,0,0
1,225.3774834,238.6122036,156.9191551,156.9191837,95.6671536,0,forward,-2.427078814,5.840318176,1,0,391,137,480,0.620487988,1
1,228.6614037,242.0371342,155.2855873,155.2855682,94.19493079,0,forward,-5.020938345,5.299001284,0,0,0,0,0,0,0
1,228.508091,241.2749863,152.099514,152.0994186,94.84496117,0,forward,-1.067054517,6.588969932,0,0,0,0,0,0,0
1,232.7755737,239.5724201,157.0046616,157.0046997,92.3622787,0,forward,-5.6129076,4.784194861,0,0,0,0,0,0,0
1,229.9469948,237.4375248,153.8042641,153.804245,93.23149323,0,forward,-2.602820357,7.212880942,0,0,0,0,0,0,0
1,220.3928375,247.7905369,148.0279922,148.0279827,87.30431199,1,forward,-5.422285198,5.264022544,0,0,0,0,0,0,0
1,215.8482933,244.9919987,138.6847115,138.6847687,83.27778578,1,forward,-8.557099076,5.362563198,0,0,0,0,0,0,0
1,222.4807739,235.2248669,155.3577042,155.3574944,80.01949787,1,forward,-9.952084153,2.821060671,0,0,0,0,0,0,0
1,207.9470444,235.6057835,146.1390686,146.1389065,85.47669649,2,forward,-7.689325133,5.7585079,0,0,0,0,0,0,0
1,186.281395,238.8950443,153.2915497,153.291378,80.39383888,0,forward,-3.564225001,10.5487032,1,287,244,559,405,0.846767843,1
1,189.2379951,227.5910282,143.0793953,143.0792141,89.55751657,1,forward,1.028394898,11.59710824,0,0,0,0,0,0,0
1,184.2390251,220.6394863,136.834507,136.8344879,89.35787082,1,forward,-1.148787422,10.85792754,0,0,0,0,0,0,0
2,193.0101585,223.669281,138.376255,138.3760357,85.48028469,1,forward,-0.299094894,9.52218441,0,0,0,0,0,0,1
1,196.5723228,225.7207203,126.1398125,126.1397552,79.55477834,1,forward,-6.79082475,8.577023848,0,0,0,0,0,0,0
1,206.3183784,218.0713177,139.7363853,139.7360802,56.51767254,1,forward,-7.805802059,3.625423104,0,0,0,0,0,0,0
1,214.6168709,201.4710331,163.6859703,163.6782646,72.79999256,1,down,-15,10,0,0,0,0,0,0,1
0,0,0,0,0,0,0,down,-15,10,0,0,0,0,0,0,1
0,0,0,0,0,0,0,down,-15,10,0,0,0,0,0,0,1
1,314.4239235,315.0825119,158.1360435,158.1344318,53.351897,0,down,-15,10,0,0,0,0,0,0,1
1,279.9679947,150.9803009,184.9864578,184.9768353,94.83900666,0,forward,18.74807652,-3.227408768,0,0,0,0,0,0,0
1,277.4849129,153.4939098,185.2556038,185.2458286,93.51038337,0,forward,19.23008374,-2.404481027,0,0,0,0,0,0,0
1,281.5880775,151.6913795,180.237484,180.2265358,92.03472137,0,forward,18.23571348,0.153533192,0,0,0,0,0,0,0
1,287.7531624,153.3933163,181.7610359,181.7502308,93.61628294,0,forward,20.02678247,-1.916228811,0,0,0,0,0,0,0
1,286.2561226,148.216238,185.847683,185.8371162,93.34555864,0,forward,20.11158921,-1.220359727,0,0,0,0,0,0,0
1,258.4182549,150.40658,178.5972404,178.5868263,91.78336859,0,forward,17.56757738,14.56594828,0,0,0,0,0,0,0
1,238.2740593,164.6745014,166.9485283,166.9446373,89.75295424,0,forward,16.52971689,13.52205687,0,0,0,0,0,0,0
1,228.0560493,169.2947102,162.9732704,162.969389,92.92945266,0,left,15.60612793,15.51745062,0,0,0,0,0,0,1
1,250.4690933,160.3290081,178.1980515,178.1922913,95.41596174,0,forward,13.56657921,2.208225615,0,0,0,0,0,0,0
1,259.7465897,158.3630276,174.7250366,174.7195816,91.7285502,0,forward,19.95533284,-9.646437244,0,0,0,0,0,0,0
1,283.1864738,159.1985035,169.4567299,169.4490337,79.43354249,0,right,19.02414947,-17.705631,0,0,0,0,0,0,1
1,291.735363,162.2267818,161.0520363,161.0516453,81.09763265,0,right,22.44866825,-17.91111998,0,0,0,0,0,0,1
1,272.5646973,155.2670002,167.9808044,167.980442,90.48457742,0,right,23.0681749,-11.27255941,0,0,0,0,0,0,1
1,270.0267601,148.1737518,177.4508858,177.4413013,90.93042612,0,forward,18.21056492,-0.560197801,0,0,0,0,0,0,0
1,273.3200645,150.8620548,176.5175438,176.5082073,92.23181605,0,forward,18.62543805,0.516288201,0,0,0,0,0,0,0
1,265.2387238,166.1625767,182.6322556,182.6266479,93.93101335,0,forward,14.39249987,0.395996585,0,0,0,0,0,0,0
1,264.5378113,174.8189163,183.8054276,183.800354,93.46356392,0,forward,6.786345953,0.458670873,0,0,0,0,0,0,0
1,261.5128708,172.2264004,184.1423798,184.1360664,91.03857875,0,forward,8.698161666,0.321301393,0,0,0,0,0,0,0
1,265.1153564,163.8157368,176.7492676,176.7439556,94.48865056,0,forward,14.15673802,0.869072378,0,0,0,0,0,0,0
1,270.2179527,156.7912102,169.9879265,169.9833012,91.48328304,0,forward,18.0656674,2.079795424,0,0,0,0,0,0,0
1,263.1786156,154.7151947,173.7425804,173.7329578,92.11662412,0,forward,17.84822109,2.40268812,0,0,0,0,0,0,0
1,264.7977448,169.6617794,162.5546265,162.5543404,90.08429646,0,forward,18.17266613,2.115423406,0,0,0,0,0,0,0
1,268.3071518,179.5607471,153.9089584,153.908844,93.28148365,0,forward,18.54499372,1.991440985,0,0,0,0,0,0,0
1,264.5432281,181.3071728,150.9823227,150.9821033,93.52559447,0,forward,17.71995235,1.673795446,0,0,0,0,0,0,0
1,264.9210167,182.6725388,148.6577797,148.6575794,92.48154759,0,forward,17.0776713,1.247027464,0,0,0,0,0,0,0
1,186.8596649,172.6119232,167.9827881,167.9826736,94.90231276,0,forward,10.3868738,9.820715037,0,0,0,0,0,0,0
1,196.7494202,164.764452,168.2784271,168.2747555,93.27702522,0,forward,9.206726285,1.552586107,0,0,0,0,0,0,0
1,274.7260666,214.6021557,128.0546188,128.0547523,93.12475324,0,forward,-1.108727534,3.571066441,0,0,0,0,0,0,0
1,298.2664871,250.3239155,118.5641861,118.5643387,94.93139386,0,forward,1.223818426,6.724373687,0,0,0,0,0,0,0
1,306.3908958,271.8816376,104.7509575,104.7510624,93.68007183,0,forward,1.985497786,8.192321898,0,0,0,0,0,0,0
1,310.4483986,274.8550129,101.7364311,101.7365456,94.9157238,0,forward,2.064878181,4.304757407,0,0,0,0,0,0,0
1,315.5621529,275.301218,100.1330376,100.1333141,94.36814189,0,forward,8.159626419,5.470845922,0,0,0,0,0,0,0
1,313.1774712,275.5274963,98.03033829,98.03063393,94.47886944,0,forward,9.086046601,6.265628003,0,0,0,0,0,0,0
1,303.272171,274.5459366,105.6746292,105.674715,93.26379895,0,forward,7.55631883,12.55232382,0,0,0,0,0,0,0
1,303.2082939,277.0323944,98.02877426,98.02874565,92.94124246,0,left,9.519296937,15.50957441,0,0,0,0,0,0,1
1,300.6910324,281.5757275,95.13511658,95.13525009,92.98363328,0,left,9.683287197,17.30944455,0,0,0,0,0,0,1
1,297.7508736,276.4467144,98.76852036,98.7686348,92.87126064,0,left,9.828625341,17.51631422,0,0,0,0,0,0,1
1,299.3128204,273.6522675,99.83886719,99.83894348,94.15080547,0,left,12.42107317,17.01659147,0,0,0,0,0,0,1
1,300.5358124,274.194746,94.58152771,94.58164215,93.21182966,0,left,13.99328993,17.4708859,0,0,0,0,0,0,1
1,302.7638435,278.0234241,100.0860023,100.08605,93.1065917,0,left,10.70255019,15.73644604,0,0,0,0,0,0,1
1,302.2080803,276.1618423,105.3481102,105.3481293,92.39141941,0,forward,8.96064362,10.37042054,0,0,0,0,0,0,0
1,306.1905479,273.3902836,106.798687,106.7986965,92.73940921,0,forward,10.96235488,-1.926802815,0,0,0,0,0,0,0
1,315.6045341,276.7321873,104.8397255,104.8398113,89.04697299,0,right,14.63153264,-16.8532053,0,0,0,0,0,0,1
1,314.2405891,275.011797,105.4247093,105.4249191,93.08276176,0,right,15.47312266,-11.08921591,0,0,0,0,0,0,1
1,308.6523819,274.0931225,104.6481323,104.6482944,92.49626994,0,forward,11.2020053,-0.138769901,0,0,0,0,0,0,0
1,302.4013519,276.7652893,102.4403,102.4402714,95.1826334,0,forward,7.026386278,5.955581698,0,0,0,0,0,0,0
1,293.5766029,269.7706318,115.5918312,115.5918503,94.53061223,1,forward,5.419635866,8.035754498,0,0,0,0,0,0,0
1,292.4018288,272.3739338,105.8155251,105.8155346,93.86934638,1,forward,6.40294935,8.959304119,0,0,0,0,0,0,0
1,293.7440681,273.929987,104.0043068,104.004364,94.35797334,1,forward,8.570177692,8.949812877,0,0,0,0,0,0,0
1,291.0152626,271.666832,106.5843391,106.5843487,94.95995045,1,forward,7.639525174,9.362909094,0,0,0,0,0,0,0
1,295.2201843,270.1316071,115.2127457,115.2127361,95.1649189,1,forward,6.662133494,9.552840989,0,0,0,0,0,0,0
1,292.7230453,270.4362488,116.8681335,116.8682384,96.12986445,1,forward,8.003849499,9.092229224,0,0,0,0,0,0,0
1,295.8779335,274.2242146,111.4870262,111.4871407,95.69362998,2,forward,6.221877891,7.854793196,0,0,0,0,0,0,0
1,308.554039,278.3845425,104.1215897,104.121666,92.26229787,0,forward,6.628156494,6.617543718,0,0,0,0,0,0,0
1,317.8210449,289.118185,99.16481018,99.16474342,94.9539423,1,forward,7.619498701,4.106122038,0,0,0,0,0,0,0
1,316.5979195,287.162447,102.0047188,102.0047951,93.75419617,1,forward,8.019224487,3.275226303,0,0,0,0,0,0,0
1,316.4254761,285.7429504,100.776329,100.776329,94.83428001,1,forward,7.222004107,2.51687092,0,0,0,0,0,0,0
1,306.4094162,286.0530853,104.2241669,104.224205,92.32618809,2,forward,6.35655083,5.888320973,0,0,0,0,0,0,0
1,301.1047363,287.7266693,116.0196686,116.019659,88.49591017,2,forward,2.867822156,7.736918497,0,0,0,0,0,0,0
1,298.8194847,280.6700134,114.1971779,114.1971588,89.55858946,2,forward,5.656663151,7.476726437,0,0,0,0,0,0,0
1,301.1384392,278.1267071,115.8562279,115.8563805,89.73816633,2,forward,4.836603127,7.14420334,0,0,0,0,0,0,0
1,302.062645,277.4382877,113.3179474,113.317852,91.26841426,2,forward,4.68735071,7.131246338,0,0,0,0,0,0,0
1,304.0380478,285.4181671,112.9730988,112.9730701,92.09940434,2,forward,3.523145821,7.435082305,0,0,0,0,0,0,0
1,301.3758659,290.3281689,122.3775673,122.3778534,93.41776371,0,forward,-0.672896307,8.938852389,0,0,0,0,0,0,0
1,300.1215363,267.5822926,126.3830185,126.3830853,93.95797849,0,forward,1.014237453,6.43915981,0,0,0,0,0,0,0
1,295.4427719,245.314064,131.0492325,131.0495853,94.98024583,0,forward,8.219437143,7.582934666,0,0,0,0,0,0,0
1,280.9714317,220.8946323,140.1594353,140.1595116,95.32685876,0,forward,12.32341884,13.46069015,0,0,0,0,0,0,0
1,266.0432816,212.3931026,149.0543365,149.0543175,93.87134314,0,down,-15,10,0,0,0,0,0,0,1
1,270.4548645,169.1042519,157.18647,157.1864033,90.69415331,0,forward,12.2592795,2.072205258,0,0,0,0,0,0,0
1,283.0890656,44.75965261,163.6471939,163.6435604,90.3993547,0,down,-15,10,0,0,0,0,0,0,1
0,0,0,0,0,0,1,down,-15,10,1,96,385,320,480,0.755714059,1
0,0,0,0,0,0,1,down,-15,10,0,0,0,0,0,0,1
0,0,0,0,0,0,2,down,-15,10,0,0,0,0,0,0,1
0,0,0,0,0,0,1,down,-15,10,0,0,0,0,0,0,1
0,0,0,0,0,0,1,down,-15,10,0,0,0,0,0,0,1
0,0,0,0,0,0,2,down,-15,10,0,0,0,0,0,0,1
0,0,0,0,0,0,1,down,-15,10,0,0,0,0,0,0,1
0,0,0,0,0,0,1,down,-15,10,0,0,0,0,0,0,1
0,0,0,0,0,0,1,down,-15,10,0,0,0,0,0,0,1
0,0,0,0,0,0,1,down,-15,10,0,0,0,0,0,0,1
1,249.0891075,125.4383183,161.3413811,161.341238,88.56084347,0,down,-15,10,0,0,0,0,0,0,1
1,243.5548973,228.2920647,155.3444099,155.344305,92.657727,0,forward,11.10115983,5.321860145,0,0,0,0,0,0,0
1,263.086853,177.0765781,149.8098373,149.8097134,94.25832033,0,left,7.131649122,15.01124868,0,0,0,0,0,0,1
1,276.3401985,178.9921761,145.4480171,145.4479694,94.42474842,0,forward,7.864045581,14.7178894,0,0,0,0,0,0,0
1,263.2782173,182.5378132,138.4175301,138.4174919,92.703408,0,forward,11.65731199,11.88667813,0,0,0,0,0,0,0
1,247.5670242,178.5923767,132.4842834,132.4845028,86.72090173,0,forward,10.77747201,11.44517649,0,0,0,0,0,0,0
1,250.3120422,177.7248287,142.9116058,142.9118443,94.79483366,0,left,11.04016374,15.28999934,0,0,0,0,0,0,1
1,261.3446999,180.3209496,147.6370049,147.6368523,94.91884708,0,down,-15,10,0,0,0,0,0,0,1
1,273.9500999,178.5843945,151.0568428,151.0567188,88.29787374,0,right,19.38590726,-20.0601399,0,0,0,0,0,0,1
1,292.8435898,194.5485592,133.8991165,133.8991356,73.50850701,0,right,22.16892223,-23.45057209,0,0,0,0,0,0,1
1,273.4153366,182.39851,149.6179581,149.6178532,92.43559837,0,forward,17.96954186,-5.397223462,0,0,0,0,0,0,0
1,274.1822624,168.7950039,139.7359276,139.7359657,83.47453475,0,forward,21.61492862,2.373154288,0,0,0,0,0,0,0
1,274.2468262,163.5591602,140.8335114,140.833683,82.94502497,0,forward,24.05439801,3.973127001,0,0,0,0,0,0,0
1,269.2936897,182.7927303,155.7190895,155.7189274,93.50320101,0,forward,9.32317996,1.713637276,0,0,0,0,0,0,0
1,271.6964722,182.7397156,161.5129089,161.5127563,92.83928871,0,forward,12.50729391,0.447749518,0,0,0,0,0,0,0
1,261.2059212,175.6529903,159.4433403,159.4432926,94.08224225,0,forward,11.99994677,6.598526162,0,0,0,0,0,0,0
1,278.1502533,173.1093693,152.6304245,152.6304245,91.23330116,0,forward,16.32736986,1.114618388,0,0,0,0,0,0,0
1,284.7530365,176.205368,144.927597,144.9276352,88.30915093,0,forward,17.00166733,-1.404339678,0,0,0,0,0,0,0
1,299.1007805,185.8245564,137.6929665,137.6930237,94.32791471,0,forward,15.90650154,-3.123414018,0,0,0,0,0,0,0
1,306.9713593,182.3797417,143.9956284,143.9954567,93.42827201,1,forward,17.31108766,-3.370722213,0,0,0,0,0,0,0
1,299.1990852,184.7155094,142.681179,142.6812744,93.76865625,1,forward,15.35559084,-3.162305661,0,0,0,0,0,0,0
1,291.0083771,182.3371983,148.9260864,148.9260292,92.25330949,1,forward,14.92414745,-2.512839029,0,0,0,0,0,0,0
1,285.8450127,181.176424,148.1635475,148.1634521,91.49523377,1,forward,15.9560819,-3.580468526,0,0,0,0,0,0,0
1,283.0628586,181.4306545,152.2374725,152.2374058,91.37747288,1,forward,16.01512937,-2.400403731,0,0,0,0,0,0,0
1,285.4310036,180.8839703,149.6354103,149.6354485,91.76992178,1,forward,16.52290529,-1.776480888,1,74,166,211,434,0.625144005,1
1,291.1971855,177.8233624,148.4663963,148.4664631,92.79668927,1,forward,16.57479017,-2.677789618,0,0,0,0,0,0,0
1,305.9026718,180.3089333,152.5046158,152.5044537,92.19689369,1,forward,18.26515105,-3.413223718,0,0,0,0,0,0,0
1,324.0820694,183.9850903,142.0873642,142.0872974,92.16095209,1,forward,19.1046144,-4.202140071,0,0,0,0,0,0,0
1,322.0321274,181.3829899,144.744873,144.7448158,93.0206418,1,forward,18.23299652,-3.375849137,0,0,0,0,0,0,0
1,326.2257385,188.7518406,141.161232,141.1612988,92.17440486,1,forward,19.36319681,-2.529622667,0,0,0,0,0,0,0
1,331.8334961,189.1904354,137.4669266,137.4669456,94.1264987,1,forward,18.35745665,-1.687071194,0,0,0,0,0,0,0
1,327.4589157,180.8287525,140.5591965,140.5591393,90.44000506,1,forward,16.86766611,-3.044386164,0,0,0,0,0,0,0
1,325.02491,181.7897129,133.5799408,133.5799313,90.26051164,1,forward,16.50293947,0.779976776,0,0,0,0,0,0,0
1,288.0914116,180.5065727,139.0538216,139.0537834,91.79845452,0,forward,14.86444247,5.992890819,0,0,0,0,0,0,0
1,271.6133308,176.6339207,143.5848045,143.5847282,93.17076206,0,forward,15.0586374,1.322490928,0,0,0,0,0,0,0
1,266.8492889,177.8033638,148.3172989,148.3171749,94.50517297,0,forward,13.47040116,0.017693816,1,546,241,610,340,0.683037698,1
1,264.6664238,179.0391254,142.8951836,142.8949928,94.69031096,0,forward,14.16032576,0.861744861,0,0,0,0,0,0,0
1,262.0552063,177.101984,144.1297913,144.1295815,90.58426023,0,forward,14.15673663,0.005975732,0,0,0,0,0,0,0
1,274.8964882,175.8540344,135.6391716,135.6391525,85.00864506,0,forward,11.12688639,-1.072272098,0,0,0,0,0,0,0
1,288.8098717,193.5643959,123.492527,123.4927082,74.72536564,1,down,-15,10,0,0,0,0,0,0,1
1,278.1106186,191.6929436,143.3427429,143.342886,54.90892529,1,down,-15,10,0,0,0,0,0,0,1
1,276.104641,195.0676346,145.8030891,145.8030224,66.35190845,1,down,-15,10,0,0,0,0,0,0,1
0,0,0,0,0,0,1,down,-15,10,0,0,0,0,0,0,1
1,277.0552635,181.039896,142.973423,142.9733562,67.76564717,1,down,-15,10,0,0,0,0,0,0,1
1,274.4462013,191.7650127,139.8846245,139.8846245,66.4200902,1,down,-15,10,0,0,0,0,0,0,1
1,288.0662918,189.9895763,132.185936,132.1858978,65.39366841,1,down,-15,10,0,0,0,0,0,0,1
1,278.1482124,195.0321579,138.8160133,138.8160038,69.86179948,1,down,-15,10,0,0,0,0,0,0,1
1,291.0354996,181.2081242,135.5479431,135.5478287,57.80832767,1,down,-15,10,0,0,0,0,0,0,1
1,291.0671425,181.4814949,131.1334038,131.1334419,91.78115129,1,forward,13.12829784,4.728088877,1,225,208,313,350,0.689327538,1
1,285.9471893,182.7347088,133.3803558,133.3804035,93.12938452,1,forward,16.1341249,2.670553416,0,0,0,0,0,0,0
1,285.6222916,178.870182,138.7319565,138.7319756,89.7957921,1,forward,17.80676232,0.499269917,0,0,0,0,0,0,0
1,287.4913216,176.1595631,146.2129021,146.2129211,91.11503959,1,forward,17.77829327,-0.85113122,0,0,0,0,0,0,0
1,286.9014549,177.875433,141.4403343,141.4403915,89.15664554,2,forward,18.32334282,-0.093528948,0,0,0,0,0,0,0
1,291.5134621,179.1070175,140.8419228,140.8420658,91.35317206,2,forward,18.51937226,-0.092526144,0,0,0,0,0,0,0
1,294.4724464,183.4514236,137.761097,137.7611446,91.66970849,1,forward,17.14355264,-1.021595615,1,189,374,297,480,0.703996599,1
1,303.6856461,187.4635506,135.1952362,135.1954079,94.46978569,1,forward,18.03533793,-0.193293563,0,0,0,0,0,0,0
1,295.3451157,183.6662579,139.9554825,139.9555779,92.54217744,1,forward,18.35904953,-1.500492686,0,0,0,0,0,0,0
1,292.2206306,182.9475117,140.3435326,140.3435326,92.47643948,1,forward,14.68426414,0.507619868,0,0,0,0,0,0,0
1,276.1737823,179.9349689,144.6178055,144.6177864,94.12961006,0,forward,11.91231195,-1.594605438,1,394,211,514,326,0.829228401,1
1,273.7429237,179.7221375,143.2575035,143.2574558,94.25259233,1,forward,14.8171573,1.198315911,0,0,0,0,0,0,0
1,267.1283531,181.2883186,145.9568977,145.9567738,94.27694678,2,forward,13.00309792,1.26853922,0,0,0,0,0,0,0
1,269.0390396,184.5050526,141.0474014,141.0471725,95.05874515,1,forward,14.32916506,1.866598927,0,0,0,0,0,0,0
1,266.0406113,182.1171856,139.0153503,139.0152168,94.21877861,2,forward,14.13865749,2.134157882,0,0,0,0,0,0,0
1,262.8508568,184.7971058,140.2636528,140.26371,93.48576665,1,forward,15.11190803,3.804986644,0,0,0,0,0,0,0
1,269.1520119,179.8684788,137.394352,137.3942184,91.92478061,1,forward,15.60991991,-0.542624806,0,0,0,0,0,0,0
0,0,0,0,0,0,1,down,-15,10,1,240,334,365,468,0.666244626,1
1,287.1966553,181.6831112,136.8348694,136.8348026,92.99403429,2,forward,18.02145144,-3.038539124,0,0,0,0,0,0,0
1,277.4251938,176.2316322,148.919487,148.9191914,78.13072205,0,forward,14.77897681,-0.465588396,1,352,220,451,325,0.707001746,1
1,267.4654388,179.6101856,142.8384018,142.8382015,92.14352965,1,forward,13.75555638,1.553296205,0,0,0,0,0,0,0
1,268.471241,180.8905506,140.4323006,140.4321957,93.83791089,1,forward,14.80628029,2.39513834,0,0,0,0,0,0,0
1,270.0428391,181.1918736,141.8768692,141.8767834,94.25218105,1,forward,14.97279859,1.645956377,0,0,0,0,0,0,0
1,284.6060562,181.9244385,142.1473312,142.1471786,93.87649298,0,forward,16.65952185,0.89634991,0,0,0,0,0,0,0
1,287.7881241,180.84692,142.5564575,142.5563335,90.09729028,1,forward,17.1300923,-1.986293135,0,0,0,0,0,0,0
1,284.9601746,181.9470692,139.6790314,139.6789169,92.40939617,0,forward,16.60408546,-0.848755604,1,208,292,361,477,0.775905609,1
1,270.0068092,181.8130302,144.3713188,144.3711948,93.52755547,0,forward,13.78899484,1.560525761,0,0,0,0,0,0,0
1,265.0473404,182.9182148,145.2515411,145.2513313,94.03527975,0,forward,12.20649006,0.140804085,0,0,0,0,0,0,0
1,264.8357582,180.9797859,143.3024406,143.3022022,94.71997023,0,forward,13.30020234,2.150698252,0,0,0,0,0,0,0
1,266.1460686,181.4685631,136.4747047,136.474514,94.19202805,1,forward,14.15098409,2.626894549,0,0,0,0,0,0,0
1,259.8371696,182.0144463,135.3338432,135.3338814,92.92262793,3,forward,14.59320197,1.616194523,0,0,0,0,0,0,0
1,259.0943527,182.7507305,136.5179062,136.5180016,94.60942149,2,forward,15.13275193,0.731780342,0,0,0,0,0,0,0
1,260.2181625,186.1066818,140.1374435,140.1375103,92.23287106,2,forward,15.92407283,1.158787818,0,0,0,0,0,0,0
1,266.8331528,181.1427212,136.8078995,136.807909,91.91862941,1,forward,14.81656738,0.902021099,0,0,0,0,0,0,0
1,273.1046677,186.3335323,134.0450287,134.0449333,91.30271077,2,forward,13.9878993,4.457247054,0,0,0,0,0,0,0
1,277.9385948,192.548418,128.6449623,128.6449242,93.42225194,1,forward,16.11606334,1.511428884,0,0,0,0,0,0,0
1,270.4937935,185.8630657,138.1775093,138.177309,94.57165599,2,forward,14.31863633,-0.261426619,0,0,0,0,0,0,0
1,270.9196663,184.8126125,129.1765785,129.1766453,93.30893755,2,forward,13.7406521,0.834886432,0,0,0,0,0,0,0
1,266.6012764,181.4602375,140.9840965,140.9840012,93.6344564,2,forward,14.62843452,0.125390596,0,0,0,0,0,0,0
1,265.0732613,183.8772583,138.0516243,138.0518246,94.81086135,2,forward,15.3083332,0.933591199,0,0,0,0,0,0,0
1,266.2966919,182.8561592,137.5336838,137.5336361,94.54580545,2,forward,12.84068047,1.171298732,0,0,0,0,0,0,0
1,267.0988464,182.848978,138.3353424,138.3353233,94.91150379,2,forward,13.44215399,1.690835135,0,0,0,0,0,0,0
1,262.5776672,186.5980911,137.577858,137.5779247,94.49427128,2,forward,13.39692781,1.890327069,0,0,0,0,0,0,0
1,266.8506813,188.0503178,133.7804604,133.7805748,95.1731801,2,forward,14.11728986,3.113410097,0,0,0,0,0,0,0
1,277.2307968,184.5009899,137.6685333,137.6684761,94.55813766,2,forward,13.74329161,2.210322645,0,0,0,0,0,0,0
1,283.0649185,189.1867733,134.4078064,134.4078541,94.04019117,2,forward,14.41635601,1.903251024,0,0,0,0,0,0,0
1,279.315033,184.0901756,134.5746613,134.5746517,93.79397631,2,forward,15.31375938,1.347491198,0,0,0,0,0,0,0
1,266.7232132,186.4235687,134.6885681,134.6887493,95.46207786,2,forward,14.99110649,2.145586828,0,0,0,0,0,0,0
1,263.8283348,186.8286896,136.9037437,136.9038677,94.10399795,2,forward,14.21103061,2.496494144,0,0,0,0,0,0,0
1,267.5711632,182.2047901,134.3129539,134.3130684,92.37171412,0,forward,13.78685523,7.413141725,0,0,0,0,0,0,0
1,230.9492874,194.2937279,127.0886612,127.0887852,90.9512639,0,forward,10.63188085,12.42791877,0,0,0,0,0,0,0
1,205.256958,188.5091686,137.1030426,137.1030235,89.53178525,0,forward,3.282422572,7.098680207,0,0,0,0,0,0,0
1,204.5796776,195.5678844,125.9281731,125.9282112,88.75055313,0,forward,15.3274158,13.39359912,0,0,0,0,0,0,0
1,202.6622391,190.9379768,129.185257,129.1854,91.92318916,0,forward,16.63894882,14.13929511,0,0,0,0,0,0,0
1,207.028656,193.4660625,131.5600204,131.5601063,90.48307538,0,left,13.60159146,18.22304315,0,0,0,0,0,0,1
1,226.7446709,184.8865414,140.3993797,140.3993225,96.00986838,0,forward,12.37480598,7.796595161,0,0,0,0,0,0,0
1,234.4740295,185.6034565,147.3626709,147.3625946,91.99681282,0,forward,12.94705267,-2.520820007,0,0,0,0,0,0,0
1,252.3182106,194.1555119,129.495182,129.4949913,82.09457994,0,right,14.36970334,-16.25426213,0,0,0,0,0,0,1
1,268.2650566,195.5363846,119.7242928,119.7242832,90.79645276,0,right,16.78289331,-17.21783399,0,0,0,0,0,0,1
1,266.0760498,191.9007397,126.2160873,126.2160301,86.08293533,0,right,18.26938538,-18.92707864,0,0,0,0,0,0,1
1,276.7190742,188.8211346,126.977253,126.9771767,75.81211329,0,right,21.07760119,-20.06717736,0,0,0,0,0,0,1
1,284.1732407,162.9711914,117.7150345,117.7146435,76.46088004,0,forward,20.132111,-5.337115878,0,0,0,0,0,0,0
0,0,0,0,0,0,0,down,-15,10,0,0,0,0,0,0,1
1,248.6141777,236.4406872,139.9714851,139.9708557,55.2519083,0,down,-15,10,0,0,0,0,0,0,1
1,282.3897934,172.7106571,119.5568085,119.5568848,78.64842415,0,down,-15,10,0,0,0,0,0,0,1
1,264.5696449,178.5442829,137.0139122,137.0138741,92.13079214,0,forward,16.8951511,-0.355846965,0,0,0,0,0,0,0
1,264.7783661,198.6472893,138.5508728,138.5510159,95.54092884,0,forward,7.594781008,1.338485203,0,0,0,0,0,0,0
1,261.897049,203.5003281,143.183403,143.1834126,92.42827296,0,forward,6.096862623,2.771270296,0,0,0,0,0,0,0
1,262.2236443,205.7385635,140.6049538,140.6049728,93.49197745,0,forward,4.585086829,2.393457951,0,0,0,0,0,0,0
1,259.1388893,197.8820515,141.2186623,141.2188625,95.74780464,0,forward,8.604351127,1.836828707,0,0,0,0,0,0,0
1,275.3827477,200.533762,138.0920219,138.0919647,86.04066968,0,right,14.99203708,-14.1552002,0,0,0,0,0,0,1
1,280.27668,203.9018154,129.2455292,129.2456245,90.42121768,0,right,16.58287167,-17.68763205,0,0,0,0,0,0,1
1,270.8572769,190.4288578,135.5693054,135.5689144,92.52243638,0,right,14.32350101,-13.42314548,0,0,0,0,0,0,1
1,271.2264824,177.299366,133.2305717,133.2305717,91.02900624,0,forward,20.70217416,-4.962260783,0,0,0,0,0,0,0
1,270.8911324,176.1159325,134.3010902,134.3011665,90.91445804,0,forward,21.20689672,-0.545572442,0,0,0,0,0,0,0
1,269.5871162,183.6207676,133.8540459,133.8541031,94.59478855,0,forward,14.76786286,4.473907563,0,0,0,0,0,0,0
1,257.3791695,184.0674591,134.0780449,134.078207,93.65628362,0,forward,14.76620258,13.84745388,0,0,0,0,0,0,0
1,246.8574524,187.8512764,128.6126709,128.6127377,90.30448794,0,left,15.2278506,15.85515248,0,0,0,0,0,0,1
1,253.5198975,172.9620266,129.0309525,129.0312767,85.7298553,0,left,18.23871562,16.91693316,0,0,0,0,0,0,1
1,259.0220833,184.8345852,127.7384377,127.7386665,94.65581179,0,forward,17.20509388,11.44169818,0,0,0,0,0,0,0
1,254.008255,192.9733944,136.033287,136.033287,95.07330656,0,forward,12.90236633,8.145123528,0,0,0,0,0,0,0
1,258.1610489,208.8321877,139.0804291,139.0804482,89.88105655,0,forward,1.931779111,5.551983372,0,0,0,0,0,0,0
1,253.6863899,206.5081501,143.5315895,143.5319138,90.93056321,0,forward,1.269512888,6.307288201,0,0,0,0,0,0,0
1,250.8024025,193.0146503,145.7296944,145.7297802,94.43919659,0,forward,8.73201214,5.183419481,0,0,0,0,0,0,0
1,257.3744202,183.8778591,136.8160248,136.8162346,94.44806576,0,forward,14.8459554,5.427995538,0,0,0,0,0,0,0
1,258.6791992,182.7664661,134.758606,134.7587585,94.30331588,0,forward,15.66385308,2.169039042,0,0,0,0,0,0,0
1,269.2252731,186.4346981,127.408371,127.4085045,90.76122642,0,right,19.74896759,-10.55644268,0,0,0,0,0,0,1
1,286.9446564,184.3417168,125.3749466,125.3748035,87.30434179,0,right,21.36072454,-17.46417228,0,0,0,0,0,0,1
1,285.626812,185.4179478,123.3761787,123.3761501,91.41265154,0,right,21.73021784,-14.73298507,0,0,0,0,0,0,1
1,269.4818497,180.9792995,127.5854111,127.5854301,91.72766805,0,forward,20.23151528,-4.058179714,0,0,0,0,0,0,0
1,263.5913849,177.6658344,137.5436783,137.5435638,91.89959764,0,forward,19.36576992,-1.18131628,0,0,0,0,0,0,0
1,263.2885361,180.7410049,136.3433838,136.3436222,93.28880906,0,forward,15.63410821,0.524897614,0,0,0,0,0,0,0
1,262.2914886,181.3308334,138.842392,138.842783,92.17440486,0,forward,15.3730016,8.333173619,0,0,0,0,0,0,0
1,259.072094,184.8307228,131.3928795,131.3931084,93.7482655,0,forward,14.15031572,12.31204744,0,0,0,0,0,0,0
1,255.1833725,185.9731579,129.9885559,129.9886894,92.99947023,0,forward,14.88673674,13.42072413,0,0,0,0,0,0,0
1,260.0349426,185.5264378,137.780304,137.7804565,95.33472061,0,forward,14.4348807,4.053110527,0,0,0,0,0,0,0
1,263.2080269,182.6361179,135.852375,135.8526421,93.09598207,0,forward,15.79139359,2.474599582,0,0,0,0,0,0,0
1,269.7798538,178.6866474,134.0245438,134.0246487,92.81827211,0,forward,21.40289531,3.86725304,0,0,0,0,0,0,0
1,263.9508438,173.0360985,136.5748596,136.5748501,84.17720795,0,forward,22.55785516,4.030172926,0,0,0,0,0,0,0
1,269.6024704,184.8809338,143.3930588,143.3928108,94.66796517,0,forward,16.0244827,2.253477787,0,0,0,0,0,0,0
1,277.8282928,184.5122051,139.9557495,139.9556351,95.39664984,0,forward,15.11025284,1.040766075,0,0,0,0,0,0,0
1,279.1108894,183.010025,138.1155205,138.1155109,94.70667839,0,forward,15.83995577,0.673910507,0,0,0,0,0,0,0
1,286.5768623,181.9648933,134.8654366,134.8654461,91.69713259,0,forward,17.76104609,-2.64762514,0,0,0,0,0,0,0
1,291.5261841,184.6950817,141.9504929,141.9505405,91.69706702,1,forward,17.22755471,-4.808598844,0,0,0,0,0,0,0
1,288.8739967,188.8599873,139.0744591,139.07444,91.02715254,1,forward,15.44291015,-1.099351196,1,118,307,221,472,0.780882776,1
1,283.9464569,188.3147907,144.5756912,144.5757294,91.74868464,1,forward,14.22872427,-0.112032916,0,0,0,0,0,0,0
1,283.3193016,188.4961224,144.2877769,144.2877674,92.18443036,1,forward,14.36876933,-1.115197876,1,124,326,212,476,0.706218839,1
1,278.9308167,186.8741512,149.6991348,149.6990776,91.43374562,1,forward,13.19191046,0.079774782,0,0,0,0,0,0,0
1,279.1492462,186.7805099,143.7113953,143.7113571,93.93387437,1,forward,15.26026965,-0.555714051,0,0,0,0,0,0,0
1,283.9856339,192.1584892,127.5971603,127.5971889,92.65585542,1,forward,10.13004495,2.099201377,0,0,0,0,0,0,0
1,263.2242012,182.2519112,139.4662666,139.4660854,77.27571726,1,forward,12.9399447,1.182497518,1,288,313,462,480,0.623666883,1
1,256.7862701,189.7432423,133.7799072,133.7800598,93.04913878,2,forward,12.37065484,5.387356475,0,0,0,0,0,0,0
1,256.8319702,187.8057575,140.4178619,140.4179192,93.9434588,1,forward,12.33139171,4.29956133,0,0,0,0,0,0,0
1,248.1395721,185.9608555,139.6422195,139.64221,92.99476147,1,forward,11.83287597,3.269112262,0,0,0,0,0,0,0
1,237.3779488,184.0114403,142.4777412,142.4776554,93.55285764,1,forward,9.839583716,3.78463164,0,0,0,0,0,0,0
1,242.4854851,188.6949348,141.6624641,141.6624355,95.03486753,1,forward,12.47562546,3.201815251,0,0,0,0,0,0,0
1,244.769268,188.3987045,140.1495552,140.1495838,93.53074431,1,forward,11.34398754,3.309703887,0,0,0,0,0,0,0
1,236.6592026,187.5033188,139.9967957,139.9966908,95.09034753,1,forward,11.20104981,5.559892183,0,0,0,0,0,0,0
1,230.6339645,189.3025875,137.0814133,137.0811081,95.70057392,1,forward,10.89883386,5.838861298,0,0,0,0,0,0,0
1,226.9095421,189.2346954,137.0378685,137.0376492,94.9691534,1,forward,10.98924342,6.258795106,0,0,0,0,0,0,0
1,228.4045792,188.7482357,139.8254013,139.8251724,95.36553621,1,forward,11.96508646,6.345000935,0,0,0,0,0,0,0
1,229.8278809,186.0420513,139.3082809,139.3081284,95.09406686,1,forward,11.32520174,5.194271107,0,0,0,0,0,0,0
1,236.0601807,186.1539173,135.6595612,135.6595516,95.98716497,1,forward,12.87312776,4.894573656,0,0,0,0,0,0,0
1,254.3831635,185.8521938,135.1018143,135.1017952,91.31322503,1,forward,12.85619329,0.350170655,1,180,344,385,480,0.727896333,1
1,272.2655869,183.2702351,143.2723618,143.2721901,92.87169576,1,forward,15.27709802,-0.891949532,0,0,0,0,0,0,0
1,281.6591072,186.4120388,145.1511574,145.1510811,89.88115191,1,forward,15.94091903,-2.027152937,0,0,0,0,0,0,0
1,290.2604103,184.8762989,146.5403175,146.5402508,93.65350604,1,forward,16.56928685,-2.116706336,0,0,0,0,0,0,0
1,284.4177437,180.7385731,145.5345345,145.5344296,90.27183652,1,forward,16.67696282,-1.43533773,0,0,0,0,0,0,0
1,280.4958344,186.7635441,143.1988144,143.198719,93.37024689,1,forward,15.66181023,-1.325474597,0,0,0,0,0,0,0
1,279.8661613,187.2298908,141.6968346,141.6967392,92.66542196,1,forward,16.1899797,-0.612107931,0,0,0,0,0,0,0
1,280.6701279,186.3539028,143.3585739,143.358593,93.47013235,1,forward,15.15891897,-0.685764783,1,202,357,280,461,0.641407132,1
1,279.980011,185.2375317,146.8865967,146.8866062,93.0188179,1,forward,15.4086297,-0.70638429,0,0,0,0,0,0,0
1,281.3215256,187.1728992,141.9773102,141.9771767,94.8294878,1,forward,15.11724983,-0.231942476,0,0,0,0,0,0,0
1,281.0250473,187.1012878,141.0562897,141.056242,94.9519515,1,forward,14.78582408,-0.162336222,0,0,0,0,0,0,0
1,278.1477737,185.911417,142.7160645,142.7159786,95.03321052,1,forward,13.66957901,-0.369350948,0,0,0,0,0,0,0
1,280.3165817,184.8442554,142.9994202,142.9993343,94.89091039,1,forward,15.10825774,-0.4216327,1,132,173,252,409,0.711396217,1
1,279.4179344,186.4540672,143.074894,143.074894,94.72847581,2,forward,15.63647531,-0.929372403,0,0,0,0,0,0,0
1,279.1589165,185.785017,142.2244835,142.2243118,95.09346485,1,forward,14.40621573,0.255989604,0,0,0,0,0,0,0
1,279.7525406,183.7345791,142.8790665,142.8789997,95.15259266,1,forward,13.84249139,0.582615958,1,134,338,287,480,0.74120152,1
1,274.5510864,184.1182709,147.3961258,147.3959827,94.39308643,1,forward,14.11387355,0.233455534,0,0,0,0,0,0,0
1,291.3209724,185.9707546,126.8840981,126.8841934,92.46375561,1,forward,13.24739491,3.773021776,1,183,164,308,385,0.617860436,1
1,297.2763443,185.2599907,124.4712448,124.4715214,87.58537769,1,forward,9.230339974,2.33150124,0,0,0,0,0,0,0
1,304.3394661,185.3029633,123.3707619,123.3709431,61.76844835,1,down,-15,10,0,0,0,0,0,0,1
1,300.8099365,187.9219437,125.669632,125.6698608,64.4210279,1,down,-15,10,0,0,0,0,0,0,1
1,290.9284782,193.2909966,144.1990089,144.1983604,55.12812138,1,down,-15,10,0,0,0,0,0,0,1
1,284.8284531,185.2764416,136.4923096,136.4921951,93.4661746,2,forward,12.81190732,-2.89757163,0,0,0,0,0,0,0
1,273.2313919,184.5346928,140.1689529,140.1687813,94.09315586,1,forward,12.59919891,1.044305673,0,0,0,0,0,0,0
1,268.5556984,182.9711151,139.9903679,139.9902821,93.07773709,1,forward,13.46628956,2.043466872,0,0,0,0,0,0,0
1,266.2656593,184.8635387,137.4564171,137.4562168,94.04714108,1,forward,13.13767619,2.640086733,0,0,0,0,0,0,0
1,264.2691612,184.3199444,137.1084785,137.1085453,92.26251841,1,forward,13.56235911,2.860974945,0,0,0,0,0,0,0
1,265.8877945,185.9934425,137.867012,137.8668308,93.58789921,1,forward,14.15136387,2.450346054,0,0,0,0,0,0,0
1,268.2461929,186.047945,134.6924973,134.692297,93.61276627,1,forward,14.53398776,2.375846274,0,0,0,0,0,0,0
1,266.0025024,184.9576664,136.2942123,136.2939835,92.2146678,1,forward,14.73888513,1.159352928,0,0,0,0,0,0,0
1,266.6447067,184.1778088,140.0526428,140.0525093,93.15516949,1,forward,16.11817002,1.022272611,0,0,0,0,0,0,0
1,267.9972267,185.3529739,134.7924232,134.7923756,93.94960403,1,forward,14.70398603,1.029519717,0,0,0,0,0,0,0
1,269.1271973,188.4490299,131.5873337,131.5871716,94.53687072,1,forward,14.537732,0.864711375,0,0,0,0,0,0,0
1,276.3302803,189.1201401,128.3844185,128.384285,95.84674835,1,forward,16.26301825,0.676972038,0,0,0,0,0,0,0
1,270.959568,187.6180172,129.9175072,129.9173927,94.61920857,1,forward,16.35802895,-1.062670578,0,0,0,0,0,0,0
1,287.7647972,192.0738888,125.1418114,125.1416874,90.12644291,1,right,18.27312142,-12.90631564,0,0,0,0,0,0,1
1,317.1975136,187.7265644,117.3558617,117.3558712,72.66736031,1,down,-15,10,0,0,0,0,0,0,1
1,321.6161728,189.68894,115.1860428,115.1859283,71.01582885,1,down,-15,10,0,0,0,0,0,0,1
1,268.2807922,184.6228695,132.0156097,132.015667,92.41957664,1,forward,14.46456278,11.31842412,0,0,0,0,0,0,0
1,247.957859,187.6499748,124.7902489,124.790411,89.52641487,1,forward,15.66051714,14.17751899,0,0,0,0,0,0,0
1,243.2075119,193.3746243,117.4548721,117.4550056,93.88568401,1,left,18.03266439,16.00003165,0,0,0,0,0,0,1
1,268.5861206,176.443491,116.1447144,116.1449432,84.37696099,0,forward,17.09487203,14.83884819,0,0,0,0,0,0,0
1,266.2713432,179.1382885,126.0730553,126.0734367,88.323915,0,forward,20.21441556,9.646037047,0,0,0,0,0,0,0
1,265.7657433,210.7499599,137.4389458,137.4389362,93.29332113,0,forward,2.250228349,4.281971213,0,0,0,0,0,0,0
1,265.9413338,210.336256,146.8704414,146.87047,91.96986556,0,forward,-2.986077676,0.361121794,0,0,0,0,0,0,0
1,262.1014404,214.9461079,139.1042709,139.1043377,93.02136302,0,forward,-1.717698038,2.783679247,0,0,0,0,0,0,0
1,255.617981,220.1835823,144.2715454,144.2715168,93.8467145,0,forward,-6.169064673,3.037258615,0,0,0,0,0,0,0
1,258.3398056,220.5870438,142.9217911,142.9218006,93.64054799,0,forward,-6.520094298,3.622333433,1,263,406,378,479,0.712084413,1
1,257.9938316,220.2311611,143.6266899,143.6259556,90.93930721,0,forward,-9.299114401,4.671149573,1,258,408,375,480,0.625231385,1
1,264.584713,220.4389,132.6627541,132.662344,81.17784858,0,down,-15,10,1,276,320,394,472,0.780241728,1
0,0,0,0,0,0,0,down,-15,10,0,0,0,0,0,0,1
1,249.0950584,216.5992641,150.3971672,150.3961372,51.13992691,0,down,-15,10,1,254,291,365,446,0.605377734,1
1,250.11446,212.3227215,129.5466423,129.546175,56.44287467,1,down,-15,10,0,0,0,0,0,0,1
1,239.8649788,221.6894245,148.0681801,148.0675793,51.09904408,1,down,-15,10,0,0,0,0,0,0,1
0,0,0,0,0,0,1,down,-15,10,0,0,0,0,0,0,1
1,238.6120224,217.8578854,148.1232834,148.1224823,50.78197122,1,down,-15,10,0,0,0,0,0,0,1
0,0,0,0,0,0,1,down,-15,10,0,0,0,0,0,0,1
1,255.4528046,228.3413315,133.6161041,133.615694,67.92283654,1,down,-15,10,0,0,0,0,0,0,1
1,250.3805923,227.161274,141.9707489,141.9702816,62.83457279,1,down,-15,10,0,0,0,0,0,0,1
1,253.1730461,225.7385445,136.1788368,136.1786842,59.30503011,1,down,-15,10,0,0,0,0,0,0,1
1,252.998085,215.9150505,145.2288055,145.2279568,50.74440241,1,down,-15,10,0,0,0,0,0,0,1
1,250.8020592,222.2349644,139.1683769,139.1683388,56.66089654,1,down,-15,10,0,0,0,0,0,0,1
1,247.3456955,214.9224186,139.8379898,139.8379898,79.08783555,1,down,-15,10,0,0,0,0,0,0,1
1,249.6065521,224.4876194,139.7390747,139.7391129,88.32221627,1,down,-15,10,0,0,0,0,0,0,1
1,247.4209595,216.7450333,137.8993225,137.8993607,90.21402597,1,forward,-2.714617843,5.893083275,0,0,0,0,0,0,0
1,245.0331497,211.6074371,145.62397,145.6238937,62.76568174,1,down,-15,10,0,0,0,0,0,0,1
1,249.0556335,209.6590805,129.3750381,129.3752003,91.90214276,1,forward,3.238184566,4.264562144,0,0,0,0,0,0,0
1,246.4885521,205.6869793,142.2410393,142.2413063,91.1049962,2,forward,5.656072824,4.446520354,0,0,0,0,0,0,0
1,254.1192245,203.1399822,140.284729,140.2849388,92.94667244,1,forward,5.893360798,2.649956154,0,0,0,0,0,0,0
1,259.7657776,203.6679554,135.458374,135.4585075,94.33487654,1,forward,8.166420565,1.324468923,0,0,0,0,0,0,0
1,263.8529587,195.6249332,129.4820404,129.4821167,92.64612198,1,forward,10.91413357,0.379620364,0,0,0,0,0,0,0
1,263.3828926,189.6155548,132.1490669,132.1490479,84.43728685,1,forward,8.094698777,3.69563983,0,0,0,0,0,0,0
1,269.8061752,192.0596409,131.8713379,131.8712997,87.27360368,2,forward,7.69478452,4.72166315,0,0,0,0,0,0,0
1,264.013176,191.5476322,144.3021774,144.3021584,90.87210894,1,forward,11.11461392,1.551735607,0,0,0,0,0,0,0
1,282.6873779,181.7131805,143.4107971,143.4108067,91.82688594,1,forward,15.01261272,0.938035723,0,0,0,0,0,0,0
1,289.0954018,178.9727783,143.9075661,143.9076233,89.23622966,1,forward,17.27229021,-2.888900727,0,0,0,0,0,0,0
1,290.8110809,182.2776318,143.4653854,143.4653664,91.83448553,2,forward,17.60812054,-1.728798523,0,0,0,0,0,0,0
1,297.15168,182.1927166,143.5995483,143.5996056,93.8359797,1,forward,17.9331345,-1.44095827,0,0,0,0,0,0,0
1,304.7117805,181.8358898,147.838459,147.8382969,93.79761815,1,forward,20.12778849,-0.812030429,0,0,0,0,0,0,0
1,318.7508774,183.1846905,148.9700699,148.970089,93.68345737,1,forward,18.87365739,-1.514274074,0,0,0,0,0,0,0
1,318.8656998,184.1817284,148.6468887,148.6469078,91.06440544,1,forward,21.1962284,-2.107447456,0,0,0,0,0,0,0
1,313.2575607,180.151577,153.9351273,153.9350796,93.81905198,1,forward,18.96375642,-0.642265456,0,0,0,0,0,0,0
1,313.0203056,180.8920097,152.3916817,152.3916721,93.83975863,1,forward,18.05447095,-0.780040119,0,0,0,0,0,0,0
1,311.5264702,180.8657742,156.6954994,156.6954803,93.0423677,2,forward,20.3931176,-0.630507764,0,0,0,0,0,0,0
1,319.2353439,183.3414745,147.8938293,147.8938007,93.58485937,1,forward,20.89208046,0.698536309,0,0,0,0,0,0,0
1,326.6149139,184.2333698,142.4608612,142.460804,92.24864841,1,forward,20.68911338,1.554853717,1,135,327,253,480,0.669088662,1
1,331.6913605,176.8300152,135.9954453,135.9957218,82.13602304,1,forward,22.03495253,9.878404955,0,0,0,0,0,0,0
1,330.9413147,175.6757641,141.2689209,141.2691307,86.31746173,1,forward,20.71005521,7.628292981,0,0,0,0,0,0,0
1,328.979187,177.8118896,139.3566513,139.3568802,87.33435273,1,forward,22.09909127,6.688440826,0,0,0,0,0,0,0
1,331.2093353,182.0856285,137.6121902,137.6124287,88.61554265,1,forward,23.06294373,8.906921948,1,128,315,237,456,0.741567314,1
1,326.7787933,176.9058323,141.9684982,141.9686794,90.46320915,2,forward,22.55358963,5.539032636,0,0,0,0,0,0,0
1,339.9016953,188.5156059,129.7668076,129.7667027,91.60585403,1,right,22.58869534,-12.66582644,1,135,335,258,478,0.729582012,1
1,346.8209457,183.0647278,127.9623413,127.9625416,87.95102835,2,right,21.44156738,-15.41090087,0,0,0,0,0,0,1
1,342.9269791,180.9783554,131.8468094,131.8468952,89.56590891,1,right,20.62035014,-14.98411869,1,138,328,265,478,0.723529518,1
1,341.6823196,179.5818043,134.7983551,134.7984123,88.66364956,1,right,21.11703976,-13.27635174,1,139,327,266,475,0.743733466,1
1,330.2112198,176.6195583,138.1069565,138.1070137,86.26437187,1,forward,23.13955482,-8.713136932,1,151,345,283,480,0.728246272,1
1,300.1129341,177.1911621,144.5952415,144.5952702,76.79309845,0,down,-15,10,0,0,0,0,0,0,1
1,306.9345856,177.12327,146.0112,146.011076,88.84653449,1,forward,20.96563409,-6.650136334,0,0,0,0,0,0,0
1,320.0452805,171.8041134,146.0115433,146.0115051,89.42088485,1,right,23.33247132,-11.16994318,0,0,0,0,0,0,1
1,321.7754745,173.3962727,144.236145,144.2360115,91.15194678,1,right,22.81204005,-11.38583602,0,0,0,0,0,0,1
1,318.8315582,174.4902706,150.4486847,150.448494,84.71670747,2,forward,21.59731667,-6.931182985,0,0,0,0,0,0,0
0,0,0,0,0,0,0,down,-15,10,1,299,108,459,313,0.786733091,1
0,0,0,0,0,0,1,down,-15,10,0,0,0,0,0,0,1
1,303.77882,178.0406284,159.1182518,159.1180801,87.88993359,0,forward,17.16681605,-4.100030473,0,0,0,0,0,0,0
1,305.4750824,180.0732708,156.6184235,156.6182899,91.8956995,0,forward,18.09245167,-1.280318994,0,0,0,0,0,0,0
1,309.1281319,179.8094273,151.5714836,151.5713024,92.00163484,0,forward,19.55911712,-1.536351502,0,0,0,0,0,0,0
1,306.4003181,180.0011444,152.3978233,152.3977375,93.17540526,0,forward,19.93933399,-2.189368192,0,0,0,0,0,0,0
1,305.525074,180.6033039,151.5228462,151.5226364,93.51109266,0,forward,20.70828925,-1.302335615,0,0,0,0,0,0,0
1,306.2194824,179.9334812,156.3610077,156.3609123,93.23929548,0,forward,20.71343547,-1.401103279,0,0,0,0,0,0,0
1,307.3165131,177.3705482,144.2117691,144.2116356,83.67169499,0,forward,12.57525864,0.998598915,1,306,259,432,453,0.872211814,1
1,315.0936699,178.1984997,132.5837135,132.5838947,85.77192426,0,down,-15,10,0,0,0,0,0,0,1
1,310.6375885,179.2114735,152.9073715,152.9073143,94.2278266,1,forward,19.46715367,-0.254260739,0,0,0,0,0,0,0
1,309.5793724,180.6788063,151.2366295,151.2364769,94.36488748,1,forward,20.76018639,-0.06695338,0,0,0,0,0,0,0
1,322.7134705,187.8554535,132.7365112,132.7365875,91.60326123,1,forward,17.28767311,2.584317587,0,0,0,0,0,0,0
1,328.8273621,185.1780796,121.9638824,121.964035,90.00744224,1,forward,11.48092295,3.474945041,0,0,0,0,0,0,0
1,339.2026901,194.0742302,115.3182602,115.3183651,76.4061451,1,forward,8.650189396,5.516915644,1,229,278,388,443,0.629180789,1
1,319.4978905,187.1779919,134.9868584,134.9868393,93.39777231,1,forward,15.74889659,-0.581909299,0,0,0,0,0,0,0
1,307.1668625,180.7364845,151.3095474,151.3093758,94.17036176,0,forward,18.5753512,1.658064634,0,0,0,0,0,0,0
1,305.0663567,178.6357784,154.1895103,154.1894245,93.94667149,0,forward,19.75377419,0.769899516,0,0,0,0,0,0,0
1,308.1383514,178.5027122,153.4012604,153.4012127,93.40216517,0,forward,19.45907861,0.476402026,0,0,0,0,0,0,0
1,305.2488708,180.8308125,151.0103989,151.0101986,93.40552092,0,forward,20.33304165,1.447035424,0,0,0,0,0,0,0
1,306.8275642,181.2225151,150.2806664,150.2805233,92.70403385,1,forward,19.43187428,2.045721392,0,0,0,0,0,0,0
1,313.3063126,182.3071003,149.5698166,149.5697308,92.66859889,1,forward,19.0164312,1.434320337,0,0,0,0,0,0,0
1,311.6366005,182.5849628,150.4363823,150.4362488,92.29620099,1,forward,19.63954432,2.01520935,0,0,0,0,0,0,0
1,307.0554161,180.7049274,145.9192467,145.9190369,93.83721948,1,forward,18.24243489,3.060487308,0,0,0,0,0,0,0
1,304.4369507,181.3432789,147.3754883,147.3753262,93.85393858,1,forward,19.52763376,3.0879195,0,0,0,0,0,0,0
1,310.6608391,218.5935116,144.9682045,144.9680901,77.39278674,0,down,-15,10,0,0,0,0,0,0,1
1,320.3583908,187.484436,135.1567459,135.1567841,90.66382647,1,forward,12.45521955,8.319469428,0,0,0,0,0,0,0
1,315.2112198,180.5645084,142.1855927,142.1856308,94.61295605,2,forward,16.83468369,4.733562046,0,0,0,0,0,0,0
1,310.766201,181.2405109,147.9686928,147.9685593,94.61594224,1,forward,18.93931427,1.39589947,0,0,0,0,0,0,0
1,306.7773819,180.6199837,149.5682907,149.5681858,94.278723,1,forward,20.21747932,1.807016453,1,232,363,360,480,0.614536107,1
1,304.0540886,178.9997578,150.7788658,150.7787132,92.70956516,1,forward,18.86954942,2.069022177,0,0,0,0,0,0,0
1,307.4827576,178.6084843,149.4769669,149.4768906,94.52936053,1,forward,17.78949254,2.312476905,0,0,0,0,0,0,0
1,44.3379879,202.6581573,192.39254,192.3864269,96.30575776,0,forward,-4.971159776,5.498621447,0,0,0,0,0,0,0
1,54.04599667,197.2370052,187.7299309,187.722702,97.28925228,0,forward,-4.623012697,5.729814071,0,0,0,0,0,0,0
1,101.2137318,191.844492,179.0420151,179.0363503,96.18199468,0,forward,-2.707467773,5.609336131,0,0,0,0,0,0,0
1,158.5755634,192.0912266,179.4725418,179.4664192,97.18896747,0,forward,1.719789094,0.268550092,0,0,0,0,0,0,0
1,171.963768,204.9817657,166.0064316,166.0017014,94.90126967,0,forward,-7.126670244,2.853829966,0,0,0,0,0,0,0
1,162.8974915,207.2305012,138.1073952,138.1075573,82.48420358,1,down,-15,10,0,0,0,0,0,0,1
1,99.57783699,203.6055565,150.5472851,150.5474567,86.7626965,1,down,-15,10,0,0,0,0,0,0,1
1,131.5103054,204.1187954,151.7897701,151.7899704,90.65619111,1,down,-15,10,0,0,0,0,0,0,1
1,165.3595161,205.7603359,142.4908257,142.4909306,91.441679,1,down,-10.75361655,-1.247603754,0,0,0,0,0,0,1
1,172.1080017,213.0620098,142.2116089,142.2118378,93.05582047,1,down,-10.85945835,1.137443455,0,0,0,0,0,0,1
1,156.4583397,221.6481686,173.1911278,173.1859589,97.19602466,0,down,-10.0665807,0.895450085,0,0,0,0,0,0,1
1,180.3357315,217.556963,178.3091354,178.3042145,95.85561752,0,forward,-8.781123545,5.459919628,0,0,0,0,0,0,0
1,188.1574059,217.1299267,152.4440193,152.4439716,96.35515213,0,forward,1.074660393,5.768281725,0,0,0,0,0,0,0
1,181.8441391,220.9496212,138.1324387,138.1327629,97.29975462,0,forward,4.611753702,9.754242011,0,0,0,0,0,0,0
1,200.3318787,220.5831242,136.5237808,136.5237808,95.48772573,0,forward,3.492044883,8.672162563,0,0,0,0,0,0,0
1,176.6088486,232.480917,159.1828156,159.1825962,93.12482476,0,forward,-7.3404178,5.997363485,0,0,0,0,0,0,0
1,143.5419369,257.4796772,170.7488251,170.7481956,50.06455779,1,down,-15,10,0,0,0,0,0,0,1
1,144.5959759,262.2665119,133.770647,133.770504,74.54184294,1,down,-15,10,0,0,0,0,0,0,1
1,147.711668,247.8309631,164.0753174,164.0701962,87.28114367,1,down,-15,10,0,0,0,0,0,0,1
1,182.6823807,226.7857647,166.3115692,166.3114929,96.41590714,0,forward,-6.24757914,3.943494276,0,0,0,0,0,0,0
1,184.8034859,211.950388,160.1629829,160.1629543,95.42353153,0,forward,-1.923764322,3.162673696,0,0,0,0,0,0,0
1,174.0318871,203.657198,149.1929436,149.1934776,96.12685442,0,forward,-0.459338222,4.203944016,0,0,0,0,0,0,0
1,166.8649673,201.9163227,153.2446671,153.2450867,96.20979428,0,forward,0.462776088,2.078969141,0,0,0,0,0,0,0
1,179.9617386,199.495554,156.4704132,156.4705181,95.86943388,0,forward,1.200444812,1.17638908,0,0,0,0,0,0,0
1,182.4500656,195.6691074,157.5508881,157.5509548,95.5697298,0,forward,1.937601034,2.670355541,0,0,0,0,0,0,0
1,180.8084297,195.663271,157.9979897,157.9979324,96.57410383,0,forward,0.593352086,2.902484326,0,0,0,0,0,0,0
1,176.9558716,199.2667294,156.5337753,156.5337467,96.57341242,0,forward,0.494521317,2.821313488,0,0,0,0,0,0,0
1,173.4311485,199.3958759,157.6797295,157.6798153,96.01934552,0,forward,-0.667497071,3.44844594,0,0,0,0,0,0,0
1,173.5106468,195.3518772,153.2818413,153.2820511,95.66611648,0,forward,0.823480856,0.687460685,0,0,0,0,0,0,0
1,173.3275986,198.1545925,152.4603271,152.4604797,95.45160532,0,forward,1.71511886,-2.55313448,0,0,0,0,0,0,0
1,175.9715843,200.1416016,154.0724754,154.0726089,93.27760339,0,forward,5.58014363,-9.924592434,0,0,0,0,0,0,0
1,179.2759705,204.6385574,151.2706375,151.2706375,93.41727495,0,right,5.826750796,-12.98209152,0,0,0,0,0,0,1
1,177.4592209,200.4347706,150.477562,150.477705,92.8155899,0,right,7.597448449,-15.88911393,0,0,0,0,0,0,1
1,149.8413944,196.4193249,153.9678669,153.9679527,93.30551624,0,forward,5.036193535,11.15221881,0,0,0,0,0,0,0
1,141.8416882,199.4526386,149.400568,149.4007015,95.71738839,0,forward,4.846487311,14.45777546,0,0,0,0,0,0,0
1,153.0875015,196.6351604,146.0257721,146.0260105,95.89452147,0,forward,5.442115384,14.06630695,0,0,0,0,0,0,0
1,155.7940197,186.435957,143.4217739,143.4217644,97.69150019,0,left,12.08317442,17.69764056,0,0,0,0,0,0,1
1,153.7717056,186.4942646,154.2962074,154.2961693,96.88998461,0,left,7.793606821,15.90123085,0,0,0,0,0,0,1
1,157.9536533,192.5786018,149.0016079,149.001646,95.68635225,0,left,8.55688092,15.70924042,0,0,0,0,0,0,1
1,164.3763542,197.5879097,154.7056389,154.7057533,96.64152265,0,forward,3.800065059,9.034984488,0,0,0,0,0,0,0
1,176.9398689,198.4254742,156.4471626,156.4473152,97.34678268,1,forward,0.53138198,6.33528338,0,0,0,0,0,0,0
1,178.4052086,197.1984386,144.6475029,144.6478271,97.8782773,1,forward,4.116769471,7.148569524,0,0,0,0,0,0,0
1,180.9723282,191.6561794,143.3633804,143.3633995,97.47725725,1,forward,5.68264716,6.858875096,0,0,0,0,0,0,0
1,182.8765869,194.8108006,141.038475,141.0388184,98.24457169,1,forward,6.29583293,6.877244269,0,0,0,0,0,0,0
1,175.7122421,197.0743275,140.5217361,140.5221176,98.50724339,1,forward,5.85919779,10.24447511,0,0,0,0,0,0,0
1,177.2879601,198.4703636,148.3512306,148.3515072,95.6987381,0,forward,3.074333256,8.77226692,0,0,0,0,0,0,0
1,179.9008751,202.2872257,154.6494102,154.6494484,92.76077151,0,forward,0.766803128,7.295707152,0,0,0,0,0,0,0
1,173.3520317,241.4116001,158.366375,158.3660316,92.91803837,0,down,-14.37619357,4.154857647,0,0,0,0,0,0,1
1,166.59235,321.3252926,138.5431099,138.5412598,82.79249668,0,down,-15,10,0,0,0,0,0,0,1
2,161.1541176,300.5900574,149.0541458,149.0487385,81.42374158,0,down,-15,10,0,0,0,0,0,0,1
1,169.5345116,250.8529758,164.1063499,164.100666,95.31137943,0,down,-15.65885337,4.315122243,0,0,0,0,0,0,1
1,170.5820465,212.2382641,165.512886,165.5087757,96.1286962,0,down,-10.25089934,5.546219482,0,0,0,0,0,0,1
1,184.9878502,205.1212692,158.7638664,158.7637997,94.21431422,0,forward,-7.744041477,6.657098773,0,0,0,0,0,0,0
1,186.5704918,196.835804,159.6315956,159.6317196,95.19714713,0,forward,-8.254838443,8.090820788,0,0,0,0,0,0,0
1,181.9342232,192.7810764,155.710125,155.7102585,96.21576667,0,forward,-8.422885282,5.675849105,0,0,0,0,0,0,0
1,177.5899506,191.6609573,153.5428238,153.5428905,96.69424891,0,forward,-9.638564538,9.842515776,0,0,0,0,0,0,0
1,181.6984367,192.3292065,154.7160149,154.7160816,96.81863785,0,forward,-6.440116167,11.18635612,1,98,305,250,480,0.815115869,1
1,186.3512039,195.9110928,154.7600937,154.7602272,96.10245228,0,forward,-1.654707936,11.38108014,1,37,280,239,479,0.836345911,1
1,188.1161308,194.411974,153.181591,153.1816864,96.05916739,0,forward,-5.908327422,11.69128503,1,7,280,250,479,0.797086596,1
1,190.2066231,200.2749538,153.6570549,153.6571312,94.38875318,0,forward,1.764929284,8.10069209,0,0,0,0,0,0,0
1,177.4811363,203.3157063,145.6442833,145.6444931,95.56967616,0,forward,9.054868444,4.135265333,0,0,0,0,0,0,0
1,176.3659859,210.9101772,149.3813133,149.3814182,95.39706111,0,forward,4.096793693,10.63998697,0,0,0,0,0,0,0
1,186.7136383,210.3249836,151.3485718,151.3486862,96.34613991,0,forward,3.742048166,10.14364061,0,0,0,0,0,0,0
1,187.8961563,213.4952259,150.7814026,150.7814598,95.7655251,0,forward,-4.235404985,7.587294602,0,0,0,0,0,0,0
1,188.9817047,212.7455521,150.698204,150.6982327,95.15241385,0,forward,-6.743019384,6.979552843,0,0,0,0,0,0,0
1,185.0882149,214.1715145,152.2346306,152.2346306,96.54096961,0,forward,-4.044061306,8.031758612,0,0,0,0,0,0,0
1,185.4524422,204.8323345,147.4459648,147.4462223,94.20821071,0,forward,2.117835538,10.06156586,0,0,0,0,0,0,0
1,197.454834,199.8661423,145.1438141,145.144043,96.91493511,0,forward,1.542376651,6.491897355,1,0,273,142,478,0.897155285,1
1,204.8781204,200.7451057,148.0362701,148.0366802,96.20797634,2,forward,0.334422729,3.472796737,1,5,246,184,474,0.651982784,1
1,206.2307167,202.8067875,151.2916374,151.2920666,95.41288018,1,forward,-3.129321761,3.819734831,0,0,0,0,0,0,0
1,204.2094803,207.2224617,149.7457504,149.746027,91.77033305,1,forward,-3.681962498,4.49743572,0,0,0,0,0,0,0
1,193.2154846,206.330452,160.6430054,160.6430054,94.66472864,1,forward,-5.833554373,4.362519798,0,0,0,0,0,0,0
1,179.1973495,221.5471172,166.7036057,166.6990471,96.50735259,1,down,-10.24969071,4.727107946,0,0,0,0,0,0,1
1,162.348423,253.5414505,152.8176689,152.8173351,92.69121885,1,forward,-9.941715281,-0.766279724,1,83,304,219,470,0.707053602,1
1,150.4205132,227.8904343,175.1737785,175.1737118,94.95522976,0,forward,-8.947204742,3.892363818,0,0,0,0,0,0,0
1,148.9733696,217.6729488,168.3069611,168.3068848,96.53470516,0,forward,-3.253411986,3.89683156,0,0,0,0,0,0,0
1,148.9856052,210.9694576,164.9477386,164.9475574,94.89767551,0,forward,-1.744069177,3.675176762,0,0,0,0,0,0,0
1,153.5666847,208.1872272,161.919651,161.9195366,95.11720538,0,forward,-1.711623124,3.491766797,0,0,0,0,0,0,0
1,155.0157166,206.6512012,160.7381058,160.7381058,94.49832439,0,forward,-1.292246896,3.440551109,0,0,0,0,0,0,0
1,151.086607,205.6731892,160.1714706,160.1713371,94.89961863,0,forward,-1.394000434,4.221550247,0,0,0,0,0,0,0
1,153.0946064,203.4514618,161.7787933,161.7788029,94.77297664,0,forward,-1.899562592,3.723418044,0,0,0,0,0,0,0
1,152.4593258,205.5868435,162.2249985,162.2249794,94.69487667,0,forward,-1.38657969,3.547019594,0,0,0,0,0,0,0
1,157.2567177,203.2263851,161.4231873,161.4232635,94.90741491,0,forward,-1.984151254,3.609477912,0,0,0,0,0,0,0
1,159.6226978,199.4991589,162.3021317,162.3023701,95.5909729,0,forward,-0.161227046,3.953766359,0,0,0,0,0,0,0
1,166.9989204,199.9488544,158.4679222,158.4682846,97.62784243,0,forward,0.162650164,3.252490077,0,0,0,0,0,0,0
1,167.3409653,199.8877144,154.6733093,154.673624,97.53526449,0,forward,1.677306038,3.359013784,0,0,0,0,0,0,0
1,170.4920197,200.2896023,152.6507187,152.6511955,97.61394858,0,forward,2.272275771,3.054222316,0,0,0,0,0,0,0
1,173.6548805,195.7968807,155.3370094,155.3371811,96.83426619,0,forward,1.819533425,2.965463616,0,0,0,0,0,0,0
1,174.6050072,192.2688389,158.2603645,158.2603741,96.97332978,0,forward,2.002934759,3.403444628,0,0,0,0,0,0,0
1,174.4416428,191.7028141,157.5677872,157.5676918,97.03838229,0,forward,1.840607183,2.85120367,0,0,0,0,0,0,0
1,174.6741295,192.4457073,156.8428612,156.842823,96.5675652,0,forward,0.62117049,2.432687486,0,0,0,0,0,0,0
1,176.5254974,196.2645149,155.308075,155.3081703,96.32990956,0,forward,0.594927872,2.794236237,0,0,0,0,0,0,0
1,176.6436958,194.3902302,157.2598839,157.2599316,96.43726349,0,forward,-0.100020052,2.243017057,0,0,0,0,0,0,0
1,179.7774696,194.073801,157.2110176,157.2110367,96.4691937,0,forward,0.36020359,2.868361302,0,0,0,0,0,0,0
1,176.2636757,190.6373692,153.6646461,153.6645412,96.40763998,0,forward,3.710216492,4.238128912,0,0,0,0,0,0,0
1,172.524395,195.1643372,148.8304329,148.8306713,97.24313617,0,forward,5.07118437,9.906209502,0,0,0,0,0,0,0
1,176.3170624,197.1336937,151.0435867,151.0437584,96.88754678,0,forward,5.196409373,10.34808686,0,0,0,0,0,0,0
1,173.5200691,198.2542133,147.7292824,147.7296066,96.88530564,0,forward,5.943532971,12.21136621,0,0,0,0,0,0,0
1,173.3030319,200.1070404,149.3099213,149.3100357,95.51229477,0,forward,5.116555067,11.01295442,0,0,0,0,0,0,0
1,168.7879181,199.5554066,150.4396057,150.4399109,95.63726187,0,forward,4.398396526,9.656854526,0,0,0,0,0,0,0
1,167.3391151,197.0700932,149.4848251,149.4849014,97.35534787,0,forward,4.216186268,6.381813314,0,0,0,0,0,0,0
1,173.6080551,200.9261513,142.1496391,142.1497822,96.40969038,0,forward,5.83597006,5.538450119,0,0,0,0,0,0,0
1,175.1278496,197.2569752,144.8254776,144.8256969,96.57685757,0,forward,4.84111059,5.966223364,0,0,0,0,0,0,0
1,183.144474,202.7955151,134.7911453,134.79146,96.84200883,0,forward,5.424213489,5.378434758,0,0,0,0,0,0,0
1,177.7406693,197.5129223,151.1268616,151.1268997,96.82124257,0,forward,6.108831186,12.74677329,0,0,0,0,0,0,0
1,184.4404221,180.7236671,173.7660599,173.7630272,95.74979544,0,forward,7.316040731,12.16942253,0,0,0,0,0,0,0
1,179.6772385,184.1902828,177.4531174,177.4493122,94.09939051,0,forward,8.212076199,13.03677871,0,0,0,0,0,0,0
1,191.1453819,188.0751801,180.2483177,180.2429581,92.5565958,0,forward,7.868685798,14.2717196,0,0,0,0,0,0,0
1,205.3307343,209.1594887,158.3013916,158.30163,94.69137788,0,forward,7.719311275,13.63794988,0,0,0,0,0,0,0
1,209.3339729,215.6823635,156.4455223,156.4456272,96.55633569,0,forward,1.628097045,9.749605135,0,0,0,0,0,0,0
1,203.7258339,220.6006908,150.9376717,150.9376144,95.34028172,0,forward,-0.320673928,7.20538709,0,0,0,0,0,0,0
1,197.0393372,213.3157253,153.4609985,153.4610081,94.25466657,0,forward,-0.494108038,3.682697763,0,0,0,0,0,0,0
1,187.7513885,214.1748047,154.4800186,154.4800186,94.92396116,0,forward,-0.214512682,0.431851508,0,0,0,0,0,0,0
1,180.4542732,215.2029705,151.0622978,151.0622406,95.79193592,0,forward,-0.059214993,0.375257053,0,0,0,0,0,0,0
1,170.9282303,214.3343067,152.3291016,152.3292446,95.7488656,0,forward,0.979048123,0.63532551,0,0,0,0,0,0,0
1,173.2127953,214.2622375,146.1881065,146.1882877,96.35129571,0,forward,1.356196268,-0.894825365,0,0,0,0,0,0,0
1,173.7858772,213.0935383,145.4979134,145.4981518,96.40861154,0,forward,2.621242021,-0.747818421,0,0,0,0,0,0,0
1,172.1003914,212.232399,147.3107719,147.3109818,95.87610364,0,forward,2.696645046,-3.198136797,0,0,0,0,0,0,0
1,172.393322,211.8432713,147.0853615,147.0856476,96.32290006,0,forward,3.07763595,-4.372679721,0,0,0,0,0,0,0
1,172.8228188,210.8738995,147.867527,147.8677368,96.45708203,0,forward,3.266685255,-4.287160757,0,0,0,0,0,0,0
1,167.4971771,204.157877,153.540802,153.5410881,93.80633235,0,forward,4.567090558,-4.75713126,0,0,0,0,0,0,0
1,167.1915817,202.3966599,148.1291008,148.1294346,94.4501102,0,forward,6.46980697,-4.083531858,0,0,0,0,0,0,0
1,163.0993271,203.4891415,152.7623749,152.7626038,92.04857945,0,forward,5.195932706,-3.043272627,0,0,0,0,0,0,0
1,169.2160034,207.3009396,149.0915489,149.0917969,94.78520155,0,forward,4.454570494,-3.644056698,0,0,0,0,0,0,0
1,171.6012955,206.5366459,149.2118835,149.2122459,95.39839625,0,forward,4.996490423,-4.055917567,0,0,0,0,0,0,0
1,170.1649857,205.5947685,154.4958878,154.496069,95.35797834,0,forward,2.22615035,-4.802831278,0,0,0,0,0,0,0
1,172.687149,215.3797531,147.3493576,147.3495483,96.74088359,0,forward,2.18004737,-3.625138103,0,0,0,0,0,0,0
1,167.16362,241.7037678,151.6089821,151.6092682,93.87997985,0,forward,-9.730362165,4.752819844,0,0,0,0,0,0,0
1,170.0691605,233.7337589,159.5669174,159.5662594,95.56936026,0,down,-10.16907198,6.365982116,0,0,0,0,0,0,1
1,177.3132896,221.9568157,161.5098763,161.5056038,96.04149461,0,down,-11.62787461,6.724294164,0,0,0,0,0,0,1
1,186.0657692,214.9275398,161.0834694,161.0830879,96.26222849,0,down,-10.96701958,6.760953964,0,0,0,0,0,0,1
1,195.4688454,211.2331867,153.8778496,153.8778591,93.49194765,0,forward,-8.910389244,5.786079091,1,150,389,276,477,0.794206381,1
1,194.0175247,211.7254543,155.5256653,155.5251503,94.13406253,0,forward,-9.059716051,5.861589386,1,170,373,287,459,0.777431726,1
1,190.6025887,206.9648838,156.9877052,156.9876766,93.7546134,0,forward,-9.164569175,5.850654588,1,162,383,282,473,0.793694139,1
1,194.4056511,199.1234493,156.0112953,156.0114384,95.41167617,0,forward,-7.627017396,4.535224843,1,160,352,282,448,0.791378498,1
1,195.1070213,205.6859493,154.3979073,154.3979645,94.42318678,0,forward,-6.126502724,5.138782404,1,148,372,273,473,0.852351904,1
1,197.3579407,213.2256031,153.4698105,153.4697914,93.34103465,0,forward,-8.794081969,5.829084324,1,136,402,267,480,0.862779856,1
1,193.0170059,212.2007847,159.4132996,159.4132519,95.18037438,0,down,-10.0317745,5.848490672,1,131,407,276,480,0.851818621,1
1,192.9918861,211.1757374,156.2931252,156.2930202,94.51163411,0,forward,-7.917448593,5.959785312,1,135,421,289,479,0.664635122,1
1,194.7084618,211.1585712,155.3545189,155.3544903,94.73466873,0,forward,-8.500022317,5.864229724,0,0,0,0,0,0,0
1,188.9943695,208.1371307,156.6669464,156.6668415,94.9546814,0,forward,-7.630676763,6.436431201,1,131,422,251,480,0.719595492,1
1,194.5601654,211.4586067,154.00383,154.0038586,94.61084604,0,forward,-8.414950657,6.45692973,0,0,0,0,0,0,0
1,193.5181618,211.2825108,156.2012291,156.2012672,93.26670766,0,forward,-8.009279841,6.611755081,1,146,413,259,479,0.6668576,1
1,193.5481262,209.3503189,154.7610474,154.7610569,93.43199134,0,forward,-7.844125101,6.269001202,1,144,393,258,480,0.898051322,1
1,194.5086098,205.2280426,157.3563576,157.3563766,93.05900931,0,forward,-7.619578459,6.087943513,1,143,386,257,480,0.881753802,1
1,192.2196007,203.3694935,159.5667458,159.5667458,94.13515925,0,forward,-5.953883348,6.327291944,1,142,376,254,480,0.893069446,1
1,192.7238846,196.0703087,159.1980362,159.1981602,95.7644105,0,forward,-3.724715159,4.923978315,1,139,398,249,479,0.82846123,1
1,194.2440987,186.6091061,158.6845207,158.6843491,96.29483223,0,forward,-0.64694214,3.652417164,0,0,0,0,0,0,0
1,194.2165184,180.2621555,147.6748466,147.6748466,96.30860686,0,forward,2.11955694,2.690021652,0,0,0,0,0,0,0
1,187.8261948,181.96661,152.3597717,152.3596001,95.33678293,0,forward,4.410122004,-5.547050566,0,0,0,0,0,0,0
1,189.6955109,184.994173,155.6043243,155.6040573,94.15655732,0,forward,3.967119824,-7.905479075,0,0,0,0,0,0,0
1,188.3280945,188.1449032,152.0548248,152.0545006,94.60244775,0,forward,3.535816505,-7.606572158,0,0,0,0,0,0,0
1,184.8578453,190.7201958,156.6011238,156.6010952,93.11887026,0,forward,1.703022486,-7.339256767,0,0,0,0,0,0,0
1,187.6554871,194.4009876,156.4477921,156.4478302,93.9350009,0,forward,0.823350008,-5.674837397,0,0,0,0,0,0,0
1,185.6066132,190.7158184,158.9479828,158.9480209,94.64992285,0,forward,2.243366475,-6.611296753,0,0,0,0,0,0,0
1,186.3855171,183.7356663,152.2317696,152.2314835,93.44727993,0,right,8.941231434,-12.60421039,0,0,0,0,0,0,1
1,183.9123535,188.2963657,145.5894089,145.5890465,95.31001449,0,forward,5.68425827,-9.759720803,0,0,0,0,0,0,0
1,181.2751198,190.9765434,146.2224388,146.22262,93.20869446,0,forward,4.610752149,-6.392794521,0,0,0,0,0,0,0
1,181.2545776,188.771553,155.8918762,155.8918476,94.4750011,0,forward,2.356180489,-2.928841461,0,0,0,0,0,0,0
1,180.4969597,189.5333576,159.6774101,159.6773529,95.70112228,0,forward,0.921276828,-1.032200725,0,0,0,0,0,0,0
1,179.4783783,191.0664082,159.9168777,159.9169064,96.047014,0,forward,-0.469570382,1.086343086,0,0,0,0,0,0,0
1,177.6459312,191.1934662,160.2755165,160.2754211,97.16273546,0,forward,-2.255736017,2.38712454,0,0,0,0,0,0,0
1,178.9998817,193.5132122,159.5064354,159.506464,96.86565995,0,forward,-1.595405048,3.076418222,0,0,0,0,0,0,0
1,178.9758492,192.3456001,164.7792244,164.7792149,96.53553963,0,forward,-0.789560289,3.595500012,0,0,0,0,0,0,0
1,179.7140503,201.1926842,161.5150452,161.5148735,95.7018435,0,forward,-3.750208407,5.092733916,0,0,0,0,0,0,0
1,184.161129,213.1579113,154.5265007,154.526453,96.10427618,0,forward,-6.489360927,6.31733145,0,0,0,0,0,0,0
1,185.6946945,205.5010986,159.5962906,159.5961285,95.4544723,0,forward,-7.74030266,5.501567292,1,133,438,249,479,0.644230962,1
1,189.8040009,205.6476688,156.4221191,156.4221096,93.31684709,0,forward,-6.238196561,6.122555194,1,143,370,255,479,0.816268861,1
1,191.8878555,202.9423714,157.8214264,157.8214073,94.18189526,0,forward,-4.508744825,5.752250623,1,136,351,251,470,0.802981794,1
1,192.1827126,202.4972248,156.8482018,156.8481731,94.32905316,0,forward,-4.294647278,6.320649024,1,90,354,223,468,0.808764577,1
1,192.1370888,202.7120876,158.1043816,158.1043339,94.50009465,0,forward,-4.3570775,6.452445246,1,99,341,226,461,0.623839498,1
1,196.0651207,202.0199203,153.6402321,153.6403656,94.78213787,0,forward,-4.511766821,6.512150359,1,121,291,235,417,0.81745398,1
1,198.7710762,205.7928085,152.9616356,152.9617023,94.09404993,1,forward,-2.856109098,7.603034301,0,0,0,0,0,0,0
1,204.0299797,205.3413677,146.3384819,146.3387489,94.20666695,1,forward,-4.420234342,7.789464469,0,0,0,0,0,0,0
1,202.437706,203.8267422,152.0623016,152.0625687,93.32557917,1,forward,-2.334883855,8.712841679,0,0,0,0,0,0,0
1,207.3467636,199.8847675,148.0657578,148.0658913,93.77809167,1,forward,-4.212489317,7.692518727,0,0,0,0,0,0,0
1,203.6091614,199.8234272,151.9720078,151.9722176,94.73702312,1,forward,-3.727206083,7.676883758,0,0,0,0,0,0,0
1,198.7764359,198.1290722,156.1961365,156.1964035,95.2537179,1,forward,-2.480751221,7.6470145,0,0,0,0,0,0,0
1,198.9488029,199.6180344,154.8607063,154.8609066,95.69534659,1,forward,-3.302462126,7.412910708,0,0,0,0,0,0,0
1,197.9507256,202.8787994,153.6137199,153.6139011,93.92378926,1,forward,-3.801277345,7.817567717,0,0,0,0,0,0,0
1,200.0572586,204.8288441,154.4121552,154.4122982,93.25296879,1,forward,-4.50296113,7.740874552,1,83,374,235,477,0.821185827,1
1,199.7916985,210.585165,153.2624626,153.2625389,94.1203475,0,forward,-5.301777727,6.276872853,0,0,0,0,0,0,0
1,196.1045647,208.1822777,155.200901,155.2009392,92.89395809,0,forward,-5.972538323,6.485489296,0,0,0,0,0,0,0
1,192.9576492,201.603899,157.5440216,157.544117,94.8230803,0,forward,-5.833018421,5.360417986,0,0,0,0,0,0,0
1,192.5496674,195.4767895,160.7097626,160.7098389,94.80127096,0,forward,-2.988381843,5.830049707,0,0,0,0,0,0,0
1,193.256321,198.9496422,155.6660652,155.6661701,95.01381516,0,forward,-1.67825246,6.810845058,0,0,0,0,0,0,0
1,190.575943,198.9136505,157.532959,157.532959,95.57185173,0,forward,-1.647807981,7.563903451,0,0,0,0,0,0,0
1,194.3108368,205.2100468,153.9243317,153.924408,94.68435645,0,forward,-3.221523692,7.723031,0,0,0,0,0,0,0
1,193.5377502,213.3883953,155.0224686,155.02244,94.55741644,0,forward,-6.417953673,6.765308678,0,0,0,0,0,0,0
2,459.0821457,-16.88238144,166.9431305,166.9428062,91.36437178,1,forward,7.647786107,0.191259993,0,0,0,0,0,0,1
2,86.4847374,228.0481625,169.8649216,169.8596191,93.60796809,1,down,-15,10,0,0,0,0,0,0,1
2,84.83095169,209.9777699,166.0642433,166.0634995,94.44355965,1,forward,-1.89172458,3.171267153,0,0,0,0,0,0,1
2,366.0850525,-26.11738443,178.5652542,178.5604477,94.73374486,1,forward,-3.128780677,9.044831692,1,254,365,415,480,0.684043944,1
2,420.891037,-22.66083956,158.5365677,158.5364628,91.39683247,0,forward,3.094334619,13.54544735,0,0,0,0,0,0,1
2,147.3989391,151.1573124,121.3321781,121.3316631,83.49422216,0,forward,7.76228005,13.08617821,0,0,0,0,0,0,1
2,468.7075424,-18.95077944,152.3012543,152.301178,86.48327589,0,forward,6.331047851,12.94517715,0,0,0,0,0,0,1
2,151.1399078,154.0652561,117.0435143,117.0419598,80.59604764,0,forward,7.845865901,13.25456335,0,0,0,0,0,0,1
2,150.2105904,159.5472336,119.4860077,119.4844723,85.67281365,0,forward,5.766036353,12.51712025,0,0,0,0,0,0,1
2,461.2880707,-23.35193396,139.1902924,139.1906118,85.00416279,0,forward,-0.122091762,11.77720519,0,0,0,0,0,0,1
2,461.3679123,-24.20000553,140.8603668,140.8606911,85.48706174,0,left,4.378583921,15.41524487,0,0,0,0,0,0,1
2,148.2570171,142.6989841,114.3142033,114.314518,90.8842504,0,left,-0.225782183,15.26153922,0,0,0,0,0,0,1
2,137.8874874,143.8354969,115.0371456,115.0372982,88.37097883,0,forward,3.608208686,12.46993077,0,0,0,0,0,0,1
1,151.0485172,146.3721943,113.3669376,113.3671761,88.48390579,0,forward,3.101846397,12.37754145,0,0,0,0,0,0,0
1,167.1075439,146.8114758,112.5172043,112.5164795,78.42854261,0,forward,-1.506564866,3.877078313,0,0,0,0,0,0,0
1,176.0422707,150.3136826,116.2694359,116.2688828,74.19075966,0,forward,3.109377581,-8.415082425,0,0,0,0,0,0,0
1,199.6403313,167.0913219,106.8242645,106.8241596,80.44404984,0,right,12.10809687,-19.28114086,0,0,0,0,0,0,1
1,236.2215805,169.1620445,111.3064957,111.3063526,79.76108193,0,down,-15,10,0,0,0,0,0,0,1
1,235.127697,170.2141285,110.8196831,110.8194923,78.91895175,0,down,-15,10,0,0,0,0,0,0,1
1,228.1760979,170.2035999,113.6916542,113.691473,76.99171901,0,down,-15,10,0,0,0,0,0,0,1
1,223.9098549,172.6366138,115.9100914,115.909996,74.22379255,0,right,11.14140785,-17.60082564,0,0,0,0,0,0,1
1,212.3896599,165.4274082,116.2047386,116.2043381,75.81608891,0,right,11.23091449,-13.14473713,0,0,0,0,0,0,1
1,169.6877289,153.7396145,112.265873,112.2658253,81.70660734,0,forward,-0.597663192,4.474135774,0,0,0,0,0,0,0
1,149.5767021,160.935688,105.9407043,105.9412193,68.74700785,0,forward,-1.05403062,-4.886819105,0,0,0,0,0,0,0
1,167.5052643,154.6169186,111.1955833,111.195488,82.01922178,0,forward,2.123439979,10.75521624,0,0,0,0,0,0,0
1,194.9164581,160.2253819,109.0420151,109.041853,81.35462403,0,right,14.41642111,-10.18123748,0,0,0,0,0,0,1
1,168.2319641,176.9045162,116.3291359,116.3275909,69.32785511,0,down,-15,10,0,0,0,0,0,0,1
1,174.9379349,188.6563969,116.6012955,116.6009331,67.77949333,1,forward,-7.031632709,9.100385583,0,0,0,0,0,0,0
1,176.6308212,164.9662971,109.3452835,109.345293,87.7252996,1,forward,5.656827699,12.20774078,0,0,0,0,0,0,0
1,183.049984,170.2531815,110.204792,110.2045441,82.3674798,1,forward,3.521372413,8.183267505,0,0,0,0,0,0,0
1,176.1818314,166.8936825,113.5075951,113.5065651,72.44282961,1,forward,3.43341521,6.467024498,0,0,0,0,0,0,0
1,180.7974815,173.9109993,105.8731461,105.8730984,81.73282146,0,forward,3.754931102,4.817485059,0,0,0,0,0,0,0
1,182.5811386,170.1234055,107.1739578,107.1738052,79.77023125,0,forward,3.429333942,3.650411685,0,0,0,0,0,0,0
1,230.3870964,180.4206276,115.3844261,115.3842258,78.22691798,0,forward,6.224359221,7.632471272,0,0,0,0,0,0,0
1,234.9596214,183.8521099,111.2961769,111.2957096,63.15318346,0,forward,6.401626604,8.435626186,0,0,0,0,0,0,0
1,192.9168129,210.6698799,108.7435532,108.7424183,72.97210693,0,forward,5.92459108,13.65851231,0,0,0,0,0,0,0
1,138.1459618,172.3235893,120.1483536,120.1486874,71.46356702,0,down,-15,10,0,0,0,0,0,0,1
1,152.5824165,181.7955494,112.8000259,112.8000641,69.75144148,1,down,-15,10,0,0,0,0,0,0,1
1,187.4766731,240.6618404,136.5920448,136.5903568,50.49698353,1,down,-15,10,0,0,0,0,0,0,1
1,165.2525902,204.7280788,123.7612915,123.7593555,65.12312889,0,down,-15,10,0,0,0,0,0,0,1
1,174.8287201,173.6008644,116.269474,116.2698269,89.46819901,0,forward,8.948091551,8.606385187,0,0,0,0,0,0,0
1,176.6565704,170.4955959,118.4894562,118.489666,88.46664429,0,forward,11.1507061,8.503293183,0,0,0,0,0,0,0
1,185.2399254,221.4050388,131.4457512,131.4434624,69.45871711,0,down,-15,10,0,0,0,0,0,0,1
2,237.2268486,204.2164135,113.0795479,113.0787849,59.03207064,0,forward,7.648596567,-0.194253012,0,0,0,0,0,0,1
1,177.0430565,219.691143,158.3211327,158.317194,63.65218759,0,forward,9.058351341,-0.512857128,0,0,0,0,0,0,0
2,154.7254944,182.2560024,111.8888474,111.8891144,80.86445332,0,forward,10.40585611,0.916315321,0,0,0,0,0,0,1
2,179.5839691,219.866066,123.9860153,123.9853764,64.48380351,0,forward,9.083704246,0.795849362,0,0,0,0,0,0,1
1,521.5062332,9.703066349,144.7742081,144.7740841,68.32029223,0,forward,10.71877888,1.289645151,0,0,0,0,0,0,0
2,180.7129097,192.2077274,108.0741882,108.0734825,81.51241541,0,forward,11.4332521,1.178869318,0,0,0,0,0,0,1
2,184.4726753,187.1413136,113.1308365,113.1310272,86.16256118,0,forward,10.2849974,3.347338838,0,0,0,0,0,0,1
2,464.3544006,-13.11616659,198.7472534,198.7372971,81.79937601,0,forward,7.403818846,5.673008582,0,0,0,0,0,0,1
0,0,0,0,0,0,0,down,-15,10,0,0,0,0,0,0,1
2,477.466774,-29.79573369,186.7037582,186.6987848,80.81697226,0,forward,2.959766775,-0.561397622,0,0,0,0,0,0,1
1,454.0991592,-22.15496063,161.5794373,161.5792465,89.26139474,2,forward,9.049186577,-0.233627854,0,0,0,0,0,0,0
2,438.7804031,-21.03629708,166.042366,166.0422993,88.66361976,1,forward,7.919897779,-0.051058531,0,0,0,0,0,0,1
1,440.9860229,-18.75570059,167.2739792,167.2709656,91.61612391,1,forward,8.509822395,0.818901717,1,71,237,281,349,0.767074704,1
2,403.7804794,-11.49295092,154.5795441,154.5795822,79.41393852,2,forward,13.2641179,13.7457078,1,87,274,282,368,0.803472042,1
1,428.7527847,-21.57282114,160.7581329,160.7581329,83.98405313,2,forward,9.718859939,7.768432989,0,0,0,0,0,0,0
2,443.0281067,-18.77075672,161.4215469,161.421504,90.8519268,1,forward,7.663893736,1.38485316,1,50,85,155,258,0.722261846,1
2,437.9259491,-20.82813978,170.8261108,170.8234119,93.18852425,2,forward,7.321322288,0.421902377,0,0,0,0,0,0,1
2,435.5316162,-20.81026554,170.8448792,170.8419657,90.53543806,2,forward,8.332735428,0.48724216,0,0,0,0,0,0,1
2,436.4888763,-19.66468334,168.2875443,168.2873869,91.71895981,2,forward,8.026300665,0.344114588,0,0,0,0,0,0,1
2,432.5379562,-23.46960783,173.951683,173.9482784,91.20848775,0,forward,7.574361142,0.400291837,0,0,0,0,0,0,1
2,434.5810318,-15.42259455,165.5342865,165.5342674,91.12407565,2,forward,7.486256573,0.780875499,0,0,0,0,0,0,1
2,431.0204697,-18.22232008,167.4694443,167.4693203,91.90666676,2,forward,7.948809905,0.966477835,0,0,0,0,0,0,1
2,436.3466263,-16.48647308,167.6143265,167.611227,90.19009471,1,forward,8.105222674,0.671338821,0,0,0,0,0,0,1
2,436.882515,-14.54639912,163.9801025,163.9800596,90.32883644,2,forward,7.684514697,0.979217595,0,0,0,0,0,0,1
1,437.9217529,-14.18558836,163.6435699,163.6435318,91.24544263,1,forward,8.501176339,1.076442794,0,0,0,0,0,0,0
1,436.0139847,-14.28206921,164.6499252,164.6499109,89.61952329,1,forward,8.856014813,1.216340044,1,153,122,252,306,0.86240381,1
1,432.8149414,-16.92754984,165.8943939,165.8942986,91.14938378,1,forward,8.027671937,1.295790902,1,187,128,293,324,0.723210692,1
1,416.7523193,-8.604547977,145.2630615,145.2629185,67.26173759,2,left,12.65422202,17.29551554,0,0,0,0,0,0,1
1,441.0586548,-11.34298325,156.7163467,156.7162228,85.97632647,2,forward,10.19455627,6.920340253,0,0,0,0,0,0,0
1,439.8539734,-21.66110516,170.3755951,170.3727579,92.39993691,2,forward,7.403744273,-0.56325131,0,0,0,0,0,0,0
1,440.2469635,-20.62798977,170.5881119,170.5845594,92.4329102,2,forward,8.574199528,0.258257247,0,0,0,0,0,0,0
1,440.4351425,-19.69068289,176.1519241,176.1474323,91.4427042,0,forward,8.025481263,0.893567689,1,137,244,265,393,0.882414162,1
1,437.9668808,-18.63744736,180.6869125,180.6795502,91.53117537,0,forward,6.987156319,0.773422917,0,0,0,0,0,0,0
1,438.144989,-19.19211388,179.4272995,179.4225883,90.75371027,0,forward,7.144918137,0.685354212,1,153,350,275,460,0.641337752,1
1,442.6823044,-15.05797148,168.3043671,168.3012199,92.29879975,0,forward,8.435451331,0.229353097,0,0,0,0,0,0,0
1,443.3246231,-13.16709995,164.5807648,164.5805883,92.46371984,0,forward,8.121896809,0.596415552,1,157,215,279,389,0.756150126,1
2,436.7319489,-13.33168745,173.2043457,173.2004642,89.31336999,1,forward,7.439802121,1.72263901,0,0,0,0,0,0,1
2,440.1113129,-12.58875132,171.9179153,171.9147778,92.15657115,1,forward,7.639662601,1.568303972,1,165,326,306,449,0.758550644,1
2,441.456604,-10.2251029,169.5067596,169.5066261,90.920645,0,forward,7.536135278,1.106189906,1,187,340,313,446,0.872072518,1
2,440.9372711,-17.82379389,173.5170364,173.5138893,93.41832995,0,forward,7.347689892,0.823166235,1,207,326,314,439,0.848701835,1
2,437.0299149,-21.35307312,181.6431808,181.6381645,93.40834022,0,forward,7.720386973,1.137219145,1,228,306,331,434,0.894541264,1
2,438.8267899,-20.20542383,177.9613495,177.956686,93.1596458,1,forward,7.581175055,1.069099832,0,0,0,0,0,0,1
2,439.3667221,-19.21676874,177.1977997,177.1927643,92.79100895,1,forward,7.247564216,0.991938257,0,0,0,0,0,0,1
2,442.3551559,-16.49625778,172.8901672,172.8860378,92.70778894,1,forward,7.398145003,1.176669631,0,0,0,0,0,0,1
1,441.1425018,-17.85899878,174.7182465,174.7140884,94.12534833,1,forward,7.425464621,1.386278075,1,236,388,420,479,0.618466258,1
2,441.1978149,-14.96502399,172.2141266,172.2108221,91.63151979,2,forward,8.273028158,2.082123449,1,57,238,190,433,0.876857042,1
2,437.4279404,-21.01012945,184.9295807,184.9207306,89.79478478,2,forward,8.009838532,1.581908606,1,229,406,404,477,0.676074982,1
1,439.806633,-20.33097267,178.1462097,178.1411076,91.38310552,1,forward,7.922009921,1.565531271,1,155,213,262,385,0.615743518,1
1,444.5152283,-16.64533138,171.9464874,171.942544,92.45993495,0,forward,8.464420018,1.566498214,0,0,0,0,0,0,0
1,444.7105408,-15.43817282,169.1714859,169.1676521,92.07653403,0,forward,8.749673087,1.234286158,0,0,0,0,0,0,0
1,446.2528229,-14.36155558,164.8305893,164.8303986,92.43639112,0,forward,8.872935387,0.883563939,0,0,0,0,0,0,0
2,446.2593842,-17.04270601,167.3865891,167.3832607,92.64309406,2,forward,10.69460427,0.865440472,0,0,0,0,0,0,1
1,447.5521088,-15.28972149,164.3378448,164.3376017,93.42780709,1,forward,9.397099753,1.439914012,0,0,0,0,0,0,0
2,447.2790909,-14.98963594,162.5447083,162.5446129,92.02690125,2,forward,9.188735614,1.033742866,0,0,0,0,0,0,1
1,216.4950752,257.9744339,166.2848854,166.2845707,97.20209837,0,forward,5.492100652,8.358733971,0,0,0,0,0,0,0
1,236.2521172,257.799654,166.3203239,166.320076,97.89355993,0,forward,2.313357078,11.03740264,0,0,0,0,0,0,0
1,245.9549332,263.1715393,158.9884186,158.9882183,97.97738194,0,forward,2.334910659,10.57603456,0,0,0,0,0,0,0
1,244.7170639,260.8977985,167.4465561,167.4432564,98.05390835,0,forward,1.920100806,8.236433602,0,0,0,0,0,0,0
1,248.4886932,262.9408264,165.3366089,165.3361416,97.86530733,0,forward,1.548393302,7.988326762,0,0,0,0,0,0,0
1,246.6516685,271.0019588,171.2138557,171.2101364,97.88801074,0,forward,-0.648560766,8.494059642,0,0,0,0,0,0,0
1,232.0781326,274.4933796,180.5817795,180.5740929,96.99475765,0,forward,-2.438424863,7.423421877,0,0,0,0,0,0,0
1,254.3699455,271.2943268,169.4598579,169.4566441,96.26738429,0,forward,1.577083305,1.191752897,0,0,0,0,0,0,0
1,250.7357788,263.4136963,168.6783981,168.675127,97.39937782,0,forward,1.383180993,6.277575485,0,0,0,0,0,0,0
1,246.6670418,260.2088928,166.7667198,166.7634487,97.26426601,0,forward,2.306585019,7.173737443,0,0,0,0,0,0,0
1,248.093853,263.3867741,162.1093178,162.1090508,97.73896337,0,forward,3.083345354,7.576125447,0,0,0,0,0,0,0
1,244.5488167,261.1231899,163.371563,163.3714485,97.88587689,0,forward,3.308701415,7.780218009,0,0,0,0,0,0,0
1,261.8551636,259.5941162,158.3373642,158.3371639,97.30955362,0,forward,3.826382259,6.024553382,0,0,0,0,0,0,0
1,281.4672279,261.64258,158.6391258,158.6390877,97.28918076,1,forward,6.233777607,4.605139968,0,0,0,0,0,0,0
1,294.6795845,261.4482021,159.2001152,159.199791,97.7504015,1,forward,7.23352235,-1.333479574,0,0,0,0,0,0,0
1,305.4981613,263.1051636,156.1939621,156.1936855,96.61824703,1,forward,7.629444135,2.143584926,0,0,0,0,0,0,0
1,304.1849327,260.3817272,160.565052,160.5649567,93.68772507,1,forward,4.846530867,3.280225105,0,0,0,0,0,0,0
1,297.0867157,259.4252014,166.4551926,166.4550304,95.4498589,1,forward,3.544466781,4.824444179,0,0,0,0,0,0,0
1,299.9313545,261.621666,164.0662575,164.0659618,96.65135741,1,forward,3.908253658,2.509826081,0,0,0,0,0,0,0
1,297.8097725,263.6056995,163.142643,163.142395,96.03580832,1,forward,3.032642557,4.83561297,0,0,0,0,0,0,0
1,294.5432091,264.1632557,157.0864677,157.0860672,96.0344255,1,forward,2.3392592,6.310486946,0,0,0,0,0,0,0
1,284.8754692,261.38978,157.2963905,157.2963524,95.87150216,1,forward,6.269993028,7.529221371,0,0,0,0,0,0,0
1,244.9298286,253.5740662,161.8664742,161.8664646,97.45484591,0,forward,5.51211579,11.88058751,0,0,0,0,0,0,0
1,189.3760872,258.6480618,167.7716255,167.768898,96.95964456,1,left,4.47838042,15.21124373,0,0,0,0,0,0,1
1,170.5828857,264.8992825,158.0383301,158.0381584,96.09650373,1,forward,5.554885297,12.58333815,0,0,0,0,0,0,0
1,171.0767555,265.7995892,156.7065239,156.706295,96.410954,2,forward,4.793476236,7.073389514,0,0,0,0,0,0,0
1,175.6092072,268.5363007,154.1997147,154.1995525,94.57284808,2,forward,4.884016769,5.427959355,0,0,0,0,0,0,0
1,177.0501137,269.8537445,155.8973122,155.8971691,95.93269229,2,forward,3.839933885,5.304077229,0,0,0,0,0,0,0
1,177.1104622,269.5756531,157.5271034,157.5269222,95.79773545,1,forward,2.934266664,5.350398746,0,0,0,0,0,0,0
1,182.2625923,270.2854443,156.6083717,156.6083336,94.6827352,1,forward,2.115387769,5.138935031,0,0,0,0,0,0,0
1,186.0574532,271.4435291,157.8272057,157.8272438,95.47106624,1,forward,3.368163705,4.536361879,0,0,0,0,0,0,0
1,185.2951431,271.4367771,159.6339798,159.6339798,95.44526339,1,forward,2.689041477,4.832078322,0,0,0,0,0,0,0
1,182.3986053,273.3196735,160.9173965,160.9174347,95.83153725,0,forward,3.307327319,2.697692041,0,0,0,0,0,0,0
1,189.0409088,271.5800858,167.4752045,167.4718952,96.94036245,0,forward,3.277230838,11.44360011,0,0,0,0,0,0,0
1,199.9430847,275.2968979,154.1704559,154.1707134,91.23603702,0,left,13.48438095,16.59009249,0,0,0,0,0,0,1
1,200.9891701,272.8503513,152.5347328,152.5350952,92.93863773,0,left,9.042923709,19.27504557,0,0,0,0,0,0,1
1,198.9248466,275.5220318,151.4150429,151.4153481,93.22277904,0,left,7.476193867,16.86840448,0,0,0,0,0,0,1
1,199.5137596,276.857872,149.6692467,149.6696377,93.40637326,0,left,5.60252387,18.06928881,0,0,0,0,0,0,1
1,238.2405853,277.5367641,162.6477814,162.647953,95.94446421,0,forward,-5.425738743,6.161806016,0,0,0,0,0,0,0
1,244.6151352,278.3985901,154.892807,154.8930073,96.18251324,0,right,2.740859815,-13.41191416,0,0,0,0,0,0,1
1,242.0389366,279.6888256,151.0219002,151.0220718,97.3370254,0,forward,6.107239718,-9.12724559,0,0,0,0,0,0,0
1,244.1176796,275.9517574,151.4138222,151.414032,97.57971168,0,forward,6.438132864,-9.460010216,0,0,0,0,0,0,0
1,243.1487846,276.6627789,151.4747429,151.4751434,97.35703468,0,right,5.221856988,-10.05017733,0,0,0,0,0,0,1
1,241.7480659,275.0576878,154.0593147,154.0595055,97.45494723,0,right,4.620011448,-11.73686044,0,0,0,0,0,0,1
1,228.9046097,271.4530563,163.0630493,163.0631161,96.71720266,0,forward,2.821277894,-5.419836597,0,0,0,0,0,0,0
1,223.0009651,263.1080532,159.5750618,159.5748138,96.30460739,0,forward,5.020146676,4.753255774,0,0,0,0,0,0,0
1,252.5099373,262.1990204,153.0073357,153.0073071,97.54963517,0,forward,6.631323968,5.182167135,0,0,0,0,0,0,0
1,278.1301117,262.2992992,158.1972504,158.1972885,96.21068835,0,forward,6.146113179,0.666519106,0,0,0,0,0,0,0
1,290.7574844,264.9557018,149.993782,149.9938202,97.23911285,1,forward,6.734336825,0.312536306,0,0,0,0,0,0,0
1,299.4900894,268.0563354,152.091217,152.0912647,97.38251567,1,forward,7.565649454,-1.048861724,0,0,0,0,0,0,0
1,299.1179848,264.1505814,153.592968,153.5927296,96.54140472,1,forward,6.298822561,2.647225218,0,0,0,0,0,0,0
1,294.9306488,265.9610367,151.3825989,151.3825893,97.39470482,1,forward,4.189237611,5.077793537,0,0,0,0,0,0,0
1,294.2938042,265.303545,152.9258919,152.9259682,97.33106494,1,forward,4.42521159,4.116935722,0,0,0,0,0,0,0
1,283.1449699,261.8666553,148.7206841,148.7206078,95.41112185,0,left,6.321365315,15.64770416,0,0,0,0,0,0,1
1,276.8156815,252.6678944,150.1554871,150.155468,95.46977282,0,left,8.358195567,17.13130898,0,0,0,0,0,0,1
1,231.0898399,260.5057812,142.6275063,142.6275444,97.7099359,0,forward,-2.042276128,7.695844306,0,0,0,0,0,0,0
1,230.1767731,271.1515045,147.3740768,147.3741817,96.55453563,0,left,8.341741664,15.24604436,0,0,0,0,0,0,1
1,245.62397,279.4976521,156.4711761,156.4714622,97.08996415,0,forward,-0.313835317,9.731079015,0,0,0,0,0,0,0
1,243.2091331,279.6900558,155.166111,155.1664639,94.72807646,0,forward,-0.505903802,9.794440284,0,0,0,0,0,0,0
1,253.6148453,278.8962078,144.0190506,144.019146,94.33832169,0,forward,-1.055168444,10.53743564,0,0,0,0,0,0,0
1,255.3898048,287.4581623,134.3078423,134.3081474,93.04422736,0,forward,-3.147399617,12.06627543,1,234,343,339,468,0.834164321,1
1,272.8903008,289.8460007,116.8476677,116.847868,97.00832963,0,forward,5.692603825,12.9893113,1,234,342,339,452,0.838200033,1
1,268.2415962,292.7107143,121.6439629,121.6441154,95.39870024,0,forward,4.039003425,12.29302382,1,232,350,334,455,0.694738209,1
1,270.0013351,290.0762272,123.8940048,123.8941383,95.96188664,0,forward,0.637685588,10.98627452,1,229,349,334,453,0.773188114,1
1,280.6436348,288.0987453,128.1629372,128.1631851,95.68274617,0,forward,0.300312703,11.01029861,1,229,342,335,455,0.803429842,1
1,281.1514854,288.8456726,127.6530647,127.653265,95.46993375,0,forward,1.526716964,9.085171938,1,229,343,335,457,0.809805155,1
1,280.7231522,288.3829021,130.5807114,130.5809784,94.00709271,0,forward,1.100535858,11.04887181,1,229,344,333,453,0.847816288,1
1,272.8805733,293.387146,125.6884575,125.6885433,94.81615424,0,forward,2.240383153,14.67934598,1,227,347,332,460,0.847853243,1
1,270.8623695,290.0273895,130.215435,130.2154827,95.17226219,0,forward,1.093012766,13.13500359,1,226,348,333,462,0.854578257,1
1,269.5022011,289.9141788,130.9864998,130.9866714,95.28467059,0,forward,0.919929882,13.12573643,1,226,350,332,465,0.837575018,1
1,267.0877838,287.6430988,134.3577576,134.357872,94.98254657,0,forward,-1.115302404,13.56487857,1,226,349,332,468,0.856066167,1
1,270.0168228,289.1777802,132.3919678,132.3920918,94.68724132,0,forward,-1.544594236,12.24971443,1,219,355,326,467,0.842791915,1
1,271.571846,291.2319088,129.4026184,129.4028091,94.78193521,0,forward,0.724129872,11.89384273,1,220,354,327,469,0.845540762,1
1,266.6991806,292.4995136,131.9682693,131.9684029,93.08742881,0,forward,0.041263953,12.83875755,1,220,355,326,466,0.851283252,1
1,262.356987,293.6032104,131.1094666,131.1098385,91.07200503,0,forward,0.944140815,12.73434717,1,221,356,329,467,0.848141432,1
1,265.5201912,293.7688351,128.9283562,128.9285088,93.32543612,0,forward,-0.271742995,12.75285422,1,223,356,328,467,0.855861247,1
1,268.1288719,294.8468113,125.9265327,125.9267235,94.38977242,0,forward,-0.492744204,12.71183087,1,222,356,329,468,0.86065197,1
1,264.6082878,294.0115356,128.5014915,128.5017872,93.1747973,0,forward,-1.301363746,11.86490704,1,221,356,327,467,0.862293601,1
1,262.6917267,294.3220139,129.5207977,129.5210552,92.89579988,0,forward,-0.763813795,12.19524387,1,221,357,327,470,0.794029236,1
1,263.5497856,295.2826023,129.687748,129.6881104,95.27398944,0,forward,0.620805612,11.73208205,1,218,360,328,473,0.843566239,1
1,271.0772133,289.7521591,134.3339348,134.3340969,95.63062787,0,forward,4.06240614,9.075491143,0,0,0,0,0,0,0
1,252.8137779,273.971014,151.0598183,151.0601807,97.7442503,0,forward,3.174156215,8.663194648,0,0,0,0,0,0,0
1,230.0840759,262.0276737,157.4526978,157.4525642,97.15873003,0,forward,3.42214869,9.010876529,0,0,0,0,0,0,0
1,219.6866226,267.3682308,162.9165649,162.9164886,97.15316296,0,forward,0.87879061,7.445341235,0,0,0,0,0,0,0
1,218.6303139,260.3564072,176.296711,176.2932873,97.08160758,0,forward,1.646059196,6.836170473,0,0,0,0,0,0,0
1,231.7488861,260.0586605,170.3246307,170.3246498,97.57592082,0,forward,0.753329946,6.809752092,0,0,0,0,0,0,0
1,224.8388481,258.2684326,174.658947,174.6587276,96.75250053,0,forward,1.821753679,7.957711081,0,0,0,0,0,0,0
1,223.4150696,259.7404003,176.4705658,176.4668655,96.60711288,0,forward,1.404436375,7.409637675,0,0,0,0,0,0,0
1,222.3311424,260.213213,177.5335884,177.5291061,96.55525684,0,forward,1.16082039,7.686427886,0,0,0,0,0,0,0
1,221.7289925,261.4130688,176.240406,176.236496,96.54397964,0,forward,0.887465598,8.005994084,0,0,0,0,0,0,0
1,220.1977348,260.1230907,177.4667931,177.4629593,95.89374065,0,forward,1.081602947,7.516105707,0,0,0,0,0,0,0
1,219.2802429,260.8609772,172.6973343,172.6933765,96.15927339,0,forward,2.722917359,12.31482744,0,0,0,0,0,0,0
1,203.2139397,273.4759998,153.1626701,153.1629753,94.30243373,0,forward,10.52605331,13.13890781,0,0,0,0,0,0,0
1,204.1735077,271.4758301,155.4363632,155.4363728,93.7301755,0,left,8.565640677,17.02934035,0,0,0,0,0,0,1
1,204.7839737,274.3566799,152.3260117,152.326355,93.30072999,0,left,7.723942388,18.2050216,0,0,0,0,0,0,1
1,204.1324234,271.1688137,155.7590866,155.7591248,93.79258156,0,left,7.454544805,17.53647302,0,0,0,0,0,0,1
1,203.0614281,271.3954067,156.4135933,156.4135551,94.86833215,0,left,6.483782686,17.62902531,0,0,0,0,0,0,1
1,201.4045143,272.6542282,154.2991066,154.2991734,93.79583597,0,left,6.381673381,17.80785925,0,0,0,0,0,0,1
1,212.5302887,270.0102997,166.3093948,166.3059139,96.40317559,0,forward,2.390199931,12.13617941,0,0,0,0,0,0,0
1,241.713028,274.4366741,163.7166595,163.716774,96.24844193,0,forward,-0.322962871,-4.019205255,0,0,0,0,0,0,0
1,251.5390396,276.5552902,153.0964661,153.0966282,96.36952877,0,right,3.159170671,-10.6600864,0,0,0,0,0,0,1
1,250.0771904,275.0456715,154.3782997,154.3784523,96.77004218,0,right,4.10314248,-10.44091025,0,0,0,0,0,0,1
1,248.5189438,275.7522869,155.7252502,155.7253647,96.32509947,0,forward,3.545411783,-9.760807315,0,0,0,0,0,0,0
1,250.4527283,276.3709545,154.158783,154.1590691,96.73023224,0,forward,3.237208944,-9.69296545,0,0,0,0,0,0,0
1,248.6971664,275.7923985,156.7333603,156.7334747,96.23265266,0,forward,3.468911155,-9.193443357,0,0,0,0,0,0,0
1,249.357605,275.4285908,157.0798874,157.0801163,95.74536085,0,right,3.316387174,-10.38696702,0,0,0,0,0,0,1
1,241.0585022,274.4777012,163.5235596,163.5238838,96.45497203,0,forward,-0.783613165,-4.690740912,0,0,0,0,0,0,0
1,222.0460701,265.587244,177.7015114,177.7012825,96.13146186,0,forward,-2.630494213,6.416102823,0,0,0,0,0,0,0
1,219.5695114,263.3835983,176.4830017,176.4795971,96.65641189,0,forward,-2.069801268,5.188914815,0,0,0,0,0,0,0
1,218.4827042,271.1550522,175.7965088,175.7929516,96.80640697,0,forward,-3.719112726,6.68243072,0,0,0,0,0,0,0
1,216.3910866,296.0764217,175.7445335,175.739994,97.56341577,0,down,-14.17898985,5.47747955,0,0,0,0,0,0,1
1,225.0447464,313.4258652,163.6307907,163.6294842,94.61748004,0,down,-16.74341441,4.27803899,0,0,0,0,0,0,1
1,224.2347717,314.7450542,162.9386902,162.9375458,94.51248646,0,down,-15.2246233,4.90304577,0,0,0,0,0,0,1
1,221.8935204,311.5681744,166.8447304,166.84021,94.97699738,0,down,-15.21136965,5.205447458,0,0,0,0,0,0,1
1,214.8925781,258.2761002,180.9484863,180.9437084,96.22477293,0,forward,-3.023895428,7.199892805,0,0,0,0,0,0,0
1,236.7585373,253.7951374,139.9751663,139.9751472,94.11454201,0,down,-15,10,0,0,0,0,0,0,1
1,236.592865,252.1977139,140.5117035,140.5117607,94.05677915,0,forward,17.64644053,9.667812918,0,0,0,0,0,0,0
1,237.5570679,253.6520004,140.0167847,140.0167751,93.89985204,0,forward,17.47486637,7.69498057,0,0,0,0,0,0,0
1,237.8125572,253.9105511,143.095417,143.0954075,94.89762187,0,forward,17.13205795,9.046682544,0,0,0,0,0,0,0
1,237.1937561,261.5898228,147.8059769,147.8059387,95.7778275,0,forward,15.4216458,8.162878857,0,0,0,0,0,0,0
1,223.8237381,263.302803,169.0240479,169.0238857,97.01630473,0,forward,3.248070081,7.265576211,0,0,0,0,0,0,0
1,220.2215385,264.4622898,176.6158104,176.6119194,95.37587762,0,forward,2.340287359,7.105897793,0,0,0,0,0,0,0
1,220.6574821,264.7876453,174.0910149,174.0877533,95.72507739,0,forward,1.687181055,6.407295634,0,0,0,0,0,0,0
1,219.8592186,264.5436001,172.7706718,172.7672768,95.92339396,0,forward,2.594768897,6.416956009,0,0,0,0,0,0,0
1,219.9983025,263.202095,175.5762672,175.5725384,95.69011331,0,forward,2.772375234,6.869268085,0,0,0,0,0,0,0
1,218.4630394,260.6110668,176.9979286,176.9942093,96.26985788,0,forward,2.141473495,6.865877552,0,0,0,0,0,0,0
1,218.3669662,262.0020676,175.4376221,175.4338932,96.26452327,0,forward,1.574448684,6.990764527,0,0,0,0,0,0,0
1,218.8836861,262.4601746,174.9407387,174.9372768,96.37807608,0,forward,1.999382765,7.203213129,0,0,0,0,0,0,0
1,219.2837143,262.9662323,175.3703308,175.3668308,96.54719234,0,forward,2.932204546,7.154576177,0,0,0,0,0,0,0
1,218.4758949,262.4872112,174.4449043,174.4411469,96.24816775,0,forward,2.895986745,7.399180842,0,0,0,0,0,0,0
1,224.030838,267.477951,167.6993179,167.6993465,96.19070888,0,forward,2.40542346,6.41175355,0,0,0,0,0,0,0
1,223.7379265,265.6316757,168.3148384,168.3146954,95.77867985,0,forward,0.886009734,5.861951613,0,0,0,0,0,0,0
1,221.7983055,263.4210205,172.9658318,172.9655743,95.33215165,0,forward,2.214323999,6.420636328,0,0,0,0,0,0,0
1,217.8171921,263.8781261,173.8317871,173.8282013,96.49485946,0,forward,2.347952196,8.115794059,0,0,0,0,0,0,0
1,220.7644463,266.324358,165.3904915,165.3901291,96.84770107,0,forward,2.514312964,9.366118633,0,0,0,0,0,0,0
1,237.7832794,267.1004963,163.9497375,163.9497185,97.67682552,0,forward,2.138250871,7.917122133,0,0,0,0,0,0,0
1,250.2963448,275.2314663,165.9228706,165.9194756,97.82173634,0,forward,-4.191602126,8.527614209,0,0,0,0,0,0,0
1,244.5866966,281.7666721,155.2961159,155.2964401,96.58970237,0,forward,0.63142062,8.840296432,0,0,0,0,0,0,0
1,255.7523346,296.7294216,122.5889206,122.5891113,93.52560639,0,forward,-3.009477929,7.694125269,1,239,359,348,478,0.812162817,1
1,274.7905731,286.3314342,118.6691284,118.6695671,95.93890309,0,forward,4.737677115,10.44290165,1,248,348,348,472,0.749855816,1
1,261.9632149,292.4155426,125.4286766,125.4289913,94.61181164,0,forward,2.292942257,9.435825191,1,242,354,341,474,0.771243095,1
1,267.7807808,298.4011745,113.8170815,113.8172722,95.09183764,0,forward,1.724705918,9.154595087,1,241,352,339,472,0.843651414,1
1,264.7101021,298.6470509,116.2412834,116.2414742,93.40150952,0,forward,2.727565805,8.611175671,1,243,354,340,471,0.720638573,1
1,261.9407463,299.7633362,118.6959267,118.6962032,92.52621531,0,forward,4.754213715,8.744920333,1,239,358,342,471,0.64547807,1
1,265.3288269,298.6477375,117.2754288,117.2756767,93.99456382,0,forward,3.179672958,8.997926823,0,0,0,0,0,0,0
1,277.2459412,310.1391506,123.451767,123.451767,96.52559757,1,forward,-7.754986817,10.03573694,1,195,360,299,480,0.83343184,1
1,271.0054016,299.7942352,128.0825806,128.0827618,93.72149706,1,forward,-4.66170803,12.69927909,1,197,355,302,480,0.797161996,1
1,255.5342484,297.5177479,129.0706635,129.0709305,91.06278419,0,forward,-1.741888932,11.64747535,1,195,354,302,480,0.825282276,1
1,255.3598213,299.385767,125.7678032,125.7680511,93.18438172,0,forward,-1.87160671,11.0719988,1,198,355,304,480,0.841672599,1
1,256.3764954,299.5477295,123.3689499,123.3691692,93.59135628,0,forward,-2.033729825,11.13137301,1,197,356,302,480,0.862961411,1
1,247.1056366,299.9930191,134.5950317,134.5950222,96.99620605,0,forward,1.821299803,10.04013864,0,0,0,0,0,0,0
1,245.9090042,297.8118896,134.3741989,134.3741512,96.31262422,0,forward,0.469887237,10.90149428,1,171,369,286,480,0.757553816,1
1,248.3797073,299.0086842,130.6572723,130.6572533,95.94362378,0,forward,0.175448413,11.49999351,1,177,371,288,480,0.861518025,1
1,246.6468239,298.9615631,130.4667091,130.4667377,96.14816308,0,forward,-0.324923307,11.45527112,1,176,373,287,480,0.859871745,1
1,249.6994209,300.9840488,127.2369957,127.2371292,96.41091824,0,forward,0.480713823,10.96616688,1,175,375,289,480,0.863294959,1
1,246.5591812,301.062355,132.0279312,132.0278835,96.72643542,0,forward,0.321412073,10.81007686,1,175,376,289,480,0.849621177,1
1,248.4846878,299.8547745,129.5904922,129.5904636,96.29743099,0,forward,-0.702192929,11.16754542,1,171,375,290,480,0.777764976,1
1,246.8727875,300.0517273,133.8019562,133.8020611,96.26682997,0,forward,0.39590282,11.27620734,1,175,374,291,480,0.859858453,1
1,246.8507195,299.6092129,132.6158333,132.6158524,95.97759843,0,forward,-1.478377672,11.78797973,1,186,375,296,480,0.888061583,1
1,250.8309937,302.0858002,125.2722931,125.2723217,95.36771178,0,forward,-1.054381898,10.72816923,1,198,366,307,480,0.890579343,1
1,250.1695061,301.2820816,127.0699883,127.0699596,96.11134529,0,forward,0.195346345,9.662811487,1,196,370,304,480,0.885503352,1
1,251.4892387,300.4670334,127.0348167,127.0349407,95.25516629,0,forward,-2.043878114,10.51841739,1,198,364,306,480,0.890434921,1
1,252.24123,300.6796646,125.5389595,125.5390263,93.29844713,0,forward,-1.776813032,10.78136343,1,198,360,306,480,0.88697505,1
1,252.6332474,301.3455963,125.0230026,125.0230694,93.8113153,0,forward,-3.475969361,11.10817222,1,199,362,306,480,0.889059901,1
1,252.9803276,301.7036819,123.6761284,123.676157,93.32650304,0,forward,-1.26639514,10.67263805,1,199,363,305,480,0.895764053,1
1,249.910984,301.0212708,126.8505669,126.8506336,93.94761324,0,forward,0.073837725,10.00338748,1,199,365,306,480,0.888891757,1
1,249.5274925,299.6959591,130.1854134,130.1854706,94.89885569,0,forward,-3.643988258,10.94376272,1,199,371,306,480,0.85841608,1
1,245.3416634,301.9798279,135.3111839,135.311079,95.86443901,0,forward,-3.322532603,10.54308895,1,197,371,305,480,0.884600282,1
1,247.8442764,303.0403233,130.5467606,130.5467033,95.83572149,0,forward,-1.944311835,9.885905952,1,195,371,305,480,0.870417893,1
1,245.6336784,300.0411701,132.4930382,132.4930573,95.61685324,0,forward,-4.03069803,10.26597676,1,192,370,302,480,0.86411804,1
1,245.9734535,302.3025799,131.1266518,131.1266899,96.00579143,0,forward,-2.639446701,10.53734725,1,189,371,302,480,0.858549535,1
1,247.6552582,301.9333649,130.2677155,130.2676678,95.84122896,0,forward,-2.552407819,10.44537305,1,181,376,300,480,0.815884113,1
1,249.8334885,302.7030659,130.7744598,130.7744408,96.36167884,0,forward,-3.827709342,9.455047526,1,186,377,301,480,0.871270359,1
1,246.239357,300.8191395,134.5700455,134.5701027,95.93102336,0,forward,-2.562068036,10.35185588,1,186,377,298,480,0.864189148,1
1,269.7960091,293.2666683,120.3045464,120.3048706,97.31934071,0,forward,7.084652981,7.993458984,1,183,376,294,480,0.881335139,1
1,271.5867996,296.2413311,121.4510345,121.4512253,96.85807824,0,forward,6.209997685,7.288188333,1,185,376,294,480,0.88715589,1
1,269.3761253,296.3151169,121.8968391,121.8970013,96.35298252,0,forward,5.614827556,7.078477778,1,185,376,294,480,0.887405694,1
1,251.4898491,302.540102,126.7836952,126.7837715,96.80485129,0,forward,0.427406077,9.908171783,1,183,375,299,480,0.89096719,1
1,249.4570541,302.6961994,125.4031754,125.4031563,96.10751271,0,forward,0.496486091,10.74500693,1,192,371,302,480,0.862344503,1
1,246.1374664,299.9444675,131.5593719,131.559391,95.59293389,0,forward,-0.380155641,9.601936235,1,187,372,300,480,0.868923903,1
2,247.0467186,298.2804394,129.5269203,129.5269203,95.08860111,0,forward,-2.525924937,10.50853821,1,183,372,298,480,0.845671833,1
2,248.5139656,296.5897751,128.0899239,128.0899715,93.07545424,0,forward,-0.512279238,10.54498888,1,190,365,298,480,0.888338208,1
2,248.4879112,298.9977264,129.996357,129.9964428,93.31607819,0,forward,-1.393227456,11.3668458,1,190,365,297,480,0.89544642,1
2,248.1930542,299.2815399,129.0573883,129.0573406,95.12777925,0,forward,-0.228796364,10.69225758,1,187,369,296,480,0.886365771,1
2,245.7064819,298.2381535,131.8112946,131.8112183,94.55045462,0,forward,-0.307380488,10.09531412,1,186,370,298,480,0.875604391,1
2,247.4456024,298.6510563,131.2443924,131.2444496,95.47467232,0,forward,-0.955909039,10.17400972,1,187,370,296,480,0.900113583,1
2,245.2916145,298.0733013,133.6296272,133.62957,95.17456293,0,forward,-2.31142015,10.37588944,1,186,370,297,480,0.895714402,1
1,244.924469,298.7993717,131.5310287,131.5309525,95.02650499,0,forward,-0.415803588,9.851046434,1,187,370,297,480,0.897521973,1
2,247.1546555,299.9259281,128.561821,128.5617828,95.26773691,0,forward,-1.179445712,10.06042577,1,188,369,297,480,0.895404875,1
0,0,0,0,0,0,0,down,-15,10,0,0,0,0,0,0,1
1,208.3598328,223.0850029,146.8824387,146.8824291,75.82675815,0,forward,9.528699174,5.209719169,0,0,0,0,0,0,1
1,219.8867989,221.2482834,138.7885857,138.7886524,84.25287604,0,forward,9.668242015,4.6868932,0,0,0,0,0,0,1
1,223.3578682,224.0927982,144.0397835,144.0396309,89.01007175,0,forward,7.106236376,3.514242629,0,0,0,0,0,0,1
1,228.257618,217.6348114,152.5331688,152.5329208,86.31716967,0,down,-15,10,0,0,0,0,0,0,1
1,239.5818901,211.353035,145.0808144,145.0809002,82.07561374,0,down,-15,10,0,0,0,0,0,0,1
1,249.7416496,217.9499531,148.3226967,148.3226681,75.35939217,0,down,-15,10,0,0,0,0,0,0,1
1,260.8321381,225.783062,135.8771515,135.8771038,82.20095038,0,down,-15,10,0,0,0,0,0,0,1
1,259.0367126,223.7107372,131.9681549,131.968174,81.21086359,0,down,-15,10,0,0,0,0,0,0,1
1,262.2299194,223.2235622,132.3115158,132.3116112,78.21549773,0,down,-15,10,0,0,0,0,0,0,1
1,258.1513405,228.1785679,147.5921822,147.5921917,83.38669538,0,down,-15,10,0,0,0,0,0,0,1
1,264.9559593,224.6601105,136.7432213,136.7431927,83.62754583,0,down,-15,10,0,0,0,0,0,0,1
1,260.8332062,222.5731373,140.2507019,140.2506924,82.05097914,0,down,-15,10,0,0,0,0,0,0,1
1,256.4183235,231.3064671,147.901516,147.9014397,80.76300025,0,down,-15,10,0,0,0,0,0,0,1
1,262.077446,224.4471359,137.7385712,137.7384853,79.32965159,0,down,-15,10,0,0,0,0,0,0,1
1,262.3989677,220.8573246,134.753933,134.7538662,78.29642892,0,down,-15,10,0,0,0,0,0,0,1
1,244.1810417,221.7257595,157.2999763,157.2999573,68.54529977,0,down,-15,10,0,0,0,0,0,0,1
1,237.6513863,231.4606762,159.0776634,159.0776539,60.62310338,0,down,-15,10,0,0,0,0,0,0,1
1,233.8244629,220.3411961,135.3897858,135.3895855,67.86130071,0,down,-15,10,0,0,0,0,0,0,1
2,241.9934082,222.6694393,121.231575,121.2312412,61.10182405,0,down,-15,10,0,0,0,0,0,0,1
1,257.0919037,224.815464,130.8189011,130.8189297,81.94063902,0,down,-15,10,0,0,0,0,0,0,1
1,258.91325,224.129734,123.9220619,123.9220905,78.07091475,0,down,-15,10,0,0,0,0,0,0,1
1,255.0148201,223.0689526,142.6931572,142.6930618,84.94694233,0,down,-15,10,0,0,0,0,0,0,1
1,252.6015663,223.6079121,137.9898262,137.989769,83.34569335,0,down,-15,10,0,0,0,0,0,0,1
1,257.3429108,223.0037785,132.286644,132.2866058,79.67798114,0,down,-15,10,0,0,0,0,0,0,1
1,255.411129,221.70928,133.3754921,133.3755112,80.73555231,0,down,-15,10,0,0,0,0,0,0,1
1,259.2666626,223.2923985,138.5879898,138.5879803,69.75439191,0,down,-15,10,0,0,0,0,0,0,1
1,265.0785446,214.7656059,131.3212204,131.3213253,72.07913995,0,down,-15,10,0,0,0,0,0,0,1
1,260.0061226,218.7931538,134.9320793,134.9320507,63.31635714,0,down,-15,10,0,0,0,0,0,0,1
1,255.6713867,226.0935402,141.5699387,141.5697384,75.28780699,0,down,-15,10,0,0,0,0,0,0,1
1,252.4953079,231.2861538,145.1087189,145.1085377,84.908849,0,down,-15,10,0,0,0,0,0,0,1
1,249.6891975,226.5739346,147.308712,147.3085785,81.9603622,0,down,-15,10,0,0,0,0,0,0,1
1,251.2674713,234.222765,145.2058029,145.2057266,79.23159003,0,down,-15,10,0,0,0,0,0,0,1
1,256.1153221,228.6165905,138.3625221,138.36236,79.49925065,0,down,-15,10,0,0,0,0,0,0,1
1,252.4245644,234.0186024,153.472538,153.4721661,74.63440895,0,down,-15,10,0,0,0,0,0,0,1
1,250.733757,245.6592464,145.2051163,145.2052402,75.76296926,0,down,-15,10,1,260,427,360,479,0.700202048,1
1,253.214283,245.0775146,141.7426109,141.7427731,82.06228614,0,down,-15,10,0,0,0,0,0,0,1
1,249.9599648,237.0991802,141.2267876,141.2266159,74.1900146,0,down,-15,10,1,251,403,352,479,0.815354168,1
1,255.2572632,233.3707237,136.5034485,136.5032673,79.37254906,1,down,-15,10,0,0,0,0,0,0,1
1,262.9559517,227.3071575,122.323246,122.3232365,78.0049324,2,down,-15,10,0,0,0,0,0,0,1
1,262.3729134,225.0260067,117.780056,117.7800751,79.14672494,1,down,-15,10,0,0,0,0,0,0,1
1,260.005703,227.7078438,112.2662544,112.2662544,83.26776624,2,down,-15,10,0,0,0,0,0,0,1
1,261.8914986,226.257906,119.4244576,119.4244766,81.68318868,2,down,-15,10,0,0,0,0,0,0,1
1,257.8550911,223.8172817,122.1577644,122.1577263,83.28701258,2,down,-15,10,0,0,0,0,0,0,1
1,256.8942451,224.8051357,120.54533,120.545311,80.82496524,2,down,-15,10,0,0,0,0,0,0,1
1,254.4549751,222.4589825,129.2111397,129.2111778,83.03897381,1,down,-15,10,0,0,0,0,0,0,1
1,257.6968575,221.1724949,125.6015968,125.6015682,83.39602947,1,down,-15,10,0,0,0,0,0,0,1
1,252.6300049,222.9565144,130.7888794,130.7888603,83.20527673,1,down,-15,10,0,0,0,0,0,0,1
1,255.6207657,219.7139454,130.3095627,130.3095531,83.04621577,2,forward,8.41798607,2.265600789,0,0,0,0,0,0,0
1,264.1781616,223.5402489,126.0485077,126.0484886,82.29193687,2,down,-15,10,0,0,0,0,0,0,1
1,261.9375038,232.3758316,123.0537224,123.0535412,79.48057652,2,down,-15,10,0,0,0,0,0,0,1
1,258.9195061,225.3526211,120.5078316,120.5078602,78.92401814,2,down,-15,10,0,0,0,0,0,0,1
1,260.6187248,223.2149792,123.4165764,123.416605,77.43752003,2,down,-15,10,0,0,0,0,0,0,1
1,257.6245308,225.5260849,124.8395729,124.839592,78.12184691,1,down,-15,10,0,0,0,0,0,0,1
1,258.1990242,220.2618885,126.349926,126.349926,79.54179645,2,down,-15,10,1,194,426,436,479,0.606712639,1
1,250.3071976,224.3632793,132.6217651,132.6216888,83.23420882,2,down,-15,10,0,0,0,0,0,0,1
1,255.1651001,222.4457932,128.7113571,128.7112713,82.06059933,2,down,-15,10,0,0,0,0,0,0,1
1,250.7452393,223.9695454,144.4042206,144.4040966,77.57945657,1,down,-15,10,0,0,0,0,0,0,1
1,257.6275253,221.3847256,134.0065384,134.0065098,80.04004955,0,down,-15,10,1,245,367,343,454,0.750283122,1
1,253.8264465,224.2436314,138.992691,138.992672,76.41447783,0,down,-15,10,0,0,0,0,0,0,1
1,249.9462318,223.9904881,141.368351,141.3682938,81.17161989,0,down,-15,10,1,237,376,335,479,0.714776158,1
1,252.7178955,224.6726418,123.315773,123.3157253,83.0984056,0,down,-15,10,0,0,0,0,0,0,1
1,247.4448395,226.2167645,135.8649063,135.8648872,85.31651497,0,down,-15,10,1,243,387,353,479,0.710615575,1
1,249.0627289,223.5128117,134.3880844,134.3879986,83.55153203,0,down,-15,10,0,0,0,0,0,0,1
1,252.7809906,222.0853615,135.6450272,135.6450176,80.12082577,0,down,-15,10,0,0,0,0,0,0,1
1,252.3010635,225.4211998,138.4793472,138.4792614,79.25031185,0,down,-15,10,0,0,0,0,0,0,1
1,258.9181328,225.365696,136.2303352,136.2302113,82.36465454,0,down,-15,10,0,0,0,0,0,0,1
1,255.8618546,222.446909,141.3635254,141.3635159,81.59985542,0,down,-15,10,1,249,375,351,468,0.668468773,1
1,248.80867,224.3657398,145.4439926,145.4439068,79.58000302,0,down,-15,10,0,0,0,0,0,0,1
1,256.3369179,222.5150013,136.0787773,136.0787201,80.43040633,0,down,-15,10,0,0,0,0,0,0,1
1,254.1426468,221.8304443,135.1544189,135.1543522,82.09323883,0,down,-15,10,1,246,359,344,467,0.694375217,1
1,262.0944786,224.4339466,121.6632652,121.6632843,74.75481033,0,down,-15,10,0,0,0,0,0,0,1
1,258.1572533,231.4032555,117.6877785,117.6877499,85.03668308,2,down,-15,10,0,0,0,0,0,0,1
1,254.4852066,236.947403,113.8531876,113.8530064,81.03783727,2,down,-15,10,0,0,0,0,0,0,1
1,252.6967621,230.9212589,116.7466354,116.7465019,82.90182948,2,down,-15,10,0,0,0,0,0,0,1
1,252.5068665,228.1919575,113.9806366,113.9804649,84.08595324,2,down,-15,10,0,0,0,0,0,0,1
1,251.6557312,223.6717701,118.1231308,118.1230831,85.0759089,2,down,-15,10,0,0,0,0,0,0,1
1,256.1177063,222.8574657,121.4147186,121.4147186,82.50176907,2,down,-15,10,0,0,0,0,0,0,1
1,254.5949364,222.5660133,135.1397514,135.1396751,75.24608374,1,down,-15,10,0,0,0,0,0,0,1
1,247.971077,225.3337669,147.46315,147.4629879,80.3812027,0,down,-15,10,0,0,0,0,0,0,1
1,246.5421867,221.0106182,135.1423836,135.1422501,87.11960912,0,down,-15,10,0,0,0,0,0,0,1
1,243.821888,222.8292561,139.8199272,139.8199368,84.64828134,0,down,-15,10,1,238,379,336,465,0.701269627,1
1,248.0944443,222.2203159,134.7163773,134.716301,80.77944517,0,down,-15,10,0,0,0,0,0,0,1
1,252.3951912,221.1390209,132.0915413,132.0915413,78.90497446,0,down,-15,10,0,0,0,0,0,0,1
1,251.9896507,224.6189976,138.1016731,138.1015778,82.90189505,0,down,-15,10,0,0,0,0,0,0,1
1,253.0045319,228.0724239,138.5201645,138.5199451,79.99034524,0,down,-15,10,0,0,0,0,0,0,1
1,258.0382729,219.2754078,133.9792824,133.9793015,76.07379556,0,down,-15,10,1,248,397,362,479,0.759313166,1
1,258.8951111,221.2771225,130.9122849,130.9123993,69.82731223,0,down,-15,10,0,0,0,0,0,0,1
1,253.1188965,217.907896,123.6859512,123.6860275,76.01729631,0,down,-15,10,1,260,409,356,479,0.751560092,1
1,258.1585503,219.8804855,128.0079079,128.0081463,81.61594868,0,down,-15,10,1,253,409,360,480,0.791317165,1
1,254.9043083,216.3863754,126.5784264,126.5786362,74.86325502,0,down,-15,10,1,257,412,362,480,0.780735314,1
1,255.8131981,219.5966721,124.6601677,124.6602345,75.46545863,0,down,-15,10,1,275,425,374,478,0.678322494,1
1,253.8718605,220.3220272,133.7185097,133.7185478,84.83899832,0,down,-15,10,0,0,0,0,0,0,1
1,251.1264801,223.5089493,130.2386856,130.238657,80.37136197,0,down,-15,10,0,0,0,0,0,0,1
1,256.5484428,219.7569466,125.5907631,125.5909252,82.91500211,0,down,-15,10,0,0,0,0,0,0,1
1,255.5405617,220.4855633,123.710537,123.7106895,77.66625285,0,down,-15,10,0,0,0,0,0,0,1
1,251.567955,219.7144032,134.0340424,134.0340328,78.97316813,0,down,-15,10,0,0,0,0,0,0,1
1,250.9760857,219.8982239,132.7408409,132.7409077,77.36119032,0,down,-15,10,0,0,0,0,0,0,1
1,254.7135735,221.035881,124.1984367,124.198494,79.66441512,0,down,-15,10,0,0,0,0,0,0,1
1,258.3201027,220.0364113,124.1815758,124.1816998,79.4282794,0,down,-15,10,0,0,0,0,0,0,1
1,257.0782471,224.2022896,134.4756699,134.4757175,81.24887943,0,down,-15,10,1,244,445,353,479,0.607691109,1
1,250.0608826,224.7205639,143.3413315,143.3412266,74.10600185,0,down,-15,10,1,240,440,343,480,0.670745075,1
1,254.8343468,223.2962894,134.9168968,134.9168301,76.72502398,0,down,-15,10,1,241,438,342,480,0.672322094,1
1,252.6310921,224.5805454,147.5291252,147.5290203,76.98494792,0,down,-15,10,1,240,441,346,480,0.742969215,1
2,239.2549324,228.4468746,154.4295692,154.4292927,75.26997924,0,down,-15,10,0,0,0,0,0,0,1
1,258.3555794,218.7901211,130.0049019,130.0051117,80.17527461,0,down,-15,10,0,0,0,0,0,0,1
1,269.8432922,213.7596416,114.7913742,114.7914505,71.52311802,2,down,-15,10,0,0,0,0,0,0,1
1,260.0196838,210.4955864,122.7142715,122.7144814,76.00219846,2,down,-15,10,0,0,0,0,0,0,1
1,255.1506042,214.8852253,123.8150024,123.8150597,79.22921181,2,down,-15,10,0,0,0,0,0,0,1
1,251.6883469,215.3595829,117.2101974,117.2101879,87.34773397,2,down,-15,10,0,0,0,0,0,0,1
1,255.2085114,222.3569012,122.0543671,122.0544147,84.8043859,2,down,-15,10,0,0,0,0,0,0,1
1,261.6274261,222.7521229,119.8591614,119.8591805,79.75782156,2,down,-15,10,0,0,0,0,0,0,1
1,256.163311,223.9839935,124.5418739,124.5417881,81.40793443,2,down,-15,10,0,0,0,0,0,0,1
1,249.6940041,220.7048321,131.1129189,131.1128712,79.8664391,2,down,-15,10,0,0,0,0,0,0,1
1,256.4846039,220.3833103,119.0769577,119.0769482,74.10435677,2,down,-15,10,0,0,0,0,0,0,1
1,255.3697205,217.0715904,121.385498,121.385622,81.25951886,1,down,-15,10,0,0,0,0,0,0,1
1,229.7342491,206.4024639,133.6073494,133.607254,63.49483728,2,down,-15,10,0,0,0,0,0,0,1
1,247.1770287,222.0659924,120.0636101,120.063715,75.15313029,2,down,-15,10,0,0,0,0,0,0,1
1,252.0085907,217.4832058,125.9804916,125.9806252,73.99610281,2,down,-15,10,0,0,0,0,0,0,1
1,255.1851273,215.9027195,120.4529953,120.4530716,74.89263415,1,down,-15,10,1,251,437,420,478,0.626272857,1
1,250.923233,223.4062672,131.879158,131.8790817,86.97831631,1,down,-15,10,0,0,0,0,0,0,1
1,254.0358162,225.3519917,127.0721626,127.0721054,82.30803609,1,down,-15,10,0,0,0,0,0,0,1
1,243.3489609,220.7164478,141.8451691,141.8450546,85.27781367,1,down,-15,10,1,243,377,342,463,0.613530815,1
1,244.5290947,223.7825489,132.9781914,132.9780579,88.80801797,1,down,-15,10,1,242,374,340,457,0.745309532,1
1,250.6167603,225.0443172,118.6760712,118.6761475,70.3068018,1,down,-15,10,0,0,0,0,0,0,1
1,260.039959,223.9445686,124.016552,124.0165901,76.18139982,1,down,-15,10,0,0,0,0,0,0,1
1,268.7530899,224.957056,125.2977753,125.2978134,70.84403038,0,down,-15,10,1,244,374,345,469,0.724307299,1
1,256.531086,223.5195065,125.7018089,125.7017326,78.19991112,0,down,-15,10,0,0,0,0,0,0,1
1,249.0010834,209.6417999,117.2940445,117.2939301,74.6409297,0,down,-15,10,1,244,369,341,462,0.604156792,1
1,245.1922417,222.2924995,140.5950737,140.5949306,86.41706109,0,down,-15,10,1,254,374,354,466,0.752013505,1
1,245.0156975,223.8386822,132.2872353,132.287178,81.78339601,1,down,-15,10,0,0,0,0,0,0,1
1,245.0172043,226.2877178,145.8298111,145.8297443,80.96759319,0,down,-15,10,0,0,0,0,0,0,1
1,258.5669327,228.9160824,140.1075363,140.1074696,80.55399656,0,down,-15,10,1,261,419,367,479,0.73452121,1
1,257.902298,224.7045994,142.8263855,142.8264999,84.68199968,0,down,-15,10,0,0,0,0,0,0,1
1,259.081459,223.1000233,124.2731094,124.2731667,71.2444365,0,down,-15,10,0,0,0,0,0,0,1
1,260.1164436,222.3963261,132.6132393,132.6132774,81.00783825,0,down,-15,10,0,0,0,0,0,0,1
1,261.5768051,224.1612911,135.2730942,135.2731133,78.95742059,0,down,-15,10,0,0,0,0,0,0,1
1,262.522049,220.577116,129.8806381,129.8807144,80.40806055,0,down,-15,10,0,0,0,0,0,0,1
1,255.1616859,230.1591396,137.5364876,137.5363541,80.71034551,0,down,-15,10,0,0,0,0,0,0,1
1,257.1687317,227.7340794,133.4399414,133.4398842,72.47240543,0,down,-15,10,0,0,0,0,0,0,1
1,262.3899078,226.1095619,129.6280289,129.627943,75.3051579,0,down,-15,10,0,0,0,0,0,0,1
1,256.4234543,226.4889908,139.4280243,139.4279194,76.24577284,0,down,-15,10,0,0,0,0,0,0,1
1,253.5012436,227.4831676,139.6995163,139.6994591,78.62127423,0,down,-15,10,0,0,0,0,0,0,1
1,251.7726135,228.1181431,131.8394089,131.8392849,82.28462934,0,down,-15,10,0,0,0,0,0,0,1
1,262.1000481,226.7105198,121.1977577,121.1976814,81.87230229,2,down,-15,10,0,0,0,0,0,0,1
1,252.4760818,227.9775524,128.380127,128.380022,83.28199387,2,down,-15,10,0,0,0,0,0,0,1
1,250.716095,222.6529026,126.9699097,126.9698238,83.28660131,2,down,-15,10,0,0,0,0,0,0,1
1,256.0687637,222.037096,122.770462,122.7705002,84.49178338,2,down,-15,10,0,0,0,0,0,0,1
1,248.795166,226.4553738,130.3696442,130.369606,83.28595757,2,down,-15,10,0,0,0,0,0,0,1
1,251.43013,224.6065235,126.439209,126.4391613,83.75751972,2,down,-15,10,0,0,0,0,0,0,1
1,249.9149323,223.1360435,128.3683395,128.3682919,84.79353786,2,down,-15,10,0,0,0,0,0,0,1
1,251.725769,224.6279812,123.6185837,123.6184502,90.59683084,0,down,-15,10,0,0,0,0,0,0,1
1,251.4585495,224.2684937,122.8955078,122.8955555,88.48982453,0,down,-15,10,0,0,0,0,0,0,1
1,249.0223312,223.8000011,127.9861069,127.9859734,84.06452537,0,down,-15,10,1,255,372,359,477,0.808559358,1
1,247.8343773,225.5546379,131.0027122,131.0027218,90.75762033,0,down,-15,10,1,244,372,354,476,0.76014185,1
1,248.7686348,222.0750904,132.1722603,132.1721649,86.91499829,0,down,-15,10,1,251,373,359,471,0.642261982,1
1,250.0830841,223.3515072,129.1197586,129.1196251,86.40733361,0,down,-15,10,0,0,0,0,0,0,1
1,246.5007591,223.4809685,130.7659721,130.7659435,81.96219206,0,down,-15,10,0,0,0,0,0,0,1
1,249.0730095,222.0251369,129.7356224,129.7354889,86.16183996,0,down,-15,10,1,237,385,350,462,0.625311613,1
1,246.7983818,222.9555416,127.8630257,127.8628635,87.44723797,0,down,-15,10,0,0,0,0,0,0,1
1,243.7909126,221.750536,131.3965416,131.3964272,88.28762174,0,down,-15,10,0,0,0,0,0,0,1
1,251.9524193,224.0581512,122.2924614,122.2923946,88.02977204,1,down,-15,10,0,0,0,0,0,0,1
1,254.7854805,225.7876682,117.0184135,117.0184708,83.54754448,0,down,-15,10,0,0,0,0,0,0,1
1,247.3914909,225.3787136,135.4044914,135.404377,82.3171556,1,down,-15,10,0,0,0,0,0,0,1
1,249.4001579,227.2272205,136.9714165,136.9712448,79.77538109,1,down,-15,10,0,0,0,0,0,0,1
1,253.6715698,229.8504066,131.789856,131.7897606,82.60590434,1,down,-15,10,0,0,0,0,0,0,1
1,256.5971375,230.285511,136.012764,136.0126305,78.18580866,1,down,-15,10,0,0,0,0,0,0,1
1,272.3498535,221.3784313,131.8788528,131.8789101,84.22373533,0,down,-15,10,1,257,384,359,473,0.646224737,1
1,279.3550301,220.9153461,134.6478081,134.6478939,76.90357566,0,down,-15,10,0,0,0,0,0,0,1
1,273.176899,221.7223263,139.6524239,139.6523666,79.15979624,0,down,-15,10,1,248,405,352,480,0.810368419,1
1,264.4483757,221.3173771,130.4487038,130.4488564,78.11273932,0,down,-15,10,0,0,0,0,0,0,1
1,255.9488869,228.5013771,141.2758446,141.2757397,79.15373445,0,down,-15,10,0,0,0,0,0,0,1
1,253.9702225,224.1846943,127.58358,127.5835991,80.08486629,0,down,-15,10,0,0,0,0,0,0,1
1,249.7227859,230.5662346,134.4096756,134.4095707,82.62324929,0,down,-15,10,0,0,0,0,0,0,1
1,253.5110855,225.4507542,129.4625473,129.4624901,79.07975316,0,down,-15,10,0,0,0,0,0,0,1
1,259.8961258,227.5414753,128.3579254,128.3579063,83.21194053,0,down,-15,10,1,245,420,340,479,0.640493393,1
1,261.054554,228.9999676,132.5395012,132.5394917,84.03061032,0,down,-15,10,0,0,0,0,0,0,1
1,253.1382561,225.8023167,143.4239769,143.4238243,70.06149292,0,down,-15,10,0,0,0,0,0,0,1
1,257.3683739,224.6797657,140.4734993,140.4732513,74.32409525,0,down,-15,10,0,0,0,0,0,0,1
2,252.5139236,236.6859627,176.2363815,176.2360668,58.53024125,0,down,-15,10,0,0,0,0,0,0,1
1,235.3658867,238.6770058,157.9229546,157.9228878,68.5738802,0,down,-15,10,0,0,0,0,0,0,1
1,248.1365395,224.9349689,132.1619606,132.1619225,72.87606597,0,down,-15,10,0,0,0,0,0,0,1
1,258.5198593,221.4081573,121.8013,121.8014431,77.58345008,0,down,-15,10,1,264,428,366,479,0.694685936,1
1,261.5174103,217.8895283,126.2759399,126.2761974,77.45853662,0,down,-15,10,1,267,428,366,479,0.706697702,1
1,260.0660324,218.7717819,127.2633362,127.2634792,82.75316358,0,down,-15,10,1,265,424,365,479,0.660593867,1
1,260.4394913,222.9314232,115.9919739,115.9920788,78.60202193,0,down,-15,10,1,264,427,366,479,0.629178107,1
1,252.5720787,225.5617046,138.5053062,138.5052681,80.27889132,0,down,-15,10,1,269,425,368,479,0.600539863,1
1,246.9803047,225.2325153,138.3902168,138.3901405,78.41690779,0,down,-15,10,0,0,0,0,0,0,1
1,253.6635017,223.5525227,135.730381,135.7303905,83.87671709,0,down,-15,10,1,277,425,373,479,0.642781079,1
1,251.4414024,231.4336681,126.2837029,126.2838078,82.14135766,0,down,-15,10,1,274,426,374,479,0.664294064,1
1,256.4736366,231.3975048,134.1463661,134.146328,85.26952863,0,down,-15,10,1,276,424,372,478,0.617705584,1
1,259.924202,236.7359447,135.4408264,135.4408264,84.83233452,0,down,-15,10,1,274,422,373,479,0.682667017,1
1,256.0610199,230.2570438,138.5406494,138.5406017,83.31101537,0,down,-15,10,0,0,0,0,0,0,1
1,260.2457047,221.9100666,131.9157028,131.9157028,82.11981654,0,down,-15,10,0,0,0,0,0,0,1
1,256.3595581,225.697546,125.7579041,125.7578373,81.63947463,0,down,-15,10,1,269,434,376,478,0.658619583,1
1,253.5579872,229.8997879,137.5927544,137.5926876,79.05301452,0,down,-15,10,1,273,415,379,480,0.628394663,1
1,256.7490005,221.5074062,129.3633652,129.3634415,79.59532738,0,down,-15,10,0,0,0,0,0,0,1
1,296.4913177,275.4961109,154.8091507,154.8090363,93.44733953,0,forward,11.03206607,2.274054515,0,0,0,0,0,0,0
1,296.2807655,276.6129398,152.9236031,152.9236221,94.29470897,0,forward,7.865296519,8.609239723,0,0,0,0,0,0,0
1,296.2197495,278.9402103,152.6937485,152.6937103,92.89823771,0,forward,9.945622618,5.007983494,0,0,0,0,0,0,0
1,298.9736557,275.1410294,149.6249008,149.6248913,92.94874072,0,forward,12.19371573,1.689595537,0,0,0,0,0,0,0
1,300.1978683,277.1820831,146.8557358,146.8558216,93.74092221,0,forward,13.15197101,0.123424249,0,0,0,0,0,0,0
1,306.494236,271.555481,153.3282661,153.3281994,91.55545831,0,right,14.50194069,-11.86251552,0,0,0,0,0,0,1
1,309.4508362,270.9886837,151.2587738,151.2585068,92.46711135,0,right,14.20395333,-17.28491396,0,0,0,0,0,0,1
1,297.7999306,274.7203445,154.5314598,154.5313168,93.0539906,0,forward,11.77796124,0.623175808,0,0,0,0,0,0,0
1,297.3780251,275.3796101,153.5923576,153.5923004,93.66852045,0,forward,12.09864977,3.39339777,0,0,0,0,0,0,0
1,294.4676018,275.9375095,149.6131325,149.6133614,92.16584563,0,left,9.488399524,16.77156376,0,0,0,0,0,0,1
1,285.8309937,272.3898697,151.9533157,151.9534779,92.27800965,0,left,6.06056291,19.18742011,0,0,0,0,0,0,1
1,283.672123,269.1854095,153.5995674,153.5996532,88.99612427,0,left,6.076013497,18.98375647,0,0,0,0,0,0,1
1,287.6326561,266.8910694,146.1375999,146.137619,90.74883461,0,left,10.73163209,18.05383874,0,0,0,0,0,0,1
1,289.3475533,264.2892551,145.0891685,145.0891685,90.64592719,0,left,13.38944459,15.29172121,0,0,0,0,0,0,1
1,294.9129868,272.1191311,139.4625854,139.4626236,91.50200486,0,forward,11.92596045,13.11800187,0,0,0,0,0,0,0
1,287.1999931,274.4458008,150.6391335,150.6390095,92.68110991,0,forward,9.860326373,14.40173782,0,0,0,0,0,0,0
1,286.0350609,276.7738438,156.223774,156.2238121,93.55300665,0,forward,5.667899038,12.46866282,0,0,0,0,0,0,0
1,288.6650658,276.4213085,156.2053871,156.2053871,93.84660125,0,forward,6.141560521,11.53930426,0,0,0,0,0,0,0
1,294.6154404,277.4708176,154.8384857,154.8385334,94.32525635,0,forward,9.108959986,-5.059951734,0,0,0,0,0,0,0
1,294.3468285,275.1306152,155.0490379,155.0489902,92.32286811,0,forward,9.519600194,-4.088592695,0,0,0,0,0,0,0
1,291.5356636,278.9880753,157.6086998,157.608633,94.72617507,0,forward,7.743818202,0.595982501,0,0,0,0,0,0,0
1,292.9291725,279.5477772,149.9396324,149.9396324,93.6909318,0,forward,7.130885051,3.289759505,0,0,0,0,0,0,0
1,277.5533295,278.737421,148.4288788,148.4290123,92.10342765,0,forward,6.811743482,7.044791954,0,0,0,0,0,0,0
1,288.917923,284.1901016,133.8370895,133.8371944,92.3928678,0,forward,9.33180156,8.215233478,0,0,0,0,0,0,0
1,296.2730026,286.8673325,127.0689392,127.0688152,91.88966751,0,forward,8.39644381,6.739540639,0,0,0,0,0,0,0
1,302.6288223,290.2263165,120.518837,120.5188751,93.8899219,0,forward,9.976297226,6.330351855,0,0,0,0,0,0,0
1,306.8578148,291.2758255,117.5609779,117.5610065,95.3722775,0,forward,13.18588264,-5.059497939,0,0,0,0,0,0,0
1,317.7814865,285.5058575,119.5316696,119.5314789,90.61995149,0,right,12.54854423,-22.14224624,0,0,0,0,0,0,1
1,321.9197464,289.7277546,116.5097046,116.5098381,91.44356251,0,right,12.40630831,-24.64899765,0,0,0,0,0,0,1
1,304.6435928,292.7588367,117.9351807,117.9350853,93.64904165,0,forward,12.23607227,4.994796389,0,0,0,0,0,0,0
1,293.6399651,289.9466228,120.7246208,120.7248688,93.36271286,0,left,8.778330176,17.50074921,0,0,0,0,0,0,1
1,291.2913132,290.782156,114.8888779,114.889183,90.83545804,0,left,6.61616204,19.33652478,0,0,0,0,0,0,1
1,292.918396,290.710001,115.4989624,115.4992104,89.88801241,0,left,7.231666198,18.92334566,0,0,0,0,0,0,1
1,296.3804817,279.4800568,116.1480141,116.148119,88.34914565,0,left,11.4269439,18.92021114,0,0,0,0,0,0,1
1,298.3205605,280.5808926,109.9769402,109.9770927,90.22357464,0,left,14.1766341,20.27559878,0,0,0,0,0,0,1
1,291.818428,283.9234257,120.1618195,120.1620483,90.94307423,0,left,10.94892921,16.57126368,0,0,0,0,0,0,1
1,291.6104507,294.879427,130.8960342,130.8963203,91.93782806,0,forward,6.81309141,13.83285516,0,0,0,0,0,0,0
1,287.0683479,290.9424305,141.401844,141.4019966,89.60921168,0,forward,2.697788988,12.81924809,0,0,0,0,0,0,0
1,294.875164,295.5348873,129.9191856,129.9193954,89.55026865,0,forward,4.585407575,2.365316032,0,0,0,0,0,0,0
1,305.1171112,293.5258198,124.9464035,124.9463081,92.89779067,0,right,6.367298854,-12.7232761,0,0,0,0,0,0,1
1,307.0674706,288.7111759,129.3676186,129.3677902,92.69933701,0,right,6.663054665,-11.93578477,0,0,0,0,0,0,1
1,307.9094124,291.2645245,118.9826012,118.9827347,95.63574195,0,right,11.22044358,-11.67464825,0,0,0,0,0,0,1
1,311.3364029,288.3411026,116.9745636,116.9746113,94.69214082,0,right,13.1482626,-10.70140686,0,0,0,0,0,0,1
1,306.9807625,288.3410168,118.1728935,118.1728935,95.00736594,0,forward,12.89439367,-4.9851369,0,0,0,0,0,0,0
1,304.9065971,297.2916698,114.1919136,114.1918373,92.6189959,0,forward,10.4715453,3.222971333,0,0,0,0,0,0,0
1,295.6581497,295.762682,129.9658203,129.9660301,92.03660488,0,forward,5.45055407,3.620714959,0,0,0,0,0,0,0
1,300.2445602,298.1418514,121.0857391,121.0858727,89.66175914,0,forward,5.782395937,-0.069783244,0,0,0,0,0,0,0
1,308.1743622,295.563612,123.3243561,123.3244514,95.84057331,0,forward,8.102651724,-6.913556382,0,0,0,0,0,0,0
1,312.5615501,291.9190693,122.5345802,122.5346947,95.6094861,1,forward,7.77705656,-7.141070341,0,0,0,0,0,0,0
1,311.2546921,292.8856945,120.6554031,120.6557465,96.60698771,1,forward,9.359684985,-6.10900515,0,0,0,0,0,0,0
1,312.2119141,292.8409481,118.315506,118.3158302,97.00708389,1,forward,7.578700089,2.06448668,0,0,0,0,0,0,0
0,0,0,0,0,0,1,down,-15,10,0,0,0,0,0,0,1
1,298.1257248,277.5748158,122.5384521,122.5385284,70.27490139,1,down,-15,10,0,0,0,0,0,0,1
1,290.9679794,287.8300953,112.9922867,112.9922104,85.08714437,1,forward,-3.399688705,1.329767628,0,0,0,0,0,0,0
1,289.2853928,283.932066,115.6341171,115.6340504,88.38828802,1,forward,-1.956837166,5.526157256,1,338,269,491,470,0.66440475,1
1,290.4401779,281.2418747,127.7880096,127.7876186,53.2379508,2,down,-15,10,0,0,0,0,0,0,1
1,286.1122513,283.5629368,135.0840378,135.0837135,61.33918166,0,down,-15,10,0,0,0,0,0,0,1
1,301.9186974,291.5963745,123.4905052,123.490591,89.1305387,1,left,5.354180841,15.33604783,0,0,0,0,0,0,1
1,296.3844109,290.2912903,126.9879341,126.9881344,91.61918759,1,forward,6.786999064,10.71881218,0,0,0,0,0,0,0
1,293.9683342,290.2275467,132.376194,132.3764133,90.8608675,1,forward,6.511978599,10.06263809,0,0,0,0,0,0,0
1,312.8402328,295.2715015,115.7826233,115.782795,83.28486085,1,forward,1.369843618,13.19154727,0,0,0,0,0,0,0
1,301.2799835,295.0065708,127.8440475,127.8444099,83.39491487,1,left,-6.293711662,17.07049135,0,0,0,0,0,0,1
0,0,0,0,0,0,1,down,-15,10,0,0,0,0,0,0,1
0,0,0,0,0,0,2,down,-15,10,0,0,0,0,0,0,1
0,0,0,0,0,0,0,down,-15,10,0,0,0,0,0,0,1
1,299.0994835,285.9788418,130.5620003,130.5620956,89.13730383,0,forward,1.766591709,9.281432661,1,310,373,419,479,0.81280458,1
1,292.9021645,287.6288509,134.5224571,134.5226669,88.23048472,0,forward,3.263812972,9.085373421,1,282,384,394,478,0.649288893,1
1,292.2378349,289.4004536,136.8611717,136.8613815,88.60381842,0,forward,2.753116437,10.32470691,0,0,0,0,0,0,0
1,289.8254585,289.9247074,146.2197685,146.2200737,90.26959538,0,forward,2.241099743,10.1486709,0,0,0,0,0,0,0
1,291.7022133,287.2763729,141.2278175,141.2282181,92.04348922,0,forward,3.207049951,10.8284788,0,0,0,0,0,0,0
1,291.753521,289.8910046,140.6275368,140.6279182,91.01481438,0,forward,3.6669923,10.29032595,0,0,0,0,0,0,0
1,291.0315895,289.7333908,139.6436501,139.6439266,88.88633847,0,forward,3.110260237,10.48269932,0,0,0,0,0,0,0
1,290.8728409,289.051981,141.0071182,141.0074043,89.42636251,0,forward,4.05089289,10.01436042,0,0,0,0,0,0,0
1,289.2102242,287.0230579,142.7685738,142.7688217,91.66957736,0,forward,2.758993979,10.08547395,0,0,0,0,0,0,0
1,293.2057381,289.2449284,136.3794136,136.3798141,91.07897878,0,forward,2.372914993,10.69821344,0,0,0,0,0,0,0
1,297.0636559,294.1285801,130.1584435,130.158577,64.65193629,0,down,-15,10,1,280,272,373,404,0.653317094,1
0,0,0,0,0,0,1,down,-15,10,0,0,0,0,0,0,1
1,305.9065056,291.1771774,117.3568535,117.3560429,50.12177229,1,down,-15,10,0,0,0,0,0,0,1
0,0,0,0,0,0,1,down,-15,10,0,0,0,0,0,0,1
1,292.9387665,283.3870983,133.8911819,133.8911819,77.68809199,1,left,4.437427092,16.34244553,0,0,0,0,0,0,1
1,294.7691917,288.4998035,134.1552162,134.1555977,90.81377387,0,forward,4.709719329,13.11423204,1,408,350,502,461,0.754967153,1
1,297.0407295,286.9466114,134.4626808,134.4629288,88.4549439,0,forward,7.742413885,13.73148277,1,428,338,522,446,0.763982236,1
1,297.4585915,285.8884335,135.5055046,135.5055428,90.474087,0,forward,6.698247658,13.38561202,1,434,336,522,445,0.69816649,1
1,295.6359673,286.8182373,139.874897,139.8752689,90.52012563,0,forward,5.342162364,12.80454673,1,428,332,516,427,0.809618831,1
1,294.2442894,292.0424366,137.9907417,137.9909706,87.90291548,1,forward,2.371267301,11.77499992,0,0,0,0,0,0,0
1,295.4562187,287.4109268,141.6187477,141.6190624,92.06476212,1,forward,3.107914584,10.73696839,1,359,321,515,480,0.641470551,1
1,316.3600159,289.6439838,102.8342056,102.8343201,73.21587205,0,down,-15,10,0,0,0,0,0,0,1
1,303.1487656,294.2748928,129.9769974,129.9772453,93.38470697,1,forward,5.924965694,5.038870191,0,0,0,0,0,0,0
1,300.8387756,290.7870197,131.0316467,131.0317039,93.98096204,1,forward,6.400842741,5.158603599,0,0,0,0,0,0,0
1,299.4265747,290.7677364,131.4707184,131.4709854,92.50511527,1,forward,6.030620995,5.732028887,0,0,0,0,0,0,0
1,319.8810577,295.6821442,116.2303162,116.2305737,81.00422621,1,forward,6.315246835,12.98616297,0,0,0,0,0,0,0
1,301.4635277,289.6618366,132.8575325,132.8569794,53.27364206,1,down,-15,10,0,0,0,0,0,0,1
1,322.6440048,295.7149029,112.5056839,112.5056648,72.44201899,1,down,-15,10,0,0,0,0,0,0,1
0,0,0,0,0,0,1,down,-15,10,0,0,0,0,0,0,1
